username,title,last rating,best rating
011jee, WFM,1991,1991
01roman, FM,2449,2544
03revilo, FM,2613,2613
05-828-ei, FM,2602,2697
0708gang, FM,2489,2494
0815original, FM,2445,2506
0blivi0usspy, GM,2962,3004
0gzpanda, IM,3152,3152
0ne_m0ve, NM,2557,2641
0zyxyz0, NM,2135,2155
1000suleyman, NM,2049,2234
100percentdirty, FM,2703,2750
107degrees, NM,2276,2366
11aresss, FM,2120,2120
11kevin, IM,2634,2652
123456789010chess, NM,2633,2708
123iambob123, NM,2436,2497
123lt, GM,2781,2803
124chess, GM,2585,2830
12teen, NM,2735,2930
13miracle, FM,2667,2833
13queen31, WFM,2740,2740
140mariam, WFM,2287,2361
14sokol88, FM,2456,2475
16wise, FM,2313,2405
1800_strength, FM,2857,2959
190l, NM,2233,2299
1977ivan, GM,2887,2875
1982lf, NM,2854,2951
1995tiger, WIM,2513,2513
19andi73, CM,2241,2262
1_corinthians_15-57, NM,2589,2626
1c4_1-0, CM,2219,2342
1d4_1-0, NM,2318,2445
1d51-0, NM,2199,2506
1e41-0, IM,3037,3051
1e41-o, NM,2454,2577
1g41-0, NM,2595,2703
1g60-1, FM,2599,2633
1gelm9ister, CM,1965,2389
1lec, NM,2194,2266
1lost6memory, CM,2176,2358
1mbl4, FM,2704,2726
1moodyman1, FM,2689,2747
1nf3_fan, FM,2201,2327
1nikolachess, IM,2394,2394
1scaramouche1, IM,1797,2401
1spongebob, WFM,2440,2503
1stsecond, GM,2912,3010
2007checkmate, CM,2774,2774
2008king, FM,2603,2659
200orbustqueen, WFM,2069,2226
2012vachamp, NM,2444,2534
20ofjuly, CM,2181,2443
21catch22, FM,2374,2458
21osakat, CM,1940,2139
2346pl, NM,2620,2730
23lq, WCM,1921,1943
2400fm, FM,2245,2245
24pablo209, NM,2385,2477
26andrej26, FM,2538,2720
2900tactinhos, FM,2509,2550
2bf41-0, GM,2917,2938
2coaches1profile, FM,2518,2631
2good4u734, NM,2283,2424
2killer2, FM,2463,2560
2krk1, IM,2721,2749
2ktngo, IM,2576,2656
2sks, CM,2139,2272
2slow2old, NM,2139,2142
2tilted, NM,2482,2597
2typicalchessplayer, CM,2578,2602
3ke31-0, NM,2616,2618
3ptdka, NM,2754,2796
3sp15-2, FM,2606,2740
46tumtrah, FM,2188,2455
4e4ako, FM,2256,2256
4empechement, WGM,2522,2542
4rs, FM,2451,2565
50tugrik, FM,2493,2548
55reszeltalma, CM,2401,2401
5sight, CM,2526,2567
60minban, IM,2457,2582
6262i, FM,2507,2507
64dreamschess, FM,2535,2536
64life, NM,1908,2096
6foot7foot, NM,2464,2464
6ixandahalf, FM,2530,2530
6packplayer, IM,2370,2370
7-the_dragon-7, FM,1904,2345
72hitman72, IM,2276,2441
777chessnok777, NM,2191,2412
7hanat, IM,2988,2988
7madman, FM,2451,2700
7next, WFM,1581,1812
84yormphaplau18, NM,2189,2336
911master, NM,2036,2112
94hawkeye, NM,1782,2099
99simooon, FM,2563,2705
a-adly, GM,2977,3007
a-druckenthaner, FM,2427,2539
a-fier, GM,2796,2948
a-s-00, WIM,2269,2431
a-shu, NM,2508,2533
a3aki, CM,2207,2289
a4rooka3, FM,2568,2689
a_black7, NM,2000,1938
a_ccelerator, CM,2455,2581
a_dorrance, FM,2600,2617
a_kandil, IM,2559,2658
a_morgunov, FM,2460,2597
a_off, FM,2245,2398
a_satan_sees_natasa, FM,2608,2610
a_trofimova, WIM,2255,2439
aa175, IM,2855,3069
aa95, FM,2491,2633
aaaao, IM,2814,2818
aakankshachess, WIM,2492,2519
aakash-dalvi7, FM,2903,2903
aalessia, WIM,2515,2463
aandi123, CM,2510,2533
aanna12, WFM,2282,2358
aanshnerurkar, FM,2617,2621
aaponter, CM,2314,2314
aaradhya_das-03, WCM,2259,2378
aaravdenglaofficial, IM,2718,2749
aariow, IM,2373,2639
aaron080803, IM,2713,2780
aaronbazanromero, FM,2713,2743
aaronmaster123, NM,2298,2432
aartikd, WCM,1354,1526
aaruaaka, FM,1528,1561
aash20, FM,2549,2594
aayaisyah, WFM,2211,2272
ab-lsv, FM,2378,2414
abasovn, GM,2919,3024
abbas99kh, FM,2402,2471
abbasifarhassan, GM,2232,2302
abbasovfarid1979, GM,2699,2713
abbesali, CM,2097,2255
abc13524, NM,2150,2159
abc_sir, WIM,2078,2178
abc_xyz4744, CM,2423,2536
abcdefghiandu, WFM,1572,1572
abcedarian, NM,2126,2222
abd-2025, CM,2195,2280
abdalagathos, FM,2520,2582
abdchess25, NM,2285,2361
abdelazeez-m, FM,2295,2393
abdimalik_abdisalimov, GM,2783,2916
abdoabedov, IM,2342,2342
abdodi, WCM,2302,2338
abdualbadani1973, FM,2057,2293
abdulovorkhan, IM,2593,2595
abduzhaparov, IM,2564,2576
abeautifulmasterpiece, CM,2660,2679
abechahrour, IM,2157,2220
abelbaumann, FM,2705,2725
abeljusto, FM,2201,2275
abetaneli, FM,2257,2482
abfchess, WIM,2346,2427
abhidabhi, GM,3044,3044
abhijeetgupta, GM,2981,2991
abhijeetgupta1016, GM,2854,3011
abhijeetonyoutube, GM,2913,2934
abhyak, GM,2450,2459
abigailcabezas, CM,1633,1788
abikor, IM,2415,2534
abinesh12345, CM,1267,1302
abrab_64, CM,1739,2185
abruptum, IM,2521,2533
absentzest, GM,2434,2562
absolutecinema420, CM,2247,2573
abu-alhussein, FM,2376,2416
abu_tyven_fra_bagdad, IM,2681,2840
abubakrtagelsir, FM,2515,2465
abuhanan, CM,1996,2122
abund, NM,2783,2888
abykhovsky, GM,2677,2899
ac-008, CM,2527,2540
ac0412, WFM,1988,2114
ac130-ghostrider, FM,2440,2646
ac_20, NM,2309,2426
aca_in_dubai, FM,2610,2625
academia3, NM,2283,2340
accce4ka, WFM,2174,2402
acceleratingwreckingball, FM,2784,2854
accidental-genius13, CM,2490,2557
acciochess, IM,2510,2598
ace-from-space, CM,2489,2504
ace01, WFM,1384,1508
ace_mar, NM,2730,2755
aceontheturn, GM,2860,2955
acer316, FM,2467,2531
acertijo08, CM,2502,2502
ach19, FM,2337,2488
achalachess, FM,2772,2816
achilleheel, FM,2411,2483
acidshazz, NM,2403,2526
acollins05, CM,2507,2676
acordeonist, FM,2450,2481
acostapablo, IM,2683,2787
acsintematei, FM,2448,2468
actuary44, CM,2565,2604
acva-alenok, FM,2601,2620
ad0406, NM,2392,2415
adaar, NM,1951,2126
adalberti, FM,2097,2420
adalex821, NM,2083,2100
adamhunt1, IM,2278,2538
adananpale, GM,2639,2649
adanap_04, CM,2354,2420
adapodadei, IM,2713,2790
adar_07, IM,2837,2932
adaro, GM,2905,2938
adarrey, NM,2487,2574
adarshisme, NM,2067,2303
adchek, CM,1981,2046
adekb2005, CM,2552,2576
adekrisna123, FM,2648,2707
adel1991, FM,2591,2630
adham_fawzy, GM,2938,2986
adham_hossam2011, CM,2325,2417
adhararr5, WFM,2229,2270
adic2020, FM,2538,2539
adidchess, FM,726,1926
adiosabu, GM,2593,2653
aditi_s6390, WCM,1857,2057
adityakudeshi, IM,2585,2685
adjorno, FM,2632,2628
admirale, FM,2621,2622
adnair, NM,2447,2478
adnan_habib, CM,2356,2555
adnan_nadimifar, FM,2449,2621
adnan_nn, FM,2730,2730
adodove, FM,2085,2133
adotand, GM,3025,3096
adreyd, CM,2457,2552
adrian-thorsen, CM,2357,2398
adrian_g19, CM,2293,2385
adriananikolova, WGM,2411,2563
adrianapalao, WCM,2051,2132
adrianconde, NM,2130,2243
adriangschnitzer, IM,2540,2586
adrianito15, CM,2078,2043
adrianmartelli, NM,2557,2592
adrianmiranda2008, CM,2160,2168
adrianonunesfx, CM,2375,2422
adrianpetrisor1992, IM,2520,2733
adricalderon8, IM,2487,2640
adrivillu, FM,2432,2488
advancedrook, CM,2689,2740
advanceguard4, FM,2682,2710
advicecabinet, CM,2499,2509
adwilhans, FM,2473,2571
adypady02, IM,2849,2904
aegean_eagle, CM,2608,2711
aeiiuu, IM,2809,2934
aekaki18, WFM,2121,2160
aemeffi, IM,2389,2473
aemulus20, NM,2700,2819
aereolineasvikingas, CM,2253,2462
aesthetically_roo, WFM,2275,2267
aevengho, FM,2572,2673
aexmi, FM,2364,2404
affleckkgb, FM,2158,2362
afgano29, GM,2603,2780
afkbiki, CM,2131,2354
afreshlyawakenedcapybara, GM,2850,2867
africanqueeeeen, WFM,1680,1938
afrimfejzullahu, FM,2171,2201
afterbite, IM,2607,2632
aftereverypartyidie, IM,2639,2687
afurozamurai, FM,2492,2560
agamat, WIM,1481,2157
agapov771, FM,2510,2654
agartha01, FM,2682,2682
ageladogato, WCM,1608,1162
agent-jl, NM,2701,2651
agent_bishopp, WIM,2362,2390
agent_jl, NM,2582,2584
agentxya, FM,2317,2328
aggressus, NM,2572,2641
aggy67, GM,2421,2597
aghasiyevkamal, IM,2710,2718
agibileg, IM,2670,2926
agilpirverdiyev777, FM,2151,2511
aglipay8oberio, NM,2455,2496
agnes66678, FM,2604,2615
agoking701, IM,2745,2779
agrigo3, WIM,2150,2379
agser, GM,2383,2853
aguiar94, FM,2656,2765
agus2007, NM,2358,2372
agus_kkk, FM,2657,2737
aguscm2018, CM,1877,2129
aguss_ok5, NM,2179,2225
agustin_meza, CM,2169,2325
agustinv04, FM,2616,2743
agw2016, IM,2669,2807
ahachess, WGM,2389,2424
ahappypawn, WGM,2459,2595
ahkashefi2800, FM,2595,2654
ahlamee, WFM,1545,1617
ahmad_alkhatib11, GM,2515,2645
ahmadalrahely9999, FM,2480,2683
ahmadnajjarchess, FM,2215,2298
ahmadzada13, IM,2816,2854
ahmadzadaa, GM,2950,2983
ahmedabdulsattar, FM,2132,2197
ahmedkandiliii, FM,2657,2783
ahmedotaleb, CM,2000,1966
ahmet_future2700, CM,2542,2626
ahmet_rd_1337, CM,2582,2583
aiakos2, WCM,1882,1971
aiaru-01, WFM,2549,2558
aibayt, GM,2496,2496
aicrossover, NM,2380,2526
aidannoo, WFM,2166,2207
aidnet, IM,2664,2693
aikiigm, IM,2542,2707
ailime26, WCM,2034,2299
ailirpemas, WFM,1657,1907
ailopatricaliy, NM,2326,2336
ainahia, IM,2470,2640
airgun1, GM,2421,2453
airopito7, FM,2581,2627
airquake, IM,2803,2880
airtones, NM,1926,1942
aisen1011, FM,2378,2516
aisha_zakirova, WCM,2239,2284
aistrel, FM,2675,2755
aizrawjath, FM,2506,2535
ajames1987, WFM,1723,2220
ajdemipopushi, IM,2363,2534
ajeale2, FM,2525,2584
ajedrecista3000, IM,2648,2708
ajedrez-facil, CM,2328,2328
ajedrez1101, CM,2414,2414
ajedrez_con_german, FM,2737,2758
ajedrezcapablanca, IM,2268,2337
ajedrezconpeter, IM,2622,2767
ajedrezdesilicio, FM,2458,2523
ajedrezencantabria, IM,2512,2521
ajedrezenmadrid, IM,2394,2698
ajedrezhn, IM,2414,2414
ajedrezhoy, IM,2406,2496
ajedrezinteligente, CM,2487,2635
ajedrezjulben, IM,2563,2656
ajedrezsinlimites, FM,2679,2767
ajeossi94, FM,2630,2633
ajgreen, NM,2366,2477
ajian, NM,2369,2607
ajkom197, FM,2416,2570
ajmo333, WFM,2374,2571
ajsc02, FM,2329,2418
ajschess1, NM,1908,2089
ak212v, WFM,2001,2372
akanga001, CM,2155,2199
akareen11, WFM,1563,1608
akashcheck, FM,2174,2353
akatsukiloghorizon, CM,2466,2431
akdog3, NM,2152,2350
akewjon, IM,2888,2922
akhairat, CM,2392,2453
akhandbharatkijay, FM,2100,2167
akhayan, FM,2384,2506
akhilesh_nagare, CM,2325,2512
akhmedov_david, FM,2719,2833
akiba182, CM,2455,2544
akiba63, IM,2338,2447
akibarubi, FM,2719,2826
akinov-akinseye, CM,1875,2124
akirafm, FM,2236,2351
aklan10n, CM,2462,2421
akmal_fayzullaev, IM,2529,2689
aknok, FM,2546,2611
akretchetov, FM,2555,2606
akromion2712, WIM,2240,2273
akrus, IM,2549,2647
akshatchandra, GM,2812,2890
akshatj101, NM,2126,2267
akshatkhamparia, IM,2444,2509
akshayraj_kore, GM,2511,2811
aksuliini1, FM,2643,2806
al-mudahka, GM,2654,2788
al_sa_co, CM,2515,2681
al_shima, FM,2554,2566
aladdinjafar, WNM,2161,2479
alainbruxelles, FM,2334,2479
alamukeja, FM,2321,2649
alamzhi21, FM,2636,2798
alanchamp, FM,2823,2957
alanna-cl, WCM,1700,1612
alannab01, WFM,2358,2376
alanzhang, NM,2254,2335
alaoneagain, WIM,2305,2434
albadelomass, WCM,2262,2388
albano87, FM,2110,2604
albayo, FM,2371,2647
albert-castillo, FM,2523,2523
albert_kloc, CM,2390,2505
albertiny1, NM,2097,2318
albertliang01, NM,2118,2118
albertoarnedo, NM,2254,2425
albertochueca, IM,2434,2559
albertopierce, CM,2261,2272
albertoratone, IM,2662,2662
albertu, FM,2548,2553
albi1999, IM,2705,2768
albita10, WCM,1731,1843
alblooshi_hamad, CM,2304,2353
albras, FM,1970,2342
albtb, NM,2538,2538
albussevrespotter, FM,2642,2670
alcarazor, FM,2230,2471
alchesschampion, FM,2488,2494
alcohol, CM,2412,2508
alconjohndatu, FM,2262,2503
aldobaral56, CM,2304,2248
aldokhinivan, IM,2677,2804
alea_iac-ta_est, FM,2353,2428
alebrahim, CM,2177,2177
aleccable, FM,2379,2556
alechin28, FM,2502,2538
alefedorov, GM,2609,2616
alefur, FM,2494,2645
alegro, WIM,2080,2257
alejanchess73, CM,2606,2606
alejandro841221, FM,2457,2636
alejandroarias, FM,2374,2429
alejandrobalde, CM,2083,2140
alejandrocapanegra, CM,2123,2277
alejandromateo21, IM,2646,2697
alejandromontalvo, IM,2402,2425
alejandropacheco29, CM,2461,2581
alejogarcia1999, FM,2624,2672
alekhinegirl, WCM,2312,2409
alekhinesbeef, NM,2557,2676
aleking03, FM,2585,2620
alekoporiou, IM,2424,2625
alekroth65, IM,2493,2551
aleks45, IM,2512,2629
aleks_ivlev, FM,2682,2723
aleksa74, GM,2665,2808
aleksanchess, WFM,2406,2406
aleksandar-topalov, CM,2414,2545
aleksanderhnydiuk, IM,2529,2650
aleksandr_kholin, FM,2406,2705
aleksandr_kozak, FM,2426,2492
aleksandraaleksandrova, WFM,1767,1818
aleksandraleksikov, IM,2304,2476
aleksandramilovic, WIM,2148,2159
aleksandrovaleksei, GM,2656,2785
alekschess100, WIM,2116,2353
aleksey1203borisovi4, FM,2417,2535
aleksey_sorokin, GM,2903,3019
alekseyviktorovich, IM,2332,2455
alembong, FM,2577,2577
alemr16, FM,2143,2143
alena_skvortsova, WFM,2142,2173
alenaku, WFM,2093,2188
alenee, IM,2428,2433
alenzer, WFM,2263,2285
aleoda, CM,2226,2349
aleonsquares, IM,2546,2557
alephzero, FM,2153,2328
alepiex, NM,2430,2579
alertakobra, FM,2412,2466
alesa2, WFM,1908,2197
aleskeroff, NM,2503,2522
alessiasanteramo, WFM,2339,2509
alex-11211, IM,2614,2618
alex1531, FM,2515,2573
alex_32167, IM,2749,2822
alex_banzea, IM,2650,2764
alex_belezky, IM,2523,2691
alex_c31, NM,2650,2712
alex_goloshchapov, GM,2077,2229
alex_jose_iraeta, CM,2152,2226
alex_krayz, IM,2272,2464
alex_sahakyan2006, IM,2677,2937
alex_stripunsky, GM,2652,2775
alex_terzi, FM,2671,2744
alex_yang, CM,2060,1474
alex_zapata, NM,2396,2533
alexa797, WGM,2420,2603
alexander-evdokimov, GM,2669,2768
alexander_donchenko, GM,3025,3025
alexander_kachko, IM,2789,2820
alexander_khlebovich, IM,2953,2994
alexander_moskalenko, GM,2942,2980
alexander_zubov, GM,3018,3086
alexandercs432, CM,2083,2268
alexanderjasinski, NM,2532,2582
alexanderking, FM,2661,2761
alexanderl, GM,2913,2997
alexandermatlak, NM,2604,2604
alexandermikli, CM,2353,2513
alexandr_kholin, FM,2563,2636
alexandr_predke, GM,2882,2940
alexandrabotez, WFM,2244,2411
alexandramtz, WFM,2071,2139
alexandrasamaganova, WFM,2379,2472
alexandrehouhou, CM,2401,2464
alexandrern33, NM,2264,2410
alexbarton, IM,2000,1552
alexbattey, IM,2732,2816
alexboy14, CM,2663,2752
alexchess1984, GM,2633,2813
alexcn1, NM,2107,2351
alexei_gubajdullin, FM,2607,2765
alexei_kornev, GM,2784,2898
alexeishirov, GM,2955,2971
alexey_krupko, FM,2386,2485
alexey_potapov, IM,2739,2752
alexey_spirin, FM,2091,2091
alexey_ustinov, FM,2624,2641
alexg2003, FM,2628,2730
alexgo05, FM,2508,2543
alexhuzman, GM,2693,2812
alexia_iordache, WFM,2058,2058
alexieh, FM,2529,2540
alexjin20080211, IM,2482,2482
alexjr20, CM,2332,2471
alexkhripachenko, IM,2808,2910
alexkous2000, FM,2551,2659
alexkundin, IM,1851,2158
alexlongson, FM,2471,2476
alexm42100, NM,2285,2323
alexnovitz, NM,2201,2313
alexonischuk, GM,2196,2345
alexostrovskiy, IM,2814,2882
alexpapasimakopoulos, IM,2802,2887
alexppixe, CM,2724,2728
alexrustemov, GM,2804,3013
alexsandro_bl, FM,2269,2269
alexsergeyev, FM,2306,2412
alexsuper1987, FM,2427,2496
alexsur1981, GM,2866,2927
alexsuv, FM,2572,2849
alextargarian, GM,2822,2798
alexthechess, NM,1663,1922
alextorngren, FM,2459,2476
alextriapishko, IM,2846,2935
alextruskavetsky, IM,2752,2754
alexvangog, GM,2790,2827
alexwinter25, FM,2176,2453
alexyermo, GM,2121,2298
alfiefischer77, CM,2253,2401
alfilescruzados, WIM,2315,2497
alfinov1959, FM,2207,2207
alfrechess24, FM,2479,2488
alfredoaguilera3000, FM,2505,2586
algarvechess, NM,2285,2285
algatar2020, CM,1731,2110
algeriano22, GM,2712,2867
alhassadiyousefa4, FM,2103,2253
ali_rastbod, FM,2880,2929
aliba25, IM,2639,2836
alicewinns, WFM,2009,2185
alielier, CM,2618,2658
aliencowboy, IM,2717,2798
alienonanotherplanet, IM,2666,2702
alieraiseafireoozeuh, GM,3151,3177
alievasasha, WFM,2180,2467
alifaghirnavaz, FM,2883,2883
alihanhuseyinoglu, IM,2771,2822
alik, FM,2546,2588
alik_h228, CM,2487,2512
alika2810, IM,2610,2738
alikfish, NM,2200,2422
alikhan_irgaliyev, NM,2618,2712
aliki2005, WCM,1600,1331
aliksis7, NM,2203,2266
alimentor20, IM,2275,2531
alimpic, FM,2554,2557
alin100, FM,2249,2358
alina_gumerovna, WFM,2235,2325
alinalami, IM,2173,2173
alindsay211, WIM,2491,2491
aliniknaddaf, FM,2507,2610
alisa_melekhina, FM,2199,2199
alishersuleymenov, GM,2796,2837
aliso4ka_pirozhok, WIM,2510,2536
alisuma, CM,2267,2344
alivehula8, NM,2398,2427
aljado, NM,2222,2238
aljchess, FM,2418,2489
aljoschafeuerstack, IM,2646,2708
alkaline1, NM,1972,2157
alkaser1962, FM,2015,2300
alkhoori90, FM,2414,2499
allanstig, GM,2619,2836
allcer7, FM,2756,2839
allderdice, NM,2134,2134
allejam, NM,2606,2616
allenbecker, NM,2041,2170
allespatzer, CM,2542,2613
alleyooper, IM,2687,2777
alligatorsnappingturtle, FM,2580,2581
allion2017, FM,2222,2328
alliswell998, FM,2737,2835
allstarserious, GM,2811,2885
allvim, NM,2328,2493
allysson_muniz_2809, NM,2500,2568
almaguerjm, CM,2522,2566
almaj98, WCM,2425,2425
almasrakhmatullaev, IM,2949,3010
almatyonelove, IM,2802,2812
almeida1974, NM,2442,2589
almiras, IM,2564,2710
almirdzhumaev, NM,2072,2300
almo64, GM,2686,2878
aln276, CM,2067,2130
alniro4, IM,2171,2314
aloe_normansen, WGM,2703,2715
alogo24, FM,2344,2541
alohamora11, CM,2467,2672
alomaterapia, IM,2539,2689
alonmindlin, IM,2731,2899
alonyoavk, IM,2611,2779
alopekos, FM,2344,2600
alpacaaas, FM,2290,2296
alpacacheck, GM,2438,2618
alpasya2009, IM,2566,2668
alperefeataman, FM,2501,2501
alphabroker, NM,2183,2183
alphafischer2019, IM,2833,2871
alphagm1729, CM,2069,2117
alphalphazero, FM,2403,2619
alphaperseii, NM,2393,2716
alphawomana, WCM,2145,2249
alphazero_stockfish, NM,2572,2572
alphienothere, WIM,2395,2452
alpltl, NM,2418,2488
alpope, FM,2645,2714
alquadir, NM,2293,2498
alqudaimi, IM,2210,2607
alrayyan2022, GM,2838,2818
alrayyan2024, GM,2806,2830
alrs-sps, NM,2451,2630
als2005, NM,2301,2422
alsdesdentao, FM,2525,2531
alsu1865, WFM,2197,2372
altantuya_tuya, WIM,2638,2645
alturas_pacificas, NM,2460,2521
alu40pink, FM,2595,2759
alucard2020, NM,2200,2320
alvarorodriguezavila, CM,2451,2531
alvarov79, FM,2604,2619
always_confused, FM,2468,2505
alwaysplayforawin44, FM,2687,2722
alyaska, WFM,1887,1977
alyonka0506, WGM,2163,2269
alzhur, FM,2607,2614
ama18, WGM,2654,2778
amadeus17, CM,2010,2039
amaidel, FM,2523,2597
aman, GM,2808,2941
amandarm, WFM,1924,2162
amanjazu, CM,2697,2735
amanmuhammethommadov, NM,2820,2987
amardeepb, CM,2312,2369
amartinengland, IM,2285,2561
amartuvshinganzorig, IM,2647,2688
amatatanav, FM,2585,2585
amateurchess20, FM,2571,2741
amateurwithouttalent, WFM,2051,2079
amatros, IM,2153,2325
amazingalbany, CM,1844,2061
amazingatlas, FM,2420,2430
amazingoid, NM,2347,2423
amb_chess, FM,2740,2740
ambaixador, FM,2448,2485
ambartsumiantyhran2012, CM,2857,2975
ambotsari, WGM,2555,2579
amec24, WCM,2079,2195
ameetghasi100, GM,2713,2833
amelia91, WFM,2229,2342
amer_aminikiasari, FM,2065,2339
americanfighter_2010, FM,2650,2686
americanpatzer3, IM,2653,2828
amethystical, FM,2852,2824
amhalm, NM,2002,2002
amin_molaei, IM,2742,2843
amina175, WIM,1807,2094
aminaguenadez, WFM,1395,1727
aminazinas, CM,2729,2749
aminmolaei, IM,2734,2745
amintabatabaei, GM,3113,3237
amione, FM,2641,2641
amiqu, IM,2169,2169
amir-mallahi, IM,2149,2257
amir-zaibi, GM,2512,2549
amiralfio, IM,2742,2847
amirbagheri78, GM,2615,2773
amirreza_p, GM,2655,2920
amithpal, CM,2219,2380
amithpal64, CM,2283,2293
ammaralsedrani, FM,2500,2500
ammarzooqi, CM,2456,2488
ammazapha, WFM,1887,2036
amnaawadi, WCM,1383,1643
amois, FM,2065,2292
amor2023, FM,2700,2738
amosbrugger, FM,2398,2419
amr05mj, CM,1993,1993
amruosobh, IM,2309,2485
amurath, FM,2185,2365
amurdercastle, NM,2518,2625
amylazy, WIM,2568,2585
ana_berke, WIM,2111,2231
ana_matnadze, IM,2496,2504
ana_shamatava, WFM,2225,2498
anaartjieza, FM,2540,2678
anabelgt, WFM,2200,2200
anachess2182, WFM,2121,2143
anaconda1983, GM,2498,2579
anadar, CM,2300,2300
anaiy, NM,2322,2417
anakuchava, WFM,2296,2348
anantone, FM,2561,2593
ananya_245, WCM,1448,2012
anar_aliakbarov, FM,2694,2764
anasasii_ki, WFM,2234,2349
anasta10, FM,2757,2791
anastacialopez, WCM,1779,1876
anastasia_nesytova, WFM,2269,2434
anastasiaprotopopova, WFM,2373,2511
anastasiyakarlovych, WGM,1996,2451
anastassijasinitsina, WIM,2399,2561
anatolyvolodya, FM,2552,2575
ancient_wrath, CM,2000,2114
andabata, GM,3223,3194
andaglas, FM,2299,2299
andante, FM,2014,2347
andbluesky, WCM,1869,1869
andeev, IM,2334,2389
anderson2361, NM,2483,2488
andjela_djidjika, WCM,2011,2154
andnar, NM,2831,2831
andong36, NM,2281,2481
andraiax, WCM,1407,1795
andrakhanova, WIM,2260,2402
andrbaryshpolets, GM,2708,2793
andreaschatz, FM,2506,2587
andreavb, WNM,1993,2003
andreeac97, WIM,2116,2116
andrefidalgo5, NM,2396,2420
andregvh, FM,2592,2592
andrei_belozerov, GM,2690,2778
andrei_skvortsov, CM,2852,2941
andreiitrifan, FM,2635,2702
andreikka, GM,3123,3151
andrej0906, IM,2524,2655
andrej2004, FM,2756,2828
andrejkin, NM,2272,2345
andrejljepic, FM,2772,2858
andrejs_sokolov, IM,2652,2805
andresalama, NM,2213,2266
andresdelgado77, FM,2416,2506
andresgv36, FM,2600,2600
andretta, NM,2525,2525
andrew-blr, FM,2642,2726
andrew-fb00, CM,1773,1973
andrew_ledger, IM,2328,2328
andrewb92, IM,2441,2640
andrewdgreen, CM,2313,2418
andrewisasian31, FM,2609,2732
andrewjsacks, NM,1854,2099
andrewmaco, IM,2888,2915
andrewmcstone, NM,2104,2173
andrewperedun, FM,2602,2602
andrewsamuelson, FM,2503,2557
andrewtnb, FM,2417,2578
andrey-ivanov2011, CM,2401,2498
andrey2406, FM,2325,2317
andrey_dmitrienko, FM,2338,2390
andrey_klymchuk, FM,2786,2897
andreychumachenko, FM,2485,2587
andreyneves, FM,2263,2404
andreyostrovskiy, IM,2802,2808
andreystukopin, GM,2687,2739
andrii_prydun, FM,2362,2590
andriipalchuk, FM,2683,2707
andriitop, FM,2497,2580
andrjywa, IM,2356,2565
andro2, FM,2403,2500
androqueen, GM,2553,2587
andrycos, FM,2415,2461
andryusha, FM,2169,2383
andrzej, CM,2461,2554
andy07670, NM,2406,2480
andy_rekt, WGM,2369,2518
andyhousesmx, WCM,1880,1988
andyrodri, GM,2575,2575
anemih, FM,2520,2570
anesar92, IM,2824,2897
angel_hranitel_37, FM,2590,2708
angel_lys_66, WCM,2056,2057
angelaberbach, NM,1785,1974
angeldelasoledad, NM,2370,2544
angelescarenor, NM,2250,2323
angelgab3, FM,2798,2825
angelogm, GM,2692,2907
angelos_zonarios, FM,2142,2352
angelrenatomatos, NM,2319,2349
angelrth, WCM,2225,2225
angelwarrior8, WCM,2059,2073
angiechess83, IM,2402,2402
angieflynn, WFM,1914,1995
angry_serb, IM,2733,2736
angry_twin, GM,3015,3104
angrydracula, WFM,1745,1780
angryhorse9, FM,2656,2696
angryweasel, NM,2225,2301
angsan, IM,2562,2574
angychess5, WIM,2300,2417
anhao, NM,2871,2813
ani_mari, WFM,2096,2162
anich75, IM,2460,2668
anijak, WIM,2455,2466
anirudhha33, FM,2699,2736
anish_gandhi, CM,2258,2404
anishgiri, GM,3133,3173
anishonyoutube, GM,3072,3125
anjelina, WGM,2105,2331
anjood, WGM,2400,2400
anjum004, WFM,1849,1943
ankit_chessneurons, GM,2753,2767
ankitgajwa, FM,2644,2741
ankudinova_yelena, WGM,2178,2331
anlex1963, FM,2192,2226
anna20240, WFM,1883,1948
anna_chess, IM,2049,2200
anna_ko_rnd, WFM,1937,1937
anna_muzychuk, GM,2642,2727
annaberdiyevserdar, NM,2351,2391
annachesschic, WFM,2303,2500
annacramling, WFM,2240,2410
annagozel, WFM,1738,1926
annakantane, WIM,2377,2395
annalytical, NM,2078,2207
annamaja, WIM,2500,2542
annamarim2001, WGM,2583,2674
annasargsyan_m, IM,2618,2708
annawel, GM,3083,3109
annazero, WIM,2602,2604
anne93, WGM,2328,2529
annedp200, WIM,1879,1891
annonymous123, IM,2768,2939
ano89273, NM,2410,2512
anon102030, FM,2778,2863
anon132639, FM,2717,2850
anon219, GM,2896,2935
anon71421, IM,2636,2692
anonyman001, CM,2317,2300
anonymous13280204, FM,2541,2557
anonymous4910, FM,2783,2783
anonymousbread, NM,2707,2744
anonymouschess2005, NM,2204,2222
anonymouscupiddust, NM,2302,2377
anonymousim2023, IM,2668,2743
anonymusdonkey, FM,2560,2632
another_win_for_you, FM,2459,2528
anotherwho, FM,2210,2309
anotni, NM,2323,2383
anpospan, FM,2321,2463
anskam, CM,1625,2126
ansko1999, CM,2640,2747
anspiracje, WCM,2013,2119
ansprvt, IM,2780,2780
ant_chess_2019, FM,2689,2757
antalsakk, NM,1971,2172
antek_radzimski, FM,2801,2801
antelacus, NM,2180,2336
antham, IM,2667,2667
anthony_ker, IM,1973,2451
anthonydrayton, FM,2094,2148
anthonylevin, NM,2183,2256
anthonywirig, GM,2908,3049
antichriste666, IM,2710,2788
antifish7, FM,2211,2602
antigeroiy, FM,2550,2603
antipov_mikhail_al, GM,3011,3073
anton_demchenko, GM,2951,3058
anton_vasi1enok, CM,2624,2733
anton_zhukov04, FM,2506,2506
antoniocalvo, NM,1948,2117
antoniod96, NM,2451,2498
antonis2056, FM,2516,2516
antonovanadezhda, WFM,2109,2285
antonshomoev, GM,2770,2865
antonsmirnov, GM,3124,3127
antonusss, CM,2350,2484
antonw55, CM,2292,2299
antosha_chekhonte, FM,2667,2729
antoszu, FM,2695,2740
antunesperoza, NM,2280,2462
anu-triz, WCM,2280,2354
anuar_is, GM,2758,2872
anubisinmortal03, FM,2609,2623
anujshrivatri21, IM,2757,2999
anupamagokhale, WIM,1915,2060
anuprita19, WFM,2038,2220
anurag328, GM,2651,2775
anurugc, FM,2224,2354
anushanlv, WFM,2305,2349
anvikr, FM,2441,2474
anwesh9792, IM,2693,2837
any040, WFM,1625,1705
anyushki, WFM,2162,2231
anzett, WIM,2326,2436
aolcum, FM,2425,2486
aot317, FM,2488,2641
apachesvd, FM,2566,2592
apechi, NM,2347,2381
apfernans, WCM,1666,1820
apg77, FM,2151,2269
apl2001, FM,2473,2627
aplommb, CM,2632,2657
apngalkusuma1, NM,2049,2145
apocalyps999, GM,2515,2638
apoiogia, NM,2280,2411
apokalipsa13, WFM,2125,2372
apollonzerotv, FM,2752,2752
apotatointhekitchen, CM,2617,2675
appalm, WCM,1964,2005
aprilzhong, WCM,2170,2170
aps, FM,2259,2370
apuntando, IM,2213,2297
apuwins, FM,2499,2536
aqib-20, NM,2202,2461
aqmarkin, NM,2462,2471
aqrana, NM,1852,2040
aquarium76, GM,3036,3036
aquaticpineapples, NM,2185,2382
aquiles88, NM,2402,2406
aquivarubinstein, FM,2603,2625
ar4uha, FM,2690,2744
aradej, GM,2689,2700
aradhya2000, IM,2891,2923
aragon, CM,2295,2357
aragorn_ii_twitch, NM,2522,2615
aram7adam, FM,2447,2637
arambai, GM,2958,3015
aranibos, FM,2218,2408
ararat-74, FM,1657,2095
arash_tahbaz, IM,2999,3046
arashy_cc, IM,2514,2637
arathorn2, IM,2379,2411
arbrespourpres, NM,1943,2082
archbishop1575, FM,2502,2527
archess2, WIM,2545,2587
archibaldcerveza29, FM,2565,2602
arctic_fox3000, FM,2892,3014
arctic_t00, IM,2768,2805
arcticbear64, GM,3127,3246
arcymisie, GM,2629,2714
area_5, IM,2693,2878
arek_pacitan, FM,2781,2818
arenal72, FM,2809,2820
arencibia, GM,2570,2720
ares30012, NM,2432,2522
arfan48, IM,2860,2910
argente, FM,2259,2469
argentino1, NM,2370,2549
argentum049, FM,2455,2573
argimiro, IM,2451,2656
argodeajedrez, FM,2600,2615
argyllprince, GM,2817,2845
arhan_anand, IM,2598,2724
ari_dale, IM,2659,2726
ariadna_atreides, WCM,2288,2336
ariancito1, GM,2527,2506
aribel98, FM,2008,2356
aridannie, WIM,2583,2613
arielmarichal, IM,2105,2228
arifarsky, NM,2738,2835
arigu07, FM,2800,2871
ariisw06, WFM,1959,1816
arimakat, FM,2379,2439
arimin1329, CM,2434,2554
arinay, WCM,1831,2023
ariosp, IM,2223,2270
arisesoldier, WIM,2043,2434
aristocle, FM,2372,2391
arjun2002, GM,2793,2847
arjwezhrtdrz, FM,2306,2347
ark_in, FM,2280,2336
arkadiykhromaev, CM,3101,3101
arkady_gitelson, FM,2583,2657
arkonada50, GM,2595,2649
arlancabe, FM,1838,2386
arlettiii, WFM,1907,1973
arlil, FM,2374,2467
arlo2024, CM,2406,2426
arm-akiba, GM,2914,2914
armago, IM,2320,2438
arman-subaste, NM,2495,2505
arman_hakemi, IM,2664,2727
armanghevondyanchess, CM,2561,2755
armen_chessmate, IM,2768,2773
armenianchessplayer9, FM,2181,2243
armgdnn, WNM,1454,1688
armingerdegil, FM,2576,2389
arminmusovic, FM,2486,2646
armqueen, WGM,2416,2524
arna, FM,2400,2400
arna-inactive, FM,2269,2425
arnacman, FM,2495,2599
arnaldofdelavaramulet, IM,2816,2816
arnash_bauyrzhan, WFM,2332,2383
arniechipmunk, CM,2523,2523
arnofascio, CM,2504,2562
arnoldpetra, FM,2619,2670
arnosack, FM,2332,2432
aromondo, FM,2207,2115
aronyak1, IM,2987,2996
arpeggione, FM,2258,2362
arpita_chess, WIM,2517,2568
arrestingpieces, FM,2563,2575
arrover, WFM,2124,2195
arrueba, CM,2518,2518
arsenedu, FM,1444,1444
arseniy_nesterov, GM,3056,3088
art10echr, FM,2420,2687
art_vandelay1980, GM,2708,2802
artannd, NM,2226,2249
arteler, FM,2301,2631
artem_0degov, FM,2889,2894
artem_ilyin, GM,2481,2573
artem_koval, FM,2610,2640
artem_sadovskii, IM,2708,2707
artemdyachuk, FM,2825,2901
artemidaa, WGM,2168,2366
artemiki, CM,2791,2849
artemykhan, NM,2518,2518
arthasxx29, NM,2507,2618
arthurguo, GM,2322,2436
arthurkogan, GM,2664,2835
arthurmorgan122, IM,2500,2500
arthurmotivator, FM,2318,2429
arthuuur, NM,2145,2244
artichaud, FM,2230,2354
articmonkayss, IM,2861,2958
articmonlays, WIM,2505,2545
artin10862, FM,2990,3132
artiom, IM,1327,1327
artistic_attacker, CM,2634,2665
artisticonline, CM,2663,2722
artistocataki, NM,2680,2794
artofdeception, NM,2565,2569
artooon, GM,3124,3149
artooooo, FM,2903,3045
artur0208, IM,2861,2977
artur_hoghmrtsyan, FM,2693,2738
arturfrolov, IM,2428,2465
arturgaifullin, FM,2972,3070
arturocaceres, FM,2602,2764
arturoelcrack, FM,2427,2461
arturomorales98, GM,3046,3046
arun-kataria, FM,2567,2595
arvids_andrejevs, CM,2525,2568
arvielozano1, WNM,2079,2150
arvika, GM,2707,2818
arvinboy, FM,2123,2202
arvinrasti, FM,2486,2588
arvizu, WCM,1959,1959
arya1009, WCM,1212,1652
aryamabreu, GM,2640,2727
aryan_tamadon, FM,2700,2792
aryangholami, GM,2733,2822
aryantari, GM,2962,3062
aryastark173119, WIM,2033,2225
arystanner, IM,2976,3015
arysya, IM,2900,2920
as0nchess, GM,2562,2666
asabrihussien, FM,2166,2262
asadlivugar, GM,2980,3006
asafgivon, IM,2783,2791
asahoffmann, FM,2419,2546
asalimova, WCM,2409,2437
asas71, IM,2565,2565
asatryangor, CM,2469,2528
asawate, FM,2003,2123
aseel_odeh, CM,1313,1723
ash15k, CM,2366,2396
ashchess, FM,2563,2605
ashedu66, FM,2215,2321
ashina22, NM,2222,2571
ashishvaja, NM,2000,2000
ashleykrushc, CM,2536,2548
ashookk, NM,2368,2513
ashotparvanyan, IM,2682,2714
ashrafi1988, CM,2105,2200
ashtrainer, FM,1684,2073
ashwanitiwari, FM,2301,2301
asianchess2020, WFM,1900,2001
asianmaster2501, FM,2244,2326
asimali1977, CM,1694,2057
asinnott1, NM,2467,2505
asiorex, WFM,2054,2177
aska538, FM,2378,2463
aslanov_umid, FM,2825,2847
aslu, WCM,2275,2368
asmafant06, WFM,2017,2089
asmp, CM,2251,2254
asms9699, IM,2732,2745
asmund_hammerstad, CM,2335,2398
asor44, WCM,1692,1824
asortafairytale, WFM,2227,2395
aspaclaria, FM,2018,2121
aspiazumarlon2001, FM,2609,2603
aspired, GM,2711,2807
asprellicristian, NM,2009,2052
assasin14, FM,2240,2305
assassino-noturno, NM,1772,2046
assdour, CM,2296,2432
assellesbekova, WCM,2392,2517
assumpcaos, FM,2090,2308
astaneeen, FM,2650,2652
astaneh, IM,2644,2668
asterix99, CM,1775,1915
asteroxylon, IM,2423,2514
asterphoenix, FM,2653,2707
astralpulse, GM,2654,2766
asvz, FM,2495,2670
aswathchess, IM,2800,2829
asymptotics, CM,2027,2205
at_chess26, NM,1890,1890
atabayevsaparmyrat, GM,2880,2907
atakishiyev04, IM,2727,2851
atalik, GM,2686,2744
atalz0, IM,2498,2634
atanejhad, FM,2463,2628
atbenina64, IM,2897,2947
atco84, IM,2539,2579
ateasaad, FM,2405,2473
athanasios2, IM,2808,2842
athanasiuslefebvre, NM,2047,2256
athlblue, NM,2448,2448
ati1517, WGM,2217,2451
atigator, FM,2160,2271
atlanta99, CM,1918,2005
atm622, CM,2575,2677
atom596, FM,2466,2550
atomicacorn, NM,2512,2654
atomicaxis, CM,2150,2109
atomicchessbomb2200, CM,2411,2445
atomicmate123, CM,2373,2406
atomrod, GM,2606,2606
atousa, WGM,2573,2661
atrophiedcrazyhouse, NM,2349,2396
attack2mateu, GM,2761,2833
attacker88, FM,2342,2522
attacker_2006, FM,2624,2662
attackgm, GM,2521,2787
attacks_hurricane, CM,2476,2506
attacksparrow, FM,2646,2657
attilaczebe, GM,2439,2503
attilaturzo, IM,2534,2619
attractivemustard, FM,2493,2493
aucaymauro, FM,2102,2207
audaciouspatzer, FM,2540,2540
aufeve, WFM,2088,2336
auggiewren, FM,2330,2414
augustomatraga, GM,2451,2451
aungtz, FM,2001,2301
aunqa, FM,2662,2706
aural1011, WCM,1880,1883
aurumo, WIM,2036,2148
ausbildung, FM,2208,2264
aussie_pinoy, FM,2544,2602
austen48, WIM,2251,2430
austinjacobliteratus_pcap, FM,2727,2888
austinjiang, NM,2301,2338
austinthomas12345, CM,2657,2705
austrianfalcon, GM,2444,2761
ava1411, FM,2494,2505
aval7an, FM,2563,2838
avancada, FM,2401,2651
avantage_ru, GM,2803,2843
ave_mariia, FM,2488,2530
avenakhenjoyer, CM,2349,2552
avenatalia, WCM,2005,2005
average_guy25, CM,2452,2531
average_trans, FM,2302,2400
averagefm, FM,2791,2791
averagemarginaleffect, IM,2423,2466
averagerecord, GM,2985,3097
averell007, IM,2231,2319
avetik_chessmood, GM,2923,2941
aviksarkershubha, CM,2234,2282
avileyshon7, CM,2147,2430
avinashramesh4, IM,2775,2895
avitalbor, GM,2822,2944
avocadosheena, NM,2161,2306
avoid2020, FM,2481,2550
avolodin, GM,2756,2826
avoogd, FM,2226,2502
avorton, CM,2424,2499
avpr, WFM,2116,2218
avto24, FM,2677,2718
awarak, WGM,2323,2504
awareidea, NM,2610,2726
awayceiling, CM,1466,1536
awb2001, FM,2552,2637
awesomechess111111, WCM,2434,2460
awesomeidiot, NM,2456,2542
awesomemango, WFM,2239,2250
awesomestudents, IM,2558,2674
awesomevishesh, WGM,2608,2676
axelfalke, FM,2440,2502
axelmuller, NM,1940,2242
axf7, NM,2204,2330
axlbvrr, CM,1822,2090
axle2017, NM,2342,2466
axves, GM,2505,2746
axvesik, WGM,2528,2695
ayakunov, FM,1500,1500
ayanakhmetov, IM,2707,2784
aycaaksoy, NM,2013,2026
aydusha, CM,2031,2181
ayelenchess, WIM,2013,2279
ayellowlemon7, CM,2414,2503
aygehovit1992, GM,2874,2898
ayina29, FM,2822,2822
aymiteck, FM,2607,2704
ayodub, CM,2102,2102
ayrtontwigg, NM,2247,2247
ayze1968, FM,1815,2019
azalea95, FM,2375,2418
azatic, FM,2710,2798
azatnew, FM,2827,2868
azcactus, NM,1959,2163
azcryr, NM,2438,2195
azde, CM,2610,2610
azerichess, GM,3069,3096
azerichessss, GM,2814,2814
azeryahu, GM,3000,3003
azgm, GM,2162,2314
azikom, GM,2689,2788
azizanaa, WFM,2043,2043
azn2002, FM,2333,2351
azoulas1, CM,2524,2531
aztuna, WFM,2012,2175
azulgrana1970, FM,2575,2621
azumi_214, WCM,1856,1894
azusa-hamaoka, NM,2636,2636
azvrbrynnn, IM,2810,2881
azzaro25, GM,3062,3123
azzbrn, NM,2521,2529
b-man, GM,2608,2723
b-unit, GM,2448,2472
b0103232338, CM,2564,2719
b33forever, FM,2437,2496
b777w, CM,2470,2571
b_6, NM,2579,2602
b_griffin, FM,2249,2435
b_nn_t, FM,2642,2715
baag, GM,2853,2905
baag4life, FM,2830,2938
bab3s, NM,2402,2455
babageldi, FM,2744,2810
babageldiannaberdiyev, FM,2608,2689
babaloka, CM,2156,2156
babangida90, IM,2400,843
babarsik1977, FM,2430,2506
babas, FM,2553,2621
babbelbox, IM,2811,2801
babbilator, FM,2351,2420
babegroot, GM,2766,2937
babero_gordo, FM,2135,2352
babrax, IM,2453,2535
babujj, CM,2521,2654
babuto, IM,2592,2729
baby_cacodemon, IM,2702,2846
baby_legs, GM,2889,2889
baby_leo, FM,2228,2242
babyanton, FM,2593,2734
babyboss31, CM,2579,2639
babydragonking, NM,2306,2306
babyemu, NM,2084,2229
babyfacedassasin, NM,2269,2425
babyking1205, FM,2835,2913
bacallao2019, GM,2773,2870
back1nbusiness, CM,2629,2757
backhomeinmexico, FM,2490,2608
backlight26, WGM,2741,2741
backreg, FM,2574,2685
backtothebeginning, CM,2160,2226
bacus2000, FM,2005,2030
bacus79, FM,2511,2540
bacyanide, GM,2526,2609
bad4life, CM,2582,2691
bad_left_hook, IM,2711,2765
bada_norovsambuu, WFM,2224,2346
badamo0, WFM,2096,2197
badi50, CM,2187,2318
badiudifora, CM,2134,2278
badlyplayed, NM,2173,2383
badogidon, WFM,2145,2273
badouuu, WFM,2037,2377
badrony, IM,2652,2664
bafmas, FM,2301,2346
bagge89, CM,1869,2217
baggio95, IM,2693,2693
bahadirozen, IM,2904,2904
bahamapapa, FM,2081,2081
bahamaswadeh, CM,1939,2081
bahmamamu, FM,2386,2455
bahne07, FM,2359,2381
bahriletecosmico, IM,2366,2431
bairakovanova, WGM,2610,2692
bait_or_mate, FM,2550,2712
bajecny, FM,2402,2548
bajna, FM,2247,2405
bakapg, IM,2810,2810
bakary1982, FM,1833,2000
baki83, GM,2962,3014
bakki78, GM,2694,2799
baku_boulevard, GM,3134,3165
bala-afiada, NM,2093,2126
balachess2006, FM,2710,2837
balack95, CM,2545,2567
balaian_alina, WIM,2162,2328
balakannamma96, WFM,2478,2478
balandel, IM,2340,2359
balch, IM,2069,2155
baldy, CM,1937,2183
balla_tamas, IM,2648,2682
ballottiluca, CM,2387,2437
baltazar1958, IM,2050,2246
bambi2006, NM,2539,2583
bambomatto, FM,2866,2866
bamonson, NM,2355,2551
bananaalm, WFM,1824,2023
bananadates, CM,2484,2640
banane_verte, FM,2623,2731
bancsoo, GM,3105,3135
bandobras, IM,2596,2693
bangchess21, FM,2889,2904
banhgiahuy2606, IM,2811,2903
bank2010, FM,2637,2638
bankrotten, GM,2685,2698
bansaboy, WIM,2214,2248
banthony197, CM,2296,2379
baptisteyannick, CM,2519,2552
bapttoche, FM,2458,2521
baracapy, IM,2800,2832
barath1308, CM,2585,2572
barbar10, FM,2230,2372
barbara25, WFM,2338,2555
barbarian_chess30, NM,2620,2640
barbix1, IM,2326,2694
barbosean, CM,2396,2469
barboval, FM,2657,2781
barbus89, FM,2496,2691
barca_hamilcar, CM,2413,2477
barcelona_guy, GM,2926,2926
barcon16, FM,2267,2255
bardartem, FM,2958,2987
bardiya_daneshvar, GM,2982,3071
bardur_orn, FM,2581,2614
barkly1999, WCM,2422,2414
barlonadera, IM,1721,2286
barmen_ev, IM,2634,2688
barneystinson97, IM,2563,2661
baron_von_koenig, IM,2622,2640
baronessa08, IM,2534,2619
baronjm, FM,2264,2297
barretofkm, FM,1340,1340
barriochess, IM,2439,2609
barron045, IM,2222,2238
barrypatzer, NM,1775,2000
bartek_turski, FM,2923,2962
bartoszsocko, GM,2871,2898
bartsimpson24, CM,2215,2222
barys1974, GM,2632,2828
barzed, GM,2803,2937
bascheyaro, FM,2818,2896
bashiqchess, CM,2479,2609
bashirlisaadat, WCM,2489,2508
bashirovkemal, FM,2572,2764
bashlykskiy, GM,2805,2835
basi1isk6, FM,2810,2826
basiakielbasia, WFM,2000,1573
basicbishop, CM,2274,2461
basilsmash, IM,2703,2703
baslyabaslya, FM,2549,2776
bassu1, FM,2588,2590
bastiandash, FM,2621,2769
basyak97, NM,2654,2750
batchuluun_tsegmed, GM,2614,2636
batcu, NM,2312,2387
batek_ha_tpaktope, FM,3004,3004
bathory44, IM,2635,2689
batica1984, GM,2758,2884
batipibe7712, NM,2092,2092
batko_2010, FM,2725,2928
batolovic, GM,2523,2539
batsai, NM,2283,2408
batsford, CM,1663,1974
battever, IM,2566,2664
battlecry216, NM,2276,2291
battlestargalactica04, CM,2199,2479
batumifm, FM,1801,2009
bauernstuben_warrior, CM,2480,2541
bauman_guy, FM,3025,3089
bauxi435, FM,2546,2610
baxyq, CM,2271,2391
bayasgalankh_2007, WCM,2507,2550
bayernbk, FM,2694,2714
baylavchess, NM,2423,2515
bazar-wokzal, IM,2758,2794
bazarov04, GM,2806,2862
bcertic, IM,2223,2223
beakman13, FM,2109,2109
beanscreen, FM,2679,2823
bear856, FM,2514,2514
beast_20_20, CM,2547,2547
beastfromweast, NM,2443,2550
beastslovetheprocess, GM,2682,2906
beatles_22, IM,2774,2895
beatmagnus, IM,2338,2443
beatnoguera, NM,1731,1936
beatrizmarinello, WIM,1992,2146
beatrizpl, WIM,1955,1540
beaumes, FM,2060,2252
beautifulbird07, IM,2856,2869
beautifullmindchess, FM,2363,2413
beautroll, WGM,2490,2490
beawuids, FM,2747,2807
bebebonito2022, FM,2300,2338
beca95, GM,2968,3070
becalmncool, FM,2666,2689
beccrajoy, WCM,1998,2053
becemix, FM,2572,2659
bedpan2300, NM,2328,2402
beekhishig, WIM,2735,2744
begimayzairbekova, WFM,2141,2171
begmuratovkh2010, FM,2939,2939
begusdrasko, FM,2592,2713
behzsa, CM,2752,2766
beirutchessacademy, FM,2058,2268
beka121, WCM,1737,1743
bekaeasycool, FM,2574,2874
bekkedahl, NM,2223,2374
belabadea21, GM,2284,2443
belakis, NM,2307,2448
beletko, FM,2403,2648
belgrade, FM,2169,2321
beligerantepr, FM,2288,2402
belligham2023, NM,2577,2667
beltraxtor, IM,2835,2956
beltsychess, FM,2692,2692
belyakovbogdan, IM,2710,2713
benchgm, FM,2403,2481
bencus12, IM,2530,2639
bendybear, CM,2403,2518
benecyrill, FM,2760,2881
benedekisti, CM,2371,2462
benediktjonasson, FM,2001,2243
benek77, NM,2658,2757
bengal_tiger07, FM,2850,2863
bengalas, IM,2456,2552
benhal, IM,2701,2710
benignaaa, WFM,2349,2367
benjafalcon18, FM,2605,2617
benkenobi1, FM,2495,2606
benko_008, IM,2483,2557
benkoclub, FM,2630,2711
benkoni_kid, CM,2335,2422
benny_aizenberg, IM,2621,2729
bennybear, NM,2057,2212
bennyficial, NM,2187,2270
beno_chess, FM,2706,2759
bentery, IM,2399,2651
benthat, FM,2443,2576
bentsfriend, GM,2672,2672
bequeen, WCM,1476,1786
beradze, IM,2754,2854
berahernandez, WCM,2004,2004
berant, FM,2318,2569
berardino, IM,2659,2727
bercel, FM,2151,2151
bere_acqua, FM,2618,2678
bereal24, FM,2573,2737
bereceptive, IM,2429,2535
bereolos, FM,2146,2261
berevg, FM,2343,2343
berga1201, WIM,2259,2347
bergenchessacademy, CM,2692,2708
berislav222, CM,2240,2297
berkardus, IM,2605,2666
berkdg, IM,2470,2506
berlin_wa11, CM,2220,2304
berlindrawer, NM,2512,2687
berlinragnar, NM,2421,2562
bernardoroselli, IM,2708,2704
bernereremit, IM,2409,2409
bernt42, CM,2280,2326
berny643, GM,2705,2829
berriies, WFM,2105,2105
berserkwerewolf, GM,3200,3200
bertalan1126, FM,2413,2614
besarquis, WIM,2394,2406
bescmelasti, IM,2603,2808
besigebytjie, WFM,1389,1561
besmall, GM,2525,2544
best722000, WGM,2223,2410
bestbytestbro, NM,2327,2357
bestcoacheverr, GM,2926,2933
bestestbp, WFM,2536,2567
bestkeptsecret7, IM,2746,2801
bestrevengeissuccess, CM,2503,2503
bestromano, NM,2554,2621
beststelker, IM,2804,2853
betman-killer, NM,2503,2503
betmaster81, NM,2251,2326
beto-betun, CM,2348,2348
betolini, NM,2265,2291
betoncarlsen, IM,2416,2724
betta2004, FM,2628,2657
better_chess_faster, NM,2155,2190
bettercallcafu, IM,2649,2842
betulcemreyildiz, WGM,2176,2182
beyondchessben, IM,2622,2629
beyondchesssarah, WIM,1878,2368
beyondmadness, FM,2331,2497
bgabor91, FM,2617,2749
bgoldchess, NM,2305,2359
bgrabarska, WGM,2522,2530
bhagwanbirsamunda, FM,2252,2272
bhagya_2312, WIM,2205,2377
bhima2, NM,2425,2532
bhulseatx, FM,2193,2261
bhuvanesh93, IM,2314,2455
biacoca, WFM,2457,2633
biaf13, WCM,2156,2204
bianchialbino, NM,2308,2494
bibiii, IM,2312,2434
bibsburg, FM,2665,2690
bicicleta, CM,2314,2314
bierblitz1a, FM,2561,2600
biesiadnik, FM,2649,2719
big_finky, NM,2372,2488
big_fishy, IM,2332,2418
big_pirate, NM,2651,2651
big_texan, CM,2255,2255
bigal, IM,2553,2660
bigbites1996, CM,2237,2201
bigc08, NM,2407,2407
bigfatduck1, NM,2308,2308
bigfish1995, GM,3140,3205
bigjmn, NM,1792,2040
biglindba, IM,2459,2475
bigmanevan, NM,2630,2636
bigpiano, NM,2522,2532
bigproblemsolving, CM,2004,2165
bigsis01, WFM,2009,2226
bigstealer, IM,2499,2610
bii128, WCM,1887,2193
bijombom, FM,2370,2547
bikbon, CM,2485,2535
bikingbrian, NM,2306,2397
bikuzhin_maxim, FM,2797,2823
bilan_danila, FM,2678,2786
bilelou, GM,2525,2769
bilguunsu, GM,2793,2802
bilicvladimir, FM,2746,2838
billcoe, NM,2245,2296
billforster, CM,1884,1884
billiejoearmstrong1, IM,2675,2847
billiekimbah, GM,3008,3062
billy_thekid30, CM,2656,2700
bilodeaua, GM,2972,3113
bilosuvenosu06, CM,2470,2732
bilunov, NM,2051,2312
bimaniv, FM,2564,2575
bin777, WCM,1734,2028
binary010, GM,2954,3001
binbin239, WIM,2611,2738
binhminh2000, FM,2693,2749
binobike64, FM,2584,2588
biostatistician, FM,2654,2758
biotsavart650, NM,2528,2538
bipe137, FM,2612,2752
biptip, IM,2380,2387
biranidun, IM,2810,2933
birdmaster3000, GM,2769,2905
birdsopening, NM,2269,2409
birdyschnitzel, WCM,1785,2112
biscuitsnatcher, FM,2271,2366
bishoppairmasterr, FM,2413,2579
bishops83, NM,2420,2420
bitiam, WCM,1524,1741
bitter-cikolata, WCM,2559,2585
bitzkommer, FM,2225,2380
bivark, FM,2558,2653
biveklama, FM,2561,2753
bivsisahista67, IM,2445,2508
bizhigitov_zhangir, FM,2682,2686
bjarkesahl, IM,2273,2323
bjarteleer, IM,2673,2689
bjorgestrand, CM,2505,2513
bjorn_holm, CM,2446,2507
bjornahlander, IM,2400,2472
bkl18, GM,2874,2972
bkmzzzzz, CM,2327,2439
bl00nder, FM,2525,2607
bl4d3runn3r, CM,2356,2356
black_pawn_16, WFM,2497,2503
black_swan1502, CM,1987,2199
black_wyzard, FM,2341,2457
blackbearcsw, NM,2193,2309
blackbirda7, NM,2151,2225
blackboarder, FM,2797,2844
blackdahlia99, FM,2343,2506
blackgreatking, CM,2029,2091
blackknight2278, NM,1932,2065
blackmind96, FM,2951,2951
blacknoisestar, FM,1976,2266
blackpiiiiiiink, IM,2608,2756
blacksirius, CM,1831,2156
blackswan13, FM,2177,2298
blackwhite017, WFM,1989,2145
blackwidow515, WFM,2419,2435
blacquiao, NM,2502,2502
bladel, FM,2811,2804
bladel55, FM,2660,2679
bladlusen, CM,2134,2236
blagid, GM,2515,2515
blagorod, CM,2259,2324
blakeybchess, NM,2202,2278
blaky_griffin, FM,2279,2336
blampman, WCM,2511,2533
blank0923, FM,2842,2873
blankaejs, WCM,2332,2343
blankface04, FM,2508,2548
blasi, IM,2200,2357
blazd, CM,2348,2405
blazingbanana, WFM,2289,2432
blazinq, IM,2882,2882
blecourtowitch, WFM,1847,2229
blefer66, GM,2731,2884
bleuestbeau, WCM,1517,1629
blg125, CM,2300,2486
blind2010, IM,2618,2618
blindfoldkrikor, GM,2003,2463
blindginger, GM,2403,2403
blindlast7samurai, GM,2280,2280
blindlogoczar, NM,1368,1669
blindmancrying, CM,2264,2388
blindov, IM,2779,2889
blindtakes, GM,2405,2553
blitis, IM,2648,2648
blitz, NM,2504,2549
blitz_expert23, IM,3100,3111
blitz_lover1, FM,2571,2590
blitz_monster2910, FM,2521,2545
blitzchampion78, FM,2267,2363
blitzcopter, NM,2334,2469
blitzfanboy, IM,2217,2581
blitzfun84, WIM,2192,2234
blitzingmaria, WCM,2138,2145
blitzking1729, IM,2855,2930
blitzking642, FM,2461,2625
blitzmaster, FM,2634,2691
blitzmaster1995, FM,2464,2538
blitzstream, NM,2912,2946
blitzstreamtwitch, NM,2878,2878
blixlt, FM,2399,2516
blizzard222, CM,2050,2107
blobica, IM,2567,2687
bloomingbud, WIM,2172,2324
blossom6, WCM,1508,1800
blowf1sh, IM,2534,2602
blubbiblubb, FM,2200,2325
blubliss, IM,2705,2774
blue_capybara, IM,2547,2786
blue_ratatoeskr, FM,2506,2538
bluefishoil, WCM,1100,1158
bluejay1897, FM,2481,2481
bluepict, FM,2277,2277
blueryder, NM,2207,2303
bluesapphirechess, NM,2296,2309
blueshark23, GM,2548,2689
bluewizzard, GM,2987,3014
blunderbussted, IM,2410,2421
blunderingpanda01, CM,2617,2806
blundermaster2335, CM,2667,2671
blunderstormm, FM,2560,2570
bm_on_icc, NM,2661,2827
bmagnum2002, CM,2033,2069
bmgl95, WIM,2240,2240
bmochsner, GM,2555,2555
bmt011, FM,2110,2191
bmw326, GM,2637,2758
bmwg20315hp, IM,2771,2832
bn1462, CM,2070,2098
boasovietica, IM,2477,2728
bob1263, FM,2406,2547
bob16847, CM,2029,2029
bob_2004, FM,2827,2872
bobanbogosavljevic, GM,2721,2860
bobbithebuilder11, WCM,2388,2462
bobbybunny, FM,2305,2396
bobbyfischer1508, CM,2460,2538
bobbyfisher_1943, CM,1992,2039
bobbyfm, FM,2255,2287
bobbylow, IM,2533,2598
bobbymastermind, CM,2296,2296
bobbysgrills, NM,2330,2421
bobbysteen89, NM,2133,2399
bobdakow, CM,1800,2078
bobo_panda, NM,2411,2442
bobohead, NM,1917,2193
bobrik31, FM,2208,2283
bobsacit, NM,2358,2685
bobthebodybuilder64, FM,2812,2812
bobthebuilderpviaowr, NM,2339,2388
boby_chess_2010, CM,2334,2439
bocah_gila, FM,2573,2603
bocah_sakit, GM,2778,2939
bocharovd, GM,2844,2919
bodhanas, WFM,2523,2544
bodnar_mykola, IM,2560,2635
bodogneszomorilla, WFM,2034,2175
bodor1, FM,2405,2415
bogcsab, FM,2292,2539
bogdan_bodnar, NM,2300,2306
bogdanchess97, IM,2751,2711
bogdandeac, GM,3002,3188
bogdanelus, FM,2651,2703
bogia144, IM,2000,2067
boguszp, CM,1953,2154
boilingfrog, NM,2482,2566
boimod, WIM,1769,1769
bojanr1, FM,2468,2488
bojosi, CM,2275,2317
bokerona, WIM,1909,1912
bolavey_kotnik, FM,2599,2667
boldpilot22622, FM,2505,2605
bolence16, FM,2505,2516
bolivargonzalez, FM,2455,2504
boliviar, NM,2388,2453
bolwin, FM,2237,2412
bom-dia, NM,2704,2720
bombabombaclat, CM,2482,2518
bombermanul, IM,2414,2519
bonamente, GM,2403,2476
bonantagulo, CM,2356,2511
bonca64, GM,2790,2829
bonchbrybonch, CM,2574,2668
bonesy1116, NM,2405,2405
bongcloudtransvestit, FM,2411,2613
boninknights, IM,2529,2531
bonitayrenzo, NM,2201,1928
bonk28, NM,2262,2453
bonnielix, WIM,2455,2455
bonuspater18, GM,2628,2849
boo786, GM,2412,2519
bookwormpawn, WCM,1906,1937
boorrj, GM,3064,3064
boostedtree, FM,2603,2639
bootstar, NM,2597,2700
boqueron95, IM,2425,2460
boracilek, CM,2537,2545
borchischess, NM,2324,2467
boredoldman, NM,2516,2534
borekb, FM,2232,2432
boricsev, IM,2275,2467
boris98, IM,2673,2849
boriscx, CM,2287,2310
borisnavrodskiyy, FM,2149,2381
borisss85, FM,2415,2527
born2beyours, FM,2294,2375
bornio, GM,3060,3016
bornofthestorm, WCM,2300,2300
borocotoajua, CM,2651,2665
borsuk_konstantin, IM,2758,2789
borutofan, FM,2561,2567
boryboy, IM,2811,2892
bosiocic, GM,2809,2853
boss_08_kross, CM,2678,2763
bossche-cm, CM,2629,2692
bossgoodness, NM,1905,1985
bostrom, NM,2335,2412
botelu, FM,2001,2230
botezsistersfan77, NM,2288,2288
botvinnak, WIM,2360,2451
boudicca64, WIM,1947,2104
boundless_strike, IM,2792,2845
bouzidian, CM,2401,2625
bowersock, NM,2478,2478
boxerandchessplayer, IM,2507,2564
boxjellyfishchess, IM,2542,2585
bozekat, FM,2048,2177
bpm_90, FM,2758,2764
bpovo1394, NM,2218,2326
bra1n_r0t, FM,2573,2648
bracciolento, CM,2176,2316
bracuarta, NM,2302,2354
brahianzevich, CM,2456,2547
brahmashira2010, FM,2704,2754
brainboxchess, CM,2452,2554
brainbuzz08, FM,2402,2512
brainnet, WFM,2309,2309
brainspeedzero, FM,2089,2089
brainwolf, GM,2483,2525
brajicmiloje, FM,2100,1997
bramblyspam, NM,2000,2000
brandaolee, NM,2302,2330
brandonjacobson, GM,2958,3132
brandonjiang123456, CM,1877,2383
brapa, CM,2095,2172
bratkoo, IM,2527,2640
brave_spirit12, IM,2794,2846
braveasaclown, CM,2516,2570
bravecapy, FM,2656,2736
bravehorse, NM,2662,2857
bravepenguin23, CM,2260,2259
bravesubject, FM,2371,2371
breamish1, FM,2693,2737
breathechessalways, CM,2818,2838
bredreimagined, FM,2489,2540
brendan174, CM,2228,2298
bresk, FM,2011,2228
brewington_hardaway, GM,3048,3114
brian_dew, FM,2268,2461
brianescalante, GM,2830,2850
brianmsk, FM,2225,2302
brianwall, NM,2212,2454
bricolageur, IM,2513,2726
bridgepppcc, FM,2022,2045
briesmas, NM,2503,2607
bright_panda23, WCM,2326,2474
brightpanda22, WCM,2006,2127
brightthunder, GM,2555,2660
brilliantmind2011, CM,2713,2795
bringanita, CM,2552,2574
britttas, FM,2320,2418
brizuelareivis, CM,2264,2416
brjad0530, NM,2314,2366
brm72, NM,2800,2809
brnoteacher, IM,2391,2416
broderickbauml, NM,2416,2517
brokenfritz, FM,2535,2597
bronceysueno, NM,2557,2752
bronndelanera, FM,2513,2664
brooklyncyclone, IM,2472,2429
brooksk, IM,2392,2630
brother-bear, FM,2056,2173
brother_lawrence1614, CM,2245,2361
brothersgrim, IM,2617,2617
brouetoscope, FM,2362,2565
brown_bear_mgl, NM,2566,2650
brown_mamba24, FM,2645,2797
browncow28, NM,2247,2365
brrrmuda, GM,2749,2527
brt6209, GM,2451,2587
brundeen, IM,2437,2437
bruno_parma, FM,2706,2707
brunoalejandrop, FM,2330,2406
brunomorado, CM,2431,2629
brunoo2003, FM,2761,2822
brunosten96, CM,2631,2704
brutalis, NM,2521,2528
brute4ever, IM,2703,2706
brutoman, FM,2278,2304
bryakin_mikhail, IM,2783,2866
bryanl106, FM,2787,2885
bryansmith, GM,2609,2609
bryantman2014, CM,2642,2677
bryha, WIM,1874,2220
bsnsun, WGM,2621,2631
bteillet, CM,2344,2344
bubachess1608, FM,2314,2349
bubacik, GM,2854,2910
bubar, FM,2372,2524
bubeliang, FM,2830,3000
bubi6, GM,2643,2770
bucefal_m, FM,2688,2684
buckbuck42, NM,2001,2026
buckeye22, NM,1805,2000
budag-leyla, WCM,2329,2360
budda, NM,2482,2446
budisavljevic, GM,2792,2876
buenamor1972, CM,2358,2494
buenaventuravillamayor, GM,2549,2549
buffalomountain13, IM,2568,2591
buffy7, GM,2814,2825
buffypizza, CM,2162,2174
bugancal, CM,2374,2498
bugbug01052018, CM,2220,2323
bugcrusher, FM,2479,2601
bugledxn, CM,1449,1904
buhomurciano, FM,2209,2337
bui2512, GM,2007,2553
buihuyphuoc, CM,1748,2492
buiichess, WFM,2225,2264
buitronghao, FM,2538,2700
bukiiletaa, WFM,2088,2118
buknoy8, NM,2515,2615
bulajans, FM,2479,2564
buldockin, FM,2312,2334
bulgakdamir, CM,2610,2696
bullet, WGM,2161,2336
bulletcloud, NM,2644,2726
bulletmercenary, NM,2267,2529
bulletpanther, IM,2511,2549
bulletplayer2024, CM,2431,2531
bulletteemo, IM,2740,2740
bullhouse14, CM,2669,2716
bultenibo, IM,2712,2743
bumblebee123499999, WCM,1732,1830
bundychess, IM,2377,2511
bupunsu01, IM,2296,2428
burbur555, GM,2680,2794
burgersarebetter, FM,2626,2697
burgsvik, FM,2296,2482
burningggice, CM,2519,2529
burninggice, CM,2323,2409
burovic00, IM,2663,2664
burritus, FM,2413,2474
bursabbsatranc, CM,2792,2782
burundianattack, FM,2617,2626
buryshin_vasyl, FM,2417,2458
bushonica, WCM,1797,1937
bushrashuaibi, WIM,2259,2342
busygin, NM,1909,1988
butterfly, IM,2469,2604
butterslstotch, FM,2303,2303
buyboxbandit, NM,2299,2511
buzhizhebuguai, IM,2683,2806
bvb009, FM,2806,2867
bvsn, NM,2528,2532
bwalya3, WCM,1679,1808
bwert2602, CM,2234,2348
bykov_egor, FM,2721,2787
bylavochka, WFM,2354,2368
byniolus, GM,2966,2999
c-25, GM,2453,2503
c-87, CM,2415,2459
c-joy, WFM,2228,2322
c5-knightmare, NM,2100,2048
c63_amg, IM,2905,2915
c_busta, NM,2310,2412
c_k_g, CM,2160,2341
c_minusminus, FM,2159,2453
ca8chess, WCM,2289,1907
caabongg, WIM,2559,2559
cabalista, IM,2520,2665
caballodeacero, FM,2612,2634
cabezauro, NM,2229,2413
cabila, FM,2397,2509
cacaseca13, FM,2250,2013
cacatai, NM,2396,2424
cacranb, FM,2095,2377
cacriefils1984, CM,2802,2820
cadmartin, FM,2480,2960
caefellion, GM,2459,2459
caemellis, NM,2050,2123
cafuca, IM,2704,2818
cailinchetty, FM,2234,2251
caisachess, WGM,2432,2551
caissa12, GM,2449,2610
caissa2018, WIM,1931,2029
caissa20188, WCM,2253,2448
caissacubana, WFM,2026,2095
caissaekv, FM,1987,2096
caissameza, WFM,2051,2196
caissaqueen09, WFM,2279,2300
cakedancer, IM,2706,2706
cakeuvdort, CM,2190,2470
calamitijane, WCM,928,1009
calculatedrhysks_youtube, FM,2487,2558
calemcc, NM,2604,2574
calenofatal, GM,2743,2921
caleuche, FM,2566,2684
caliburn66, IM,2546,2546
californiadreamgirl, GM,2925,2927
calin_dragomirescu, FM,2341,2438
calingheorghiu, FM,2574,2757
callwithacehigh, NM,2505,2547
calmberserk, CM,2646,2646
calmdowncalabreso, FM,2678,2805
calsamuel, CM,2139,2139
calul_royal, FM,2784,2802
calvinhobbes2020, IM,2512,2519
calypso_chess, FM,2108,2207
cam2015, WGM,2397,2400
cambek64, FM,2480,2568
camels1981, FM,2241,2441
cami3, WIM,1799,2110
camic96, WNM,1979,2010
camics, WIM,1992,2178
camilaavelino, WFM,2115,2106
camilita-becerra, WCM,802,1281
camillab, WGM,2437,2437
camille-ds, WIM,2244,2238
camilocorredor, FM,2392,2496
caminator2000, IM,2625,2783
campanero26, GM,2808,2906
campelov, NM,2303,2341
camperone73, FM,2285,2382
campingdirk, CM,2170,2260
campochess, CM,2015,2271
campomania3, CM,2133,2371
canairez, NM,2424,2551
canal_showdrez, NM,2066,2254
canary2016, WCM,2211,2283
canbroccoli, IM,2307,2307
cancrushyou, FM,2600,2615
cande_francisco, WGM,2559,2582
candela2013, FM,2433,2488
candidate_master, CM,2326,2456
cangaceirochess, NM,2202,2363
cannolicchi, CM,2193,2238
canonkasparov, FM,2323,2676
cansun, NM,2471,2651
cantinflitas, NM,2282,2383
cantoria58, FM,2300,2643
caorsaa, WCM,2039,2041
capachessmaster, NM,2338,2440
capacity123, FM,2492,2503
capacitykat, WIM,1932,2297
capaping, NM,2447,2454
capatilla, CM,2368,2602
capatl, IM,2726,2686
capatoday, FM,2212,2553
capiberibe, NM,2161,2328
capitan-a, FM,2513,2519
capivarabondoso, NM,2327,2338
capkrnch, FM,2308,2378
capoeirajogo, GM,2692,2765
captain_charizma, NM,2215,2469
captain_top, IM,2439,2469
captaincasanova, IM,2845,2880
captainchrush, NM,2070,2187
captainjames, GM,2761,2924
captainplanet, CM,2460,2504
captaintamas, FM,2298,2477
captainthett, FM,2447,2494
caracal3000, FM,2556,2701
caracternin123, GM,2799,2885
caradhrast, FM,2580,2732
caraguru, IM,2802,2811
cararay, NM,2506,2617
cardamomking, CM,2516,2515
cardenasjunior64, IM,2430,2566
caribbeanpirate94, IM,2601,2643
carlesdc96, IM,2815,2839
carlitus2004, FM,2435,2564
carlmagnuson, NM,2382,2382
carlocapau, FM,2607,2724
carlofiat01, FM,2458,2458
carlos-axarlian, NM,2173,2435
carlos-godoy, CM,2203,2214
carlosalbornoz, GM,2826,2945
carloseduar100, FM,2370,2413
carlosehc, CM,1843,2012
carlosfgrillo, NM,1909,2171
carlosgomezv, CM,2281,2577
carlosibarra09, FM,2356,2425
carlosmoscoso, CM,1953,2102
carlospaul1990, FM,2528,2528
carlovittorino, IM,2341,2456
carlovskyven, IM,2467,2467
carlsencamacho, FM,2307,2465
carlssonludvig, IM,2857,2923
carmelissa, WFM,1952,1984
carmi, IM,2197,2264
carminaramas, WCM,1701,1448
carmontti, FM,2069,2084
carnivoras, FM,2915,2990
carnivorousfurball, WCM,1816,1992
carnuel6804, FM,2161,2310
caroexpert, IM,2723,2784
caroinferno, NM,2018,2124
carokann, FM,2471,2612
carokannlover213, FM,2963,2985
carokantor, NM,1516,1842
carokhan9, FM,2301,2301
carol-medeiros, FM,2250,2132
carolina-moon, NM,2016,2216
carolinalujan, WGM,2295,2351
carolinamazariegos4488, WIM,1636,1876
carolinamazariegos88, WIM,1797,1805
carolinamuso, WIM,1519,1955
carolinasilvia, WIM,1681,1977
carolsantosalmonte, WFM,1385,1574
carow-kann, IM,2671,2859
carpediem1187, IM,2368,2403
carrotsandpizza, FM,2529,2615
caruana2017chess, NM,2155,2243
carumamed, FM,2122,2329
cas_sversion, WFM,1900,1256
casablanca, NM,2814,2843
cascarapapa, CM,2223,2258
casestudy25, NM,2162,2285
casparov00000, CM,2339,2408
casper, FM,2519,2602
casper_schoppen, GM,2908,3011
caspiisrael, GM,2778,2833
cassoulet, GM,2776,2857
castigador2, FM,2133,2456
castlelove2020, WFM,2000,1699
castleoasischess, NM,2331,2331
castleqweenside7447, FM,2503,2624
castlew1zard, FM,2528,2590
catalin009, FM,2638,2711
catalunya66, FM,2240,2360
caterpiller35, CM,2600,2683
cathateme, WCM,1939,2042
cathycristal, WCM,2127,2127
catkeson, NM,2430,2527
catlivesmatter, NM,2499,2549
catloverpl, CM,2479,2577
catmilk, WIM,1951,2087
cats4sale, FM,2445,2474
catzapto, NM,2458,2567
cavallo_bianco123, NM,2322,2344
cavoglav3, FM,2375,2393
cavschess2, NM,2141,2315
cayse, GM,2912,3034
caza-reyes, FM,2143,2223
cazador68, IM,2133,2132
ccccvhhhj, WFM,2386,2568
ccdk, NM,2157,2314
ccesar64, NM,2042,2210
ccfizz7, WCM,1420,1635
ccgoodknightrookie, NM,2495,2508
cchipanga1, CM,1920,2171
cchow64, NM,1834,1975
cchoww, NM,2466,2502
ccm2, WFM,2046,2256
ccoppola, IM,2486,2513
cd3m, FM,2509,2516
cdb13, NM,2375,2400
cdi61, FM,2240,2279
cdoespiao, FM,2547,2625
ce_lion, CM,2322,2380
ceciguillo, WFM,2153,2228
cecile-haussernot, WIM,2682,2808
cedchass2006, FM,2367,2573
cedrhask, NM,1652,1852
ceejay271, FM,2417,2514
celera-1, WGM,2307,2385
cemilcan, GM,2784,2784
centrumsakkiskola, IM,2661,2702
cephalopod11, NM,2207,2207
ceratigus, IM,2000,2000
ceraunophilmera, GM,3092,3149
cerdasbrs, GM,2199,2366
ceylonismcw, CM,2307,2151
cfalcons8, NM,2364,2627
cfjohansson, CM,2134,2530
cflchess, IM,2288,2324
cfn_good_evening, FM,2215,2536
ch3ssbot2021, FM,2836,2836
cha_charealsmooth, CM,2561,2600
chabanon, GM,2574,2614
chadaevnikolay, GM,2867,2984
chadbiryani, NM,2583,2664
chahraa, WCM,1919,1935
chain0, CM,2333,2333
chaineddowntohell, IM,2588,2686
chainsawwarrior3000, NM,2565,2510
chaitanya1932, CM,2412,2507
chaka_laka, NM,2134,2134
chakmatd, NM,2066,2198
chakraborty-arz, NM,2702,2702
chakruchess, IM,2172,2736
chaldon, FM,2222,2377
challengerii, NM,2220,2338
chalomoro, NM,2186,2276
chalowey97, CM,2215,2215
chamal_gedgafov, NM,2293,2480
chameleon_94, IM,2811,2957
champ1000, FM,2379,2475
champ2005, GM,3027,3084
champarden, CM,2440,2458
champblair, CM,2456,2554
championnn-9, NM,2638,2689
champjiguur, WCM,1942,1955
champstan, NM,2132,2571
chanchakman, CM,2251,2350
chandradi, NM,2481,2591
chandreyeehajra, WIM,2131,2475
chansen64, FM,2600,2600
chaos_magic, FM,2502,2506
char_dasha, IM,2487,2529
chargemax23, IM,2852,2918
charibert, IM,2174,2187
chariots_off_fire, CM,2339,2373
charizard1011, NM,2660,2780
charlatante, GM,2854,2958
charlescandycampbell, CM,2187,2390
charlesstrickland, IM,2243,2285
charlie101, FM,2370,2416
charlizevz, WIM,2137,2162
charlottemillard17, WCM,1337,1576
charly871, CM,2238,2314
charlyaz, FM,2237,2386
charne, WFM,1690,1888
charodej1, CM,2444,2528
chartreusesubmarine, FM,2576,2576
chartreuxx, WFM,2179,2551
chasing_checkmate, FM,2802,2875
chateaulefish, FM,2453,2528
chawitap, NM,2441,2540
cheap_thrills, IM,2077,2200
chebi34, IM,2403,2537
chebupelka52, FM,2345,2397
cheburashka2013, CM,2507,2553
chebure, IM,2300,3004
check_85, FM,2505,2580
checkamunky, FM,2905,2905
checkbits, GM,2415,2539
checkitas, WGM,2349,2400
checkm8r, NM,1757,1940
checkmatealot, CM,2463,2543
checkmatechampion01, CM,2315,2324
checkmatedbyraimo, IM,2839,2839
checkmatequen, WGM,2452,2473
checkmatereaper, CM,2200,2261
checkpulse, FM,1976,2354
checksumme, FM,2571,2578
checkthis4, IM,2715,2742
checky2015, GM,2920,2952
checom, GM,2047,2204
chedimir, IM,2499,2502
cheekyshrimp, WFM,2004,2035
cheer_down, CM,2462,2631
cheerfuldragon100, NM,2198,2226
cheese111, IM,2583,2625
chefshouse, GM,3120,3172
chefshouse99, NM,2510,2604
chefshouse_junior_2009, FM,2915,2978
chegueps, IM,2701,2851
cheilaandre, WCM,1436,1613
chellyart, CM,2329,2423
chelsiemonica, WIM,2499,2570
chemana, FM,2098,2098
chemim21, FM,2160,2310
chempiblinka, WFM,2317,2457
chempionbg, FM,2178,2403
chenmaster, NM,2376,2419
chennaibond, IM,2345,1966
chenrip, NM,2425,2589
chenxiaoyuer, IM,2786,3013
chenyining99, WCM,2072,2082
cheonsh420, CM,2200,2114
chepaschess, GM,2904,2908
chera_chola_pandya_in2024, FM,2675,2781
cherepov_alexej, CM,2494,2520
cherneevo_23, IM,2573,2573
chernobay_artem, GM,2669,2730
chernov_alexander_a, FM,2363,2371
chernov_mikhail, FM,2512,2601
chernyavsky_a, FM,2433,2541
cherone, IM,2588,2669
cherysi, WFM,1675,2037
chescont, FM,2230,2320
chesmc, NM,2174,2271
chesmon, NM,2270,2356
chesper99, FM,2165,2409
chess09chess09, NM,2048,2134
chess123456s, FM,2644,2701
chess13524678, NM,2492,2541
chess160385020, IM,2477,2477
chess1student, CM,2169,2307
chess2024rk, FM,2621,2639
chess23wizzard, IM,2622,2807
chess2smart, NM,2566,2620
chess3054, IM,2636,2665
chess4always, WFM,2170,2341
chess4ever007, IM,2426,2535
chess4life23, NM,2272,2533
chess4life87, WIM,2201,2320
chess50years, NM,2072,2180
chess64surfer, CM,2220,2184
chess77420, FM,2608,2600
chess9406, WGM,2137,2295
chess94cu, IM,2757,2753
chess_09l, WFM,2403,2411
chess_286, FM,2731,2846
chess_blitz00, FM,2666,2793
chess_blondinka, WFM,2312,2312
chess_boricua, CM,2696,2703
chess_brilliant, FM,2020,2528
chess_caio2007, NM,2805,2807
chess_caramel, WCM,2645,2723
chess_coach_2024, FM,2605,2649
chess_cryptoworld, FM,2567,2662
chess_diligent, FM,2588,2641
chess_fellow, IM,2444,2562
chess_foreveryone, NM,2305,2380
chess_fun_21, WGM,2222,2222
chess_gainz, NM,2632,2649
chess_international, NM,2417,2548
chess_legend4567, IM,2668,2754
chess_leo, IM,2000,2000
chess_lynx, NM,2120,2350
chess_mad35, FM,2575,2670
chess_master1982, FM,2700,2666
chess_master_8820, FM,2878,2996
chess_maylovsky, NM,1821,2113
chess_pandemonium, WIM,1463,1530
chess_peak, FM,2556,2568
chess_player_29, FM,2343,2546
chess_princessa, WCM,2075,2091
chess_rehab, NM,2438,2494
chess_rsm, FM,2777,2783
chess_sas123, FM,1877,1948
chess_star1234, NM,2580,2718
chess_tunes, FM,2422,2675
chess_vibes1479, WCM,1905,2008
chess_zpx, GM,2816,2920
chessablanca, CM,2737,2854
chessacademia, FM,2228,2360
chessadiction1990, NM,2169,2265
chessadvanceusa, NM,2513,2545
chessaintfun, IM,2798,2798
chessajedrezz2020, IM,2653,2825
chessalow, FM,2211,2342
chessamical, CM,2323,2359
chessangel5, WIM,2015,2110
chessarchitect64, FM,2231,2299
chessasuke, GM,2532,2735
chessaurochs, IM,2585,2658
chessawp, GM,2986,3028
chessbaerchen, FM,2747,2781
chessbard1972, FM,2311,2563
chessbia, WIM,2319,2444
chessbitl, NM,2529,2529
chessbliss09, WFM,2321,2332
chessboart, FM,2309,2430
chessbook314, NM,2335,2419
chessbossgm, CM,2100,1979
chessbrah, GM,2994,3053
chessburger_tv, FM,2505,2591
chesscenterofficial, NM,2630,2676
chesschronicles123, CM,2201,2234
chessclassroom64, FM,2081,2247
chesscoach2025, CM,2164,2164
chesscoach4u, CM,2112,2175
chesscoach64, FM,2503,2533
chesscoach_golichenko, IM,2669,2750
chesscoach_uk, NM,2372,2515
chesscoachandras, IM,2808,2808
chesscoachrachel, CM,1888,2057
chesscoachtaipei, CM,2350,2362
chesscoadch, NM,2375,2438
chesscompressions, NM,2564,2798
chesscraze2702, FM,2048,2144
chesscular_the_goat, CM,2298,2412
chessculator16, WFM,2361,2430
chessczar11, FM,2020,2214
chessdadleague, WFM,2426,2505
chessdeep2017, NM,2133,2374
chessdemon2019, CM,2442,2563
chessdjw, GM,2901,2901
chessdojo, IM,2191,2643
chessdokmus, NM,2386,2744
chessdoll90, WIM,2535,2646
chessdragon7161, FM,2611,2697
chessdreamer2001, WIM,2585,2663
chessdreamer2020, FM,2634,2654
chessdryad, NM,1757,2054
chessdude, GM,2670,2702
chessdude1987, NM,2484,2485
chesseducation4u, GM,2322,2571
chesselephant, NM,2588,2656
chessenthusiastone, IM,2529,2537
chessevolve1, NM,2316,2338
chessexplained, IM,2614,2672
chessfannm, CM,2413,2417
chessfatbear, GM,2909,2938
chessfiction, NM,2504,2504
chessfighter1975, NM,2503,2548
chessfighter7, FM,2454,2520
chessfighter_2011, IM,3046,3070
chessfinity27, FM,2753,2779
chessflav, FM,2305,2370
chessforme17, FM,2367,2412
chessforthesun, NM,2533,2759
chessfreak35, GM,2632,2756
chessfrendz, IM,2248,2434
chessfrois, CM,2047,2211
chessfunmaker, FM,2342,2433
chessgamingpro, CM,1385,1849
chessgiantyoutube, NM,2344,2457
chessgm3000_bw, WFM,1747,1782
chessgoddess, WFM,2206,2206
chessharborbutcher, FM,2353,2515
chesshercules1, CM,2224,2254
chesshermar, CM,2416,2508
chesshh11, WGM,2551,2620
chesshippopotamchik, WGM,2350,2350
chesshorizon28, CM,2516,2580
chesshoudini, NM,2394,2451
chessiahcom, IM,2706,2670
chessialist, GM,2657,2935
chessicallyinclined, FM,2824,2895
chessifizer, NM,2330,2586
chessinfun2030, GM,2568,2812
chessintuit, GM,2800,2859
chessislife110, WFM,2560,2570
chessiteration, IM,2604,2642
chessive94, WIM,1885,1992
chessjazda, CM,2361,2415
chessjester21, CM,2171,2288
chesska16, WFM,1856,1904
chesskalmar, FM,2453,2553
chesskhan11, CM,2607,2776
chesskid1220, IM,2253,2384
chessking0310, IM,2805,2827
chessking2151, FM,2884,2884
chessking518, GM,2918,2929
chesskingcasa, CM,1913,2187
chessklubhodkonem, FM,2013,2193
chessknight02, FM,2533,2533
chesskov1982, IM,2908,2918
chessland2004, WFM,2408,2499
chesslani123, WFM,2127,2223
chesslebanesesalah, NM,2501,2717
chesslee0420, FM,2612,2663
chesslh93, CM,2473,2521
chesslifestylearm, WIM,2143,2143
chesslover-1995, IM,2438,2646
chesslover0108, GM,3060,3127
chessloveyou, CM,2126,2234
chessma48, WFM,2227,2378
chessmachine14, WIM,2529,2537
chessmadara, NM,2157,2315
chessmagia, NM,1908,1997
chessmagician64, GM,2913,2971
chessmanp, FM,2216,2388
chessmanplayer15, IM,2518,2540
chessmast123, NM,2200,2221
chessmastaflash88, GM,2974,2981
chessmaster2011_1, FM,2839,2874
chessmaster67890123, CM,2204,2302
chessmasterjblack, NM,2471,2616
chessmasterlviv, IM,2430,2432
chessmasterzt, IM,2700,2716
chessmatenokk17, FM,2814,2894
chessmateto, NM,2485,2594
chessmatic242, CM,2009,2031
chessmatic_weapon, FM,2640,2680
chessmatus, FM,2494,2683
chessmaugli, WFM,2423,2501
chessmause, CM,2348,2411
chessmavenyeti, NM,2340,2474
chessmayhem1, CM,2277,2329
chessmilktea, CM,2137,2139
chessminator100, WIM,2483,2565
chessmisic, GM,2136,2382
chessmissile07, IM,2813,3021
chessmisskiss, WFM,1842,2218
chessmmamaster, FM,2600,2600
chessmon527, WCM,1506,1806
chessmoo, NM,2514,2591
chessmood, GM,2961,3073
chessmotives, CM,2536,2629
chessnerdstv, GM,2608,2620
chessnetwork, NM,2759,2851
chessninja48, NM,2465,2502
chessniper2000, FM,2414,2455
chessnomin, IM,2376,2428
chessnsk, IM,2546,2567
chessnut2018, WCM,1287,1577
chessnycm, CM,2549,2594
chessolja, IM,2526,2526
chessonado, GM,2815,3023
chessonthemat007, GM,2841,2877
chesspablodm, IM,2210,2353
chesspaider, WFM,1822,1985
chesspanda, NM,2224,2277
chesspanda123, GM,3099,3135
chessparakeet, WFM,2105,2373
chesspattern_on_instagram, CM,2534,1585
chesspeople, IM,2504,2504
chessphoenix17, GM,2723,2856
chesspilot01, NM,2594,2603
chesspingvin1995, WFM,2476,2476
chesspionage64, WFM,2205,2309
chesspirate_channel, NM,2403,2492
chessplayer522009, CM,2526,2575
chessplayer9919, FM,2621,2739
chessplayer_357, WFM,2303,2318
chesspreceptor, IM,2652,2731
chessprince68, IM,2516,2534
chessprincesa1, WFM,2407,2503
chesspromotionalex, IM,2662,2673
chesspupil777, CM,2592,2716
chessqueen, GM,2758,2850
chessqueen2200, WFM,2166,2232
chessqueen64, WFM,2001,2060
chessqueenlq, WFM,2605,2605
chessrespected, IM,2635,2640
chessrevelation, NM,2655,2655
chessrook_e, NM,2339,2424
chessrush123, IM,2803,2889
chesss1r, FM,2601,2713
chesssavvy, NM,2382,2379
chessscoutgirl, WCM,1770,2021
chesssg1, FM,2517,2530
chesssharkattack, CM,2320,2462
chesssharkz, GM,3005,3040
chessshop, NM,2640,2745
chessskool, GM,2708,2823
chesssplayer21, GM,3001,3049
chesssteakjimmmy, NM,2546,2664
chessswole, FM,2639,2805
chesstankman, FM,2620,2665
chesstankman11, NM,2493,2655
chesstar, CM,2193,2236
chesstatour, NM,2201,2247
chessteacher1973, NM,2142,2307
chessteacherpalms, FM,2442,2486
chesster2500, IM,2042,2249
chessterra87, WGM,2307,2481
chesstiger64, CM,2356,2416
chesstrail, NM,2588,2642
chesstrainer1, IM,2529,2529
chesstrainer2042, GM,2645,2645
chesstrainerit, FM,2364,2560
chesstrainerjop, IM,2213,2400
chesstraining77, GM,2287,2988
chesstrix0, GM,3097,3159
chessunicorn777777, CM,2471,2517
chessuriel, CM,2387,2423
chessvedant09, NM,2081,2329
chessvegaacademy, FM,2341,2341
chessvigoa, WGM,2308,2548
chessvr, NM,2128,2256
chesswalebhau, CM,1294,2153
chesswarrior3, CM,2329,2502
chesswarrior7197, GM,3127,3202
chesswarrior8688, NM,2498,2506
chessweb101, NM,2562,2610
chessweebs, GM,2880,3014
chesswitch23, WIM,2201,2399
chesswithakeem, CM,2449,2547
chesswizard1905, CM,2615,2605
chesswizard393939, CM,2511,2525
chesswizard_2007, IM,3074,3074
chesswolf1210, GM,2701,2701
chesswooog, NM,2305,2497
chessworks24, CM,2212,2275
chessworks64, NM,2199,2289
chesswy, GM,3009,3037
chessy222222, CM,2205,2362
chessyanchik, WFM,2313,2452
chessydotcom, WIM,2438,2486
chessyinstinct, NM,2341,2564
chesszeror, FM,2433,2519
chesterf, IM,2508,2587
chesther68, WIM,1886,2060
cheszology, NM,1938,2032
chezhoosier, NM,1921,2275
chezz_masterr, CM,2459,2459
chezzgirl04, WIM,2318,2421
chfsbr, CM,2233,2250
chhatturangam, CM,2368,2571
chiari1, FM,2375,2375
chicco1971, NM,2162,2244
chichi192, WFM,1829,2150
chichin_chao, FM,2237,2480
chickay, WNM,2272,2272
chickencrossroad, FM,2520,2636
chicomaster, NM,2098,2261
chicquitita, WFM,1953,2100
chidori_boruto, FM,2711,2712
chigorin28, CM,2534,2726
chigorinetz, IM,2592,2725
chika-lily, CM,2806,2816
childrenandchess, WIM,1781,1829
chill_out112, CM,2748,2776
chillchess11, FM,2410,2570
chillingblunder, NM,2431,2606
chillinx, FM,2640,2673
chimbiri, WFM,1865,2130
chimegdee, IM,2400,1908
chingatchuk, IM,2284,2523
chinguunsu, FM,2855,2870
chini1990, FM,2202,2497
chinkuchess, WIM,2102,2123
chinni2250, CM,2272,2095
chinocordobes, NM,2360,2360
chipmunknau, IM,2728,2790
chiquitita23, WFM,2360,2415
chito89, GM,2934,3021
chitogvritooo, WFM,2568,2475
chiwii, WCM,2249,2327
chmaster15, NM,2366,2520
chococrispis, FM,2599,2660
chocolate_cookie02, FM,2880,2880
chocolate_pieces, CM,2241,2244
chocolateroses, WIM,2256,2428
cholmogorov, CM,2346,2551
cholzan, IM,2571,2707
chomiczek786, CM,2699,2721
chop-that-wood, NM,2355,2364
chopotin, NM,2453,2551
chopper1905, GM,3001,3041
chorejason, FM,2256,2430
chosenpr, CM,2305,2465
chourahbil, WIM,2153,2320
chowman64, GM,2659,2766
chrisbeaumont43, IM,1812,2223
chrisbussi, FM,1812,1770
chrisclaireredfield, IM,2591,2788
chrispalo21, FM,2480,2450
chrissuleman, NM,2571,2610
christ_is_alive, FM,2379,2443
christatix, NM,1845,2502
christian_jordan, CM,2037,2312
christianarca, FM,2854,2881
christianj2023fm, FM,2361,2547
christoferpeterson, NM,2412,2535
christool2, NM,2229,2506
christoph_scheerer, IM,2575,2567
christopher800, CM,1983,2158
christophergarz, FM,2584,2620
christophermunoz, FM,2503,2503
christopheryoo, GM,3096,3129
christov91, IM,2729,2839
chriswallis, FM,2532,2532
chrizzdiano-goonaldo, FM,2411,2583
chronoknight, NM,2327,2327
chsalas, FM,2568,2669
chuchofrio1, CM,2459,2544
chuckphil, CM,2555,2670
chucksterf10, IM,2700,2726
chuddog, FM,2342,2618
chuessco, NM,2429,2555
chupitroko32, FM,2492,2503
chushoudelu, CM,2284,2397
chuson, IM,2683,2715
chxss_khxsbu, WCM,1917,2022
ciaociao666, NM,2205,2205
cidonka, IM,2319,2406
cieguito07, FM,2068,2121
cienfuegos07, CM,2064,2262
cigocavernoso11, WCM,1908,1970
cikagile, IM,2378,2602
cioxminator, IM,2454,2483
cipherc0dex, FM,1330,1800
cipy77, GM,2682,2694
ciricpx, FM,2559,2587
cirky, FM,2490,2635
ciseric, IM,2132,2132
cisterciense, CM,2403,2491
citychess_said, GM,2525,2678
ciucas1892, CM,2491,2533
ciutadella, FM,2602,2619
cixper1968, FM,1827,2250
cjxchess17, NM,2249,2515
ckgchess, GM,2918,3009
clapton, FM,2255,2440
claretiano2018, WCM,1988,2051
clarkie60, FM,2299,2314
classyel, GM,2714,2725
clauamura, WGM,2356,2434
claudiasof, WFM,2197,2362
claudio-negrini-115, FM,2366,2461
claudio2006, FM,2639,2798
claudioa, NM,2280,2343
claudiuprunescu, FM,2213,2272
claudyna16, IM,2500,2588
clausanluis, WGM,2450,2450
clayk1ng, CM,2347,2493
cldng, NM,2360,2360
clevervoyage, WIM,2477,2543
climbthematterhorn, IM,2618,2847
clockworkkubrick, FM,2224,2329
closed2222, IM,2525,2525
cluepon, CM,1991,1991
cluke86, CM,2357,2461
clumsy2022, WFM,2095,2023
clydehillkid, IM,2772,2832
cm-jorgetobar, CM,2411,2481
cm-oujda, CM,2471,2531
cm_fm_im_gm, CM,1959,2062
cm_perligero, CM,2025,2252
cm_rui, CM,2750,2755
cmbutgood, CM,2607,2614
cmbutzone, CM,2203,2417
cmfernandez, CM,2239,2239
cmmauricio, FM,2759,2890
cmorales2001, FM,2556,2575
cmpassgall, FM,2605,2625
cmrolchess, CM,2253,2411
cms13, WFM,2277,2365
cmunda, CM,2215,2313
coach73, CM,2343,2460
coach_davido, GM,2660,2855
coach_istvanovszki, FM,2663,2718
coach_jacob, CM,2567,2692
coachalexispt, NM,2347,2451
coachchouchan, WFM,2051,2086
coachdean78, FM,2405,2464
coachfmbgabor, FM,2616,2616
coachhakia, NM,2053,2264
coachjkane, NM,2701,2764
coachkevinvelazquez, NM,2400,2415
coachlazypawn, IM,2333,2352
coachlorente, FM,2307,2307
coachneil, NM,1825,1862
coachofcarlsen, IM,2630,2838
coachpoker, IM,2781,2828
coachrachelle, WCM,1705,1768
coachric, NM,2593,2593
coachtatiana, WIM,2039,2242
coachvadim, FM,2482,2523
coalescenet, NM,2390,2439
coastaljourney, NM,2444,2449
cobysters, NM,2654,2665
cocaino74, FM,2379,2444
cochess777, CM,2555,2582
cockroach_motel, NM,1846,2224
coco_crc, NM,2395,2428
cocobala, GM,2817,2886
cocoguette23, CM,2771,2809
cocolino12, IM,2392,2452
cocolino31, FM,2662,2675
cocomieee, CM,2819,2819
coconutik757, WIM,2456,2408
cocosiukas, CM,2565,2622
cocovitsch007, CM,2176,2427
cocovitschl77, CM,2241,2330
codapbg94, CM,2289,2316
codobrego, WFM,2375,2503
cody1983, GM,2768,2852
codygakp0, NM,2417,2424
coffeehouse_04, FM,2201,2283
coffeelover1, FM,2125,2237
colchonero64, GM,2799,3080
coldplace, GM,2719,2963
colemman, FM,2650,2623
colerranmorad, GM,2851,2877
colguamex, IM,2011,2303
colincreeveydennic, FM,2418,2694
colnzhe, WCM,2291,2383
colonelcassad, FM,2463,2567
colorstrilogy, FM,2419,2444
colossus9000, IM,2972,3058
columbiachessclub, NM,2350,2409
colvit, IM,2510,2581
commando_droid, IM,2834,2854
compactsmg, CM,2197,2226
completely_alien, FM,2635,2787
comsac, NM,2410,2523
conejoviejo67, CM,2412,2518
confer77, FM,2549,2619
conformalfunction, CM,2355,2421
confused_3, WCM,2035,2275
conhecimentocaca775, NM,2507,2517
conmbatha, WFM,1642,1663
connected_pawns1901, CM,2148,2215
connienanna, FM,2828,2759
conquering, GM,2812,2887
conquistador-nomada, IM,3002,3002
conscientiousconscious, WFM,1820,1824
contora, GM,2240,2809
contrerasfiorella, WIM,2139,2306
contrversia, GM,2951,2966
converchess, FM,2252,2434
coocloo, NM,2075,2140
cookiesandicecream, NM,2353,2573
cool64chess, CM,2506,2617
coolinglass, NM,2075,2122
coolpache, NM,2078,2103
coolthing, FM,2477,2633
copaamericano, FM,2453,2590
copanchess, CM,2158,2236
copernicium112, FM,2430,2430
copperbrain, GM,2733,2866
coquitovich, NM,2193,2240
coraa29, WCM,1784,1930
corals, WFM,1942,2082
coremind, FM,2143,2263
corfuinchess, CM,2347,2390
corjaa7, NM,2177,2206
cornelison, CM,1939,2045
cornwallite, NM,2301,2301
corpescador, CM,2629,2656
corporate_mundo, NM,2532,2648
corre_por_tu_vida, IM,2563,2636
corvachesky, FM,2477,2545
cory_evans, NM,2306,2332
cosi43, FM,2667,2735
cosmosx, FM,2329,2408
costarenan, FM,2386,2495
costing, NM,2294,2357
cottage_cheese, NM,2297,2511
couche_tardchess, NM,2608,2624
countofmontecristo, FM,2091,2253
courgete, GM,2965,2965
coyneollary, NM,2644,2666
cperni, NM,2406,2375
cpor3, FM,2184,2341
cptn2, FM,2800,2804
cptyn, IM,2000,1931
crackcubano, GM,2864,2864
craigle12, NM,2014,2088
crapov, NM,2010,2118
crasmus, FM,2329,2382
crasyhealer, FM,2576,2605
crayonrouge, NM,1958,2017
crazy, GM,2369,2437
crazy1chess6, FM,2359,2466
crazy64s, FM,2049,2049
crazy_but_lazy, FM,2742,2778
crazy_eight, FM,2553,2646
crazy_girl99, WGM,2737,2869
crazy_m_attack, WFM,2687,2749
crazy_machine, IM,2616,2782
crazy_passion_fruit, IM,2584,2689
crazybeasts, CM,2576,2646
crazyboy26, GM,2655,2752
crazycheesecake, WCM,2078,2191
crazyhorse244, FM,2306,2347
crazykillingattack, CM,2464,2589
crazyluzhinth3, IM,2653,2706
crazymartian, NM,2456,2505
crazymushroomt, FM,2608,2678
cream_cookies, WIM,2356,2478
creatino90, FM,2458,2578
creativemind_s, IM,2662,2789
creativity, CM,2077,2114
crescendolls, IM,2600,2715
crescentmoon2411, GM,2977,3120
crgkrishna, IM,2748,2794
crimefightingspider07, FM,2584,2633
crisfoisor, WGM,2005,2224
crishulktarzan, IM,2249,2253
cristhiancruzsanchez, GM,2682,2733
cristhianportalr, FM,2482,2566
cristi_coca, FM,2391,2552
cristianbale_64, IM,2216,2698
cristiancamilosoto, FM,2550,2706
cristiano78, NM,2205,2330
cristians27, FM,2576,2632
cristiansampaoli, CM,2475,2508
cristianserban1, FM,2684,2794
cristina2011, NM,2211,2323
cristobalblanco, IM,2158,2558
criticalmoment, FM,2271,2297
crni_ns, FM,2328,2328
crobliterator, CM,2510,2585
crocodiledand, FM,2366,2389
croissantneuf, FM,2357,2507
cronos96, CM,2472,2474
cronos97, CM,2318,2332
crookedpony, IM,2555,2570
crosky, NM,2507,2456
cross91, CM,1851,1980
crossingthestreet, IM,2530,2691
crptone, NM,2536,2618
crtsea, WIM,2421,2536
cruel_yaro, GM,2773,2943
cruise999, GM,2762,2847
crush, NM,1421,2159
crushernt, WNM,2123,2247
crushingkings, FM,2617,2773
cruziana, WGM,2343,2343
cruzwilliam, FM,2440,2533
cryptic_warrior, CM,2589,2635
cryptinz, IM,2589,2683
cryptoguru02, FM,2583,2679
crywolf1986, IM,2557,2701
crzgirl, WIM,2569,2627
csabba80, CM,2076,2213
csati17, FM,2692,2722
csativero, FM,2353,2444
csb7, IM,2824,2868
cschess, FM,2144,2191
csipi, FM,2156,2310
csovi_csovi_jasper, FM,2194,2417
cthake, CM,1882,1992
cthulhuuu, CM,2403,2584
cthutq, FM,2258,2316
ctionescu, GM,2450,2060
ctrlaltdelprtsc, FM,2543,2619
cubanknight67, FM,2099,2355
cubitas, GM,2613,2735
cuchulin, CM,2349,2349
cuervito, NM,2531,2531
cugimura97, CM,2702,2705
cukiero, IM,2570,2601
cukin84, NM,2135,2374
cukricek, CM,2416,2612
cukus, WGM,2485,2612
culum2007, IM,2621,2594
cunning_horse01, CM,2640,2697
cuprichanin, CM,2649,2698
curacao2, CM,1665,1961
curradogianfigliazzi, NM,2272,2293
currutaco59, CM,2300,2399
custodioxxi, NM,2071,2237
cute_castle, GM,2686,2793
cuterook, FM,2341,2579
cutesheepcloud, FM,2585,2799
cwbim, NM,2376,2428
cxrjs, WIM,2458,2539
cyb3rfight3r, CM,2454,2559
cyber-alekhine2, CM,2280,2535
cyber87547, FM,2973,2973
cyberdelchess, FM,2316,2378
cyberneticlion, FM,2720,2774
cybersurfer12, FM,2528,2621
cycygogne, WFM,2275,2344
cyndad, FM,2425,2499
cyrano-lossi, CM,2325,2445
cyrdap, IM,2728,2776
cyrilfelrodtelesforo, NM,2453,2749
cyrilmarcelin, GM,2583,2622
cys9772, FM,2631,2632
cz28, NM,2337,2373
czar101101101, CM,1903,2020
czarniecka_a, NM,2167,2218
czasnaszachy, FM,2501,2526
czechbul17, WFM,2295,2295
czechmviii, NM,2306,2396
czentoviclifir, FM,2617,2487
czernikowsqa, WCM,2118,2118
d-fernandez, GM,2821,2821
d0br0v01skiy, FM,2583,2585
d0cbr0wn, NM,2219,2451
d0tn3t, NM,2130,2130
d0wnpour, IM,2638,2709
d1sintegrator, FM,2716,2743
d4ismine, CM,2305,2369
d_prawira, NM,2205,2333
daaksboy, FM,2445,2549
daanbrandenburg, GM,2645,2695
daat, GM,2893,2893
dabee, FM,2548,2626
dacean99, FM,2612,2715
dacf2905, CM,2468,2472
dachessmandan, FM,2613,2699
dacresdon, CM,2120,2189
daddy-cool, FM,2419,2550
daddystrength, FM,2483,2520
dadice10, FM,2241,2324
dadn02, CM,2387,2448
daeg86, IM,2375,2513
daeneryst, IM,2745,2911
daesdo, FM,2690,2802
daffidollchess2, IM,2832,2974
dafnu83, FM,2503,2543
dafny2005, IM,2911,2970
daggigretarsson, GM,2638,2764
dagurr, IM,2802,2802
dahamdi_sanudula, WFM,2145,2225
daia93, WCM,1616,1671
daijahdjohnson, WCM,1670,1670
daika91, GM,2742,3016
dale, NM,2077,2216
daleenw91, WIM,1732,2191
dalichess, WFM,1900,1798
dalmatinac101, GM,2879,3016
dam3az, IM,2254,2406
damagedoers, FM,2228,2396
damai87, CM,2104,2275
damayito, WFM,1953,1965
damianolew95, IM,2789,2845
damianschualle, NM,2409,2531
damirko06, IM,2162,2212
damnsexydude, IM,2716,2810
dampfalcon, NM,2426,2505
danak2007, WFM,2356,2377
danatcramlingdotse, IM,2226,2321
danath74, CM,2424,2567
dancesar, NM,2085,2110
dancingheaven16, GM,2330,2498
danesz22, IM,2252,2616
danet1994, WFM,1746,1771
danfii, IM,2530,2667
danger_in_prime, FM,2864,2947
dangerousattack1st, GM,2751,2912
dangerousclicker, CM,2300,2245
dangerouscm, CM,1735,2001
dangerousplayer1st, FM,2894,2894
dangerzone214, NM,2712,2705
danhh2, NM,2120,2268
danhy, IM,2228,2515
dani097, CM,2142,2145
daniel-2003, CM,2350,2390
daniel_fridman, GM,2572,2846
daniel_m02, FM,2177,2403
daniel_recker07, FM,2506,2564
daniel_salinas, FM,2419,2446
daniela_movileanu, WIM,2434,2629
danielarias00, FM,2426,2444
danielarias1234, FM,2461,2423
danielaus, NM,2224,2272
danieldardha2005, GM,3077,3105
danielisamazing, NM,1974,2349
danielking, GM,1549,1549
danielmieles1985, IM,2574,2702
danielnaroditsky, GM,2868,3278
danielrensch, IM,2683,2734
danielsaiz01, FM,2605,2624
danieltitichoca, CM,2541,2648
danigol71, NM,2112,2130
daniilshnurov, CM,2225,2304
danikprazak, FM,2438,2358
danilnajdin, FM,2585,2724
danilovvladimir, IM,2562,2647
danioo, CM,2242,2242
danir29, GM,2700,2816
danirod, FM,2650,2775
danishcrown, WFM,2228,2499
danito1954, FM,2542,2543
danitzapr1, FM,2254,2254
dankalpacas, NM,2401,2459
danlowinger, NM,2542,2658
danmem, FM,1732,2140
danny, IM,2508,2508
dannyings83972, FM,2524,2529
dannylondon, CM,2324,2325
dannywanny8, NM,2335,2341
dannyyi, FM,2218,2393
danshev16, CM,2586,2604
dantesa, CM,1666,1784
dantesakk, IM,2688,2724
danykopy, IM,2682,2702
danylabagrov, CM,2689,2779
danyuffa, GM,2621,2770
dao-sheng, CM,1990,2141
dapsay, IM,2604,2633
daqzen, FM,2497,2566
dare-dare, NM,2515,2646
darhild, NM,2819,2837
darian1102, CM,1939,2000
dariavoit, WGM,2546,2590
dariomione, FM,2277,2401
darius321, FM,2375,2407
dark_chess_smg, FM,2616,2644
dark_horse05, WFM,2197,2253
dark_king_30, CM,2600,2673
dark_lukoje, CM,2604,2604
dark_monster123, CM,2131,2224
dark_soul98, GM,2776,2786
darkal62, IM,2387,2425
darkalekhine, GM,2932,2932
darkangel1970, IM,2353,2568
darkbluelord, NM,2317,2329
darkdefense15, CM,2474,2461
darkdefense16, FM,2559,2575
darkingreatness, NM,2204,2269
darkknight123456, NM,2314,2392
darko-dimitrijevic, FM,2214,2282
darkpassenger007, IM,2349,2528
darkshadoowv, CM,2702,2721
darktemplarchess, FM,2341,2465
darkwingduck98, IM,2850,2897
daro94, GM,2989,3020
darozin, IM,2482,2642
darsen_sanzhaev, IM,2505,2650
darthkiller2020, FM,2244,2382
darwizzyd, CM,2328,2343
darzay, WFM,2374,2407
das_virus_2020, IM,2556,2586
dasatcu, CM,2125,2195
dasatcu90, CM,2465,2535
dashi10, CM,2532,2535
dashzapper, FM,2485,2641
data_pillars, CM,2314,2314
dauletova, WGM,2295,2408
davdavtyan21, FM,2625,2675
dave_chessmate, FM,2695,2777
davekoenig, FM,2227,2304
david060104, FM,2327,2377
david1998zakaryan, IM,2533,2596
david_alex, CM,2409,2468
david_arutinian, GM,2931,2957
david_atm, CM,2500,2511
david_george21, FM,2557,2623
david_gomez, FM,2528,2706
david_klein, GM,2540,2773
davidalhesa2007, CM,2229,2229
davidarenas1224, GM,2498,2647
davidbaramidze, GM,2439,2517
davidearcuti, IM,2580,2697
davidegglestonim, IM,2440,2824
davidfarsen, NM,2399,2456
davidforthoffer, NM,2161,2353
davidgavrilescu18, GM,2970,2929
davidhdzsts, CM,1936,2130
davidkalashian, IM,2603,2776
davidlana1987, FM,2632,2632
davidloupan, NM,2072,2249
davidmarkosyan, GM,2705,2710
davidmartins, IM,2611,2741
davidojeda, FM,2417,2477
davidreti, CM,1722,2024
davidstevanic, FM,2363,2500
davigator, CM,2400,2458
davitsantryan02, CM,2278,2380
davitzarkua, IM,2646,2646
daviv52, NM,2220,2346
davor_rogic, GM,2349,2522
davorinkuljasevic, GM,2706,2777
davorramesa, FM,2236,2354
davoz94, NM,2195,2390
davserr65, CM,2433,2433
davsur, FM,2542,2558
davydbg, FM,2617,2681
dawid498, FM,2699,2765
dawidczerw, IM,2503,2617
dawnofepiphany, IM,2659,2801
dawnrule, NM,2503,2634
dawtonlms, FM,2515,2601
dayan64, FM,2140,2418
db-banana, FM,2525,2553
dbanak, CM,1675,1802
dbestsmiles, FM,2368,2538
dbojkov, GM,2395,2446
dbrankovic68, IM,2506,2653
dcacheiro, FM,2623,2671
dcann0n88, IM,2581,2639
dcremisi, NM,2659,2682
ddevreugt, GM,2371,2553
ddobravcan, FM,2229,2294
ddt94, NM,2043,2172
ddterziev04, CM,2291,2424
ddtru, FM,2433,2513
deadeye10, GM,2958,2930
dealshark, CM,2341,2566
deanofchess, IM,2556,2556
dearmike, GM,2684,2799
dearron_fox, FM,2711,2779
deathadder96, IM,2854,2931
deathcounter, CM,2209,2317
deathincoolingmoonlight, NM,2330,2537
deathkni_g_ht, IM,2700,2763
deathlan, CM,2561,2607
deballer, FM,2564,2660
debashisdebs, GM,2819,2941
debilementhol, NM,2125,2496
debooshzilla, CM,2782,2806
debussycilienne, FM,2547,2615
declan-smith, CM,2157,2400
dedic8, GM,2936,2995
dedpihto_v_kozhanom_palto, IM,2761,2784
dedushkakolya, FM,2711,2821
deenzerz, CM,2571,2640
deep306, GM,2650,2674
deep_forest_dude, FM,2562,2725
deeper44, CM,2588,2772
deepestfear, NM,2344,2409
deepfear, WCM,1870,2016
deeprabbit, IM,2559,2614
defenceboy, GM,2898,3003
defencewinschampionships, FM,2330,2358
defend1r, FM,2588,2899
defenstrator, NM,2496,2666
defiantchair, FM,2589,2743
defibaugh, NM,2531,2550
degenwaifu, CM,2612,2623
degroottez, IM,2961,2952
deibittowers, CM,2146,2379
deisepereira, WCM,1401,1682
dejannestor64, IM,2524,2529
dejavu-69, FM,2238,2271
delaossa05, FM,2411,2519
deletham, WFM,1905,1951
delfin000, WFM,2596,2615
delfina20jo, WCM,1463,1750
delhigm, GM,2565,2824
deloewre, NM,2081,2209
delphin11, IM,2396,2702
delpi2003, FM,2222,2361
delqate, FM,2550,2623
delusional_knight, CM,2420,2760
demadirk, FM,2081,2230
demeter39, WGM,2508,2534
demon64fields, IM,2923,3013
demondom, NM,2245,2265
den_kuzo, GM,3001,3029
dendirk, FM,2382,2566
denextworldchamp, IM,2727,2858
denghao, FM,2260,1742
denguvi, WCM,1622,1933
denielsafarov, FM,2899,2908
denikina, WFM,2099,2229
denis-radocaj, FM,2484,2528
denis0027-inactive, IM,2543,2569
denis_makhnyov, GM,3005,3032
denis_palkovich, FM,2125,2338
denis_petrukhin, IM,2403,2403
denisenko_denis, CM,2447,2523
denishevm, FM,2725,2759
denispopov, FM,1831,2005
denisq, IM,2775,2787
denizg123, NM,2008,2248
denizozen, IM,2928,2954
denizseyhanoglu1, NM,2358,2460
denkertanker, IM,2372,2374
denksportacademie, FM,2112,2383
denlaz, GM,3204,3217
denmark2015, NM,2643,2660
denniskk, CM,1894,2158
dennisodessa, FM,2632,2804
denozaver, FM,2328,2305
depredadorjwd, FM,2181,2324
depressed_frog69420, CM,2362,2434
der_balak_3halak, FM,2655,2817
der_honigdachs, IM,2535,2633
der_maulwurf, FM,2528,2540
derbenev_andrey, IM,2507,2523
dereito, FM,2585,2665
derekcclasby, FM,2743,2810
derevnin_mikhail, FM,2220,2424
dergelbfarbefanatiker, CM,2603,2634
deribas12345, IM,2632,2713
derknipser, CM,2400,2476
derossi2800, NM,2352,2464
derreelle, CM,2089,2089
dersteinadler1ch, FM,2554,2558
des_04, WCM,2011,2011
descartest, FM,2156,2414
desconocido04, GM,2563,2604
desi_tal, CM,2518,2598
destroyer305, FM,2490,2546
destroyerjohny, CM,2252,2281
destroyermassive, WCM,1929,2046
destruyeabuelitas, FM,2413,2478
desxmchna, NM,2404,2501
detectiveorange, WCM,1608,1608
detimmerman, IM,2766,2907
deuterio010, FM,2798,2825
deutschekaros, WFM,2048,2052
dev_shah2007, CM,2388,2468
deviatkinandrey, GM,2865,2886
devikbronstein, GM,2937,2984
devil71, IM,2704,2710
devil_from_elysium, FM,2339,2343
devil_of_chess777, FM,2466,2553
devil_sun, FM,2583,2656
devildarkrai, FM,2091,2328
deviousman123, NM,2413,2413
devonlaratt, GM,2842,3023
dewa-perang, IM,2609,2662
dewarfd, CM,2190,2372
dexydex, IM,2906,2958
dey2580, IM,2536,2637
deyankostov, FM,2614,2759
dfeco, FM,2652,2697
dfedunov, NM,2434,2438
dforcen, GM,2716,2864
dgrant116, NM,1851,1945
dgwizard, NM,2460,2491
dhaessel, FM,2068,2092
dhammiko, CM,2186,2242
dhanushbharadwaj, FM,2625,2679
dharichess, WFM,2219,2280
dhaydon19, FM,2719,2936
dhlt216, GM,2745,2836
dhoine, GM,2931,2904
dhyanapatel, WFM,2315,2342
dhyanchess, WIM,2153,2240
diablanni, CM,2601,2606
diaghdsfawde, WCM,2017,2077
dialitup, NM,2276,2358
diamantidis_13, IM,2533,2577
diamondcrusher22, NM,2028,2200
diamonds13, WIM,2471,2504
diana_omurbekova, WCM,2137,2230
dianadarchia, WGM,1873,2337
dianamirza, WFM,2001,2380
diandimov, FM,2356,2357
dianosky, NM,2558,2613
diaschess88, FM,2419,2719
dibyendu_barua, GM,2417,2504
dicuvich, FM,2423,2435
diddydoodat, IM,2538,2538
didi67, FM,2380,2458
didici, GM,2743,2887
diego_floresq, IM,2677,2722
diegoddios, CM,2005,2086
diegomrchess, CM,1779,2020
diegopretto, FM,2203,2223
diegosuarez53, CM,2293,2313
dieterputh, FM,2244,2306
diezeit-jfischer, FM,2250,1778
digilik, WCM,2044,2370
digitopolis, FM,2356,2356
digorgonzola, FM,2282,2233
dii210, WFM,2481,2494
dilan_hernandez_hue1, CM,2230,2411
dilhara_ishini, WFM,1282,1335
dilshad92, NM,2382,2552
dimailuka, FM,2624,2772
dimitrisl, FM,2569,2719
dimke2802, FM,2543,2606
dimonbanan, FM,2590,2650
dimoni64, CM,2250,2295
dimsasha, WIM,2387,2432
dimwitchess, FM,2462,2626
dinabelenkaya, WGM,2406,2512
dinamo3, FM,2600,2617
dinamo81, IM,2756,2783
dinarabelguzin, FM,2184,2409
dinarahuseynova, WCM,2002,2100
dinarasaduakassova, IM,2639,2639
dindiamond, FM,2204,2232
dinesh501, IM,2545,2573
dinevmk, FM,2537,2538
ding857, IM,2137,2300
dinhnhokiet, FM,2903,2903
dinnukhammedtulendinov, FM,2657,2676
dino_ballecer, FM,2514,2761
dinosaurio_1975, FM,2629,2689
dinujayakodithuwakku, CM,2403,2479
dinul, CM,2110,2199
dinushkipremanath, WFM,2264,2361
diogenessinopeus, FM,2605,2726
diokletian, GM,2668,2869
diplodonte, FM,2516,2516
dirk_da_player, FM,2359,2503
dirtykabab, FM,2709,2701
disciplinedbrat, CM,2359,2724
disgustingsasquatch, NM,2200,2407
dishal2010, FM,2603,2630
dishonoronyourcow, WGM,2475,2603
diskeleven, IM,2484,2639
disto, CM,2400,2553
disturbed01, FM,2812,2812
ditkin25, NM,2421,2628
ditmansolo, FM,2766,2771
divljasvinja14, NM,2442,2624
divudis17, FM,2534,2665
divyadeshmukh23, WGM,2630,2654
diwi89, GM,2630,2801
dixit_nikhil, FM,2590,2748
diyaarada, CM,2225,2235
dj-shake, NM,2443,2443
dj_haubi, GM,2374,2584
djager97, IM,2542,2735
djakovenko, GM,2256,2648
djamir, FM,2911,2911
djano, FM,2644,2719
djengisvan, FM,2228,2292
djgolko, FM,2387,2628
djgwards, IM,2591,2661
djjohnnywoo, NM,2253,2328
djogrodek1, FM,2594,2721
djojua, GM,2694,2846
djordjeradoja, FM,2000,2045
djw60, FM,2182,2393
dkfdkqhrlglaemfwl, CM,2601,2630
dkh_old, WFM,2100,1698
dkimmich6, FM,2563,2686
dkmirl, WIM,2301,2372
dksystem2, FM,2327,2517
dlbdlbdl, CM,2356,2356
dlp300, FM,2651,2710
dlr7, FM,2634,2838
dlugy, GM,2681,2702
dlxuniuniu, IM,2457,2466
dmac9999, FM,2077,2255
dmarcolino, NM,2112,2180
dmitriizakurdaev, CM,2392,2504
dmitrijiim, FM,2888,2986
dmitriyobukhov, NM,2217,2321
dmitry2656, FM,2001,2351
dmitry_antonenko75, IM,2617,2617
dmitry_konenkin, FM,2405,2468
dmitry_m1, FM,2405,2437
dmitry_ponomarev, IM,2262,2781
dmitrymaximov, GM,2729,2865
dmjjmd, NM,2200,2452
dmosesov, IM,2683,2676
dmotos, CM,2500,2569
dmschess2024, WCM,2271,2332
dmser, FM,2544,2600
dmvlad, IM,2205,2409
dnextepisode, NM,2611,2771
dnxcc64, FM,2364,2441
dobby_the_elf, WFM,2121,2204
dobrivojpopovic, CM,2279,2293
dobrosmys, FM,2453,2475
dobuchak, NM,2268,2454
doctor_luber, CM,2496,2649
doctorcheckyll, FM,2343,2418
doctorcristian, IM,2579,2640
doctorheart, NM,2043,2197
doctormove, NM,2048,2092
dodorox, NM,2319,2366
dodoucb, CM,2589,2664
doggiebones3000, NM,2367,2447
doghateme, WCM,2313,2354
dogmanstar94, IM,2702,2792
dogrem5, NM,2301,2540
dogsarethebestanimals, NM,2535,2600
dogsofwar, GM,3151,3224
dohochess, IM,2799,2929
dohtem16, WFM,2050,2050
dolgova7, WIM,2200,2200
dollar98, FM,2329,2461
dolon2015, FM,2416,2532
dolphin_2010, FM,2937,2941
dolynachess, CM,2547,2609
domalchukjonasson, FM,2665,2742
dominator811, CM,2453,2469
domingosjunior, FM,2601,2641
dominguezonyoutube, GM,3032,3053
dominikaf, WFM,2193,2348
dominikderboss, FM,2593,2593
dominikpedzich, IM,2345,2448
dominov, CM,1930,2179
domweg, FM,2376,2464
donbroca, NM,2351,2351
donciao, CM,2165,2217
dond1997, CM,2320,2355
dondimi, IM,2907,2907
donfidodido, NM,2273,2273
donjuanegenaro, FM,1947,2209
donkeykong3003, GM,2678,2701
donkydonkydonkey, IM,3003,3068
donmichelecorleone, FM,2484,2546
donmikki77, FM,2327,2363
donnamurray, WFM,1147,1459
donotreadit, IM,2807,2877
donpreuss, CM,2194,2377
donrodrigue, FM,2771,2927
donsandalio, FM,2331,2396
donseng, FM,2298,2730
donskov_an, FM,2457,2619
donsuos, FM,2225,2511
dont_be_a_c0unt, IM,2644,2866
dontcatchmeifyoucant, WFM,2534,2564
dontflagme_pls, FM,2657,2794
dontmesswithme_2, FM,2451,2726
dontmesswiththefish, FM,2607,2789
dontstopmemeowth, GM,2784,2816
donwhitenoise, CM,2718,2718
doomking, NM,2601,2631
doons21, FM,2739,2739
dopolian, FM,2604,2703
doraemon7, FM,2615,2891
dorinademeter, WIM,2452,2399
doritos57, FM,2474,2532
dorpato, CM,2109,2184
dorsa_gh2014, WCM,2489,2489
dorsadd, IM,2363,2363
dortmundcity, FM,2505,2704
dostis, GM,3007,3048
dosto07, IM,2533,2646
dotori25, IM,2800,2624
doublefinger, NM,2143,2317
doublekk14, FM,2318,2444
doublesik, NM,2536,2644
doubletactic, NM,2472,2494
doudou1988, WIM,2332,2421
doudou2015, CM,2148,2254
doudou321, NM,2166,2357
dougeckert, FM,2000,2069
dougie47, FM,2238,2348
doukis, FM,2454,2505
doyen17, FM,2318,2351
dozer80, IM,2722,2765
dp15, NM,2301,2342
dpardos, IM,2453,2467
dpnorman, NM,2326,2326
dpopadic, FM,2464,2579
dpruess, IM,2522,2522
dpsrpk_sanket, IM,2488,2622
dr-bassem, GM,2902,2876
dr-cro, GM,2896,2896
dr_crypt, IM,2374,2544
dr_drunkensteinzz, CM,2307,2434
dr_morbiusbat, CM,2422,2437
dr_mortimer, GM,3034,3103
dr_munker, FM,2501,2593
dr_nezard, FM,2743,2743
dr_pepper18, FM,2522,2536
dr_rad87, FM,2547,2613
dr_strange_knight, NM,2100,2059
dr_tatiana, WIM,2422,2459
dr_thomas_quilter, CM,2028,2271
dr_troll, IM,2713,2788
dr_tyger, GM,3127,3174
dracomaniac, CM,2341,2346
dracotitillandus, FM,2361,2666
dragansolak, GM,2454,2941
dragnaros, FM,2541,2668
dragon-sword, NM,2464,2530
dragon1249, FM,2838,2854
dragon3567, NM,2605,2441
dragon7040, IM,2825,2934
dragon_2022, FM,2552,2573
dragon_dmitry, FM,2445,2864
dragonb70, IM,2804,2846
dragonemperor2024, IM,2800,2839
dragonflow, GM,2847,2847
dragonfly2758, NM,2256,2354
dragonkiller15, NM,2488,2626
dragonmeleys, WFM,2138,2045
dragonnimzo, NM,2203,2285
dragonplane, NM,2559,2726
dragonslayer2001, WIM,2048,2346
dragonwizard02, CM,2504,2504
dragonzprem, FM,2641,2777
dragos420, IM,2779,2813
drags95, GM,3007,3007
dragzor, FM,2377,2471
drahacik, FM,2354,2385
draksbg, IM,2709,2709
dralan, FM,1590,2006
dramapero, IM,2608,2618
drankpuwn, NM,2362,2467
draskovicl, GM,2742,2780
drawd3clined, FM,2884,2961
drawdenied-twitch, GM,3000,3000
drawyah, FM,2299,2337
drbergerberger, IM,2698,2694
drblinditsky, GM,2923,2960
drcanchess, CM,2269,2381
drchessc, FM,2405,2405
drd_davi, FM,2241,2532
drdaro, FM,2446,2609
drdog123, FM,2667,2671
drdrebeats, FM,2620,2733
drdrunkensteining, NM,2706,2720
dreamanarchy, IM,2371,2562
dreamer_01, WIM,2515,2665
dreamerdeceiver1, FM,2326,2464
dreamonus, IM,2303,2426
dreamsarefake, IM,2813,2871
drenchev, GM,2630,2659
dres1, NM,1895,2139
dretch, GM,2954,2983
drevo7, WFM,2074,2081
drfast, GM,2506,2531
drherbst, FM,2418,2531
dries02, CM,2343,2343
drillovsky, FM,2417,2565
drinbet, FM,2120,2416
drkozerov, FM,2667,2787
drm_champ3, CM,2835,2853
drmabuse, FM,2454,2620
drmamaliga, IM,2477,2493
drmegalord, CM,2591,2637
drmelekess, IM,2762,2870
drmikko, FM,1975,2027
drn00binator, CM,2321,2380
dropstonedp, GM,2968,3163
drpreobrazhensky99, FM,2644,2649
drqueenie, WIM,1867,1867
drragnar1, CM,2496,2546
drriebert, FM,2427,2655
drsmrt, FM,2249,2551
drstephenstrange, FM,2190,2212
drstrange2015, CM,2811,2824
drsutek, CM,2128,2127
drtancredi, GM,2816,2877
drunkenstiener, CM,2711,2766
druskacik, IM,2591,2744
drvelja, GM,3019,3038
drwonderkid, CM,2571,2599
drycounty, GM,2702,2790
drzee3, FM,2372,2402
drzeiss, FM,2449,2396
drzz_17, CM,2400,2627
dsanchez1973, NM,2119,2288
dscc, NM,2200,2200
dschwarz, NM,2572,2582
dtchess, FM,2739,2739
dtn70, IM,2497,2502
dtocchioni, FM,2000,2000
dual_flurry, IM,2686,2744
duanlian, GM,2059,2062
dubiousm0ves532, FM,2539,2569
dubs123, FM,2554,2565
duchamp64, FM,2000,2000
ducke13, FM,2371,2514
dudaki, GM,2854,2865
dudedoel, GM,2844,2885
dudkinau2010, WCM,2539,2643
duhless, GM,3125,3186
dukenebur, NM,2504,2523
dukicz123, FM,2600,2613
dulahan200, IM,2244,2381
dulemaster, GM,2231,2311
dulemudule, GM,2832,2972
dulerile, IM,2661,2668
dulger, IM,2150,2350
duloi, CM,2218,2367
dumbchess95, FM,2409,2503
dumbernugget, WCM,2288,2392
dumbo32, GM,2546,2561
dumbo_21, IM,2903,2903
dumbunnyfish, CM,1904,1722
dundiescott, FM,2505,2505
duns_scotus1308, NM,2423,2562
duone, FM,2513,2660
duong57, WIM,2409,2557
duongvuanh, CM,2514,2522
dupreeh98, IM,2689,2714
durarbayli, GM,3011,3056
duratschok, IM,2512,2559
durchbruch03, FM,2535,2571
dusanacns, GM,2835,2890
dusanako, IM,2459,2549
dusty-kid, IM,2880,2972
dvacetsekund, FM,2351,2411
dvahrasta, FM,2550,2625
dvaplusdva, FM,2530,2542
dvayntrub, NM,2286,2387
dvella, CM,1838,1949
dvglk, NM,2543,2543
dvglko, NM,2426,2577
dwaynejohnson19, CM,2200,875
dwb222222, NM,1992,2174
dwyde, NM,2412,2443
dyadya81, GM,2832,2986
dynamic_genius, WCM,1778,1852
dynamike123, CM,2188,2211
dynamikus, GM,2761,2882
dynamischestrategie, GM,2330,2208
dynamita, FM,2325,2465
dynkshell, CM,2467,2460
dyrizone, CM,2439,2460
dyziotomi99, IM,2838,2893
dzhumagaliev, IM,2863,2959
dzidzik2203, IM,2456,2568
dzil, IM,2603,2664
dzilleruelo, CM,2357,2461
dzisboss, NM,2403,2467
dziththaulydcc, CM,2803,2848
dzuffin, CM,2202,2292
dzundi54, IM,2629,2629
e4bg7, IM,2743,2837
e4d50-1, CM,2782,2805
e4evr, CM,2505,2466
e4lion, CM,2277,2295
e4najdorf, NM,2234,2312
e4vs, CM,2289,2327
e_fik, WFM,2166,2215
e_s_v, WFM,2249,2366
eagle_2019, IM,2865,2995
eagleclaw07, IM,2814,2895
eagleide, IM,2582,2601
eagleinsky, WCM,1999,1999
eamonmont, NM,2261,2291
early_morning_coffee, IM,2901,2976
earthen_deer, WGM,2421,2492
easemydivinity, IM,2527,2687
easthamchessclub, IM,2446,2591
eatakishiyev11, IM,2779,2868
eatsumoschinken, WFM,1768,2040
ebalck, NM,2023,2318
ebmc2, FM,2381,2432
ebncew, FM,2328,2379
ebret, WIM,2398,2490
ebuhurejra, FM,2322,2543
ec316, FM,2508,2508
ec45nf36, NM,2548,2615
eceozzzzz, WFM,2100,991
echecmat, FM,2427,2620
echecsetmath64, CM,2328,2382
echoingquake, WCM,2060,2077
echsoterik, FM,2609,2683
ecksdeeeeeeee, CM,1052,1089
econ210, WCM,1283,1774
econpower, FM,2842,2842
ecrinella, WFM,2066,1869
ecwinslow, IM,2301,2385
ecztery, CM,2545,2616
edaishyb, WCM,1544,1106
edamatta, NM,2233,2410
eddiemarsalla, FM,2843,2957
eddiemeduza, IM,2701,2695
eddieurquhart, NM,2506,2645
edendzung06, FM,2431,2518
edenhazard8, FM,2572,2606
edgalbraith, CM,1787,1914
edgar_karagyozyan, CM,2720,2781
edgarhay012, FM,2770,2805
edgarrodrigues, FM,2507,2568
edikmgdl, IM,2403,2466
edjo32, FM,2502,2596
edmundplayer, NM,2358,2386
ednasiajunior, WFM,2017,2141
eduard_limonov, IM,2864,3006
eduardarbereshi, CM,2290,2290
eduardoo64, IM,2730,2735
eduardoperalta, FM,2800,2800
edwinhuber1970, CM,2113,2034
eel1957, NM,2058,2201
eend, IM,2221,2391
eepysnorlax, FM,2298,2307
eesha-karavade, IM,2294,2569
efanor1, IM,2353,2432
efembe, WFM,2151,2384
effefe, WIM,2407,2468
efm13, WIM,2273,2554
efremov_vlad, FM,2446,2446
efrenramos1, FM,2508,2523
ega2006, FM,2561,2632
egehany09, FM,2600,2603
egetuna10, CM,2580,2741
eggcomesbeforechicken, CM,2229,2197
egilstoft1992, FM,2578,2710
egk_06, FM,2688,2752
egnfanclub, NM,2428,2464
egolav, FM,2555,2568
egor_kuzmin, FM,2465,2468
egorgeroev, GM,2738,2759
egorov_pavel, CM,2550,2557
egoryakovlev, CM,2520,2746
eguindy, WFM,2519,2626
ehrenfeld, IM,2605,2620
ehsan_ghaemmaghami, GM,3010,3002
eigentourist, NM,2026,2380
eightbyeightchess, NM,2431,2555
eilyisum, FM,2444,2729
einarhjalti, IM,2531,2545
einherjar521, CM,1994,2277
einstein_fan09, NM,2500,2690
eirikgu66, IM,2601,2695
eisdecke_lca, IM,2532,2532
eivissa, CM,2443,2491
ejalmedina, FM,2405,2413
ejam94, FM,2531,2575
ejarov, NM,2443,2448
ejw06, CM,1180,1260
ekaterina1974, IM,2525,2541
ekgamekhelum, CM,2332,2405
ekislik, IM,2102,2102
ekka83, WIM,2335,2428
ekko_li, IM,2805,2823
ekpen, FM,2065,2280
ekurtz, NM,2903,2903
el-ajedrecista, FM,1866,2044
el-pansas, CM,2531,2595
el-reptiliano, FM,2202,2397
el-roedor, IM,2717,2717
el008, IM,2899,2951
el_greek, IM,2344,2395
el_luiso96, IM,2773,2801
el_matador12, NM,2580,2732
el_p0rtugues, NM,2404,2404
el_sporco, FM,2507,2660
el_ultimo_pablo, CM,2600,2697
elaisaz, WFM,2318,2435
elamier, FM,2504,2638
elarbiabobker, FM,2228,2328
elaremetr, IM,2623,2689
elasmoteriy, IM,2204,2204
elaurens, NM,2110,2103
elbebiber, CM,2186,2294
elbek_jumanov, FM,2573,2632
elbertzeng, NM,2265,2400
elcala, CM,1978,2110
elcandado, IM,2769,2769
elchacal664, NM,2446,2693
elchechereche, CM,2587,2650
elchess27, FM,2544,2544
elchiricr, IM,2428,2467
elcoachrene, NM,1930,2294
eldax64, GM,2638,2716
eldidi20, NM,2083,2267
eldivis, IM,2429,2616
eldur16, GM,2662,2714
electrosaw, CM,2650,2713
elefante33, GM,2776,2891
elefante38, GM,3040,3050
elefantenegro, NM,2251,2327
elegance_riks, GM,2731,2802
elektra_01, WFM,2103,2103
elena1668, WGM,2225,2321
elenapershina, WFM,2443,2441
elenek99, WFM,1825,2064
elengajger, CM,2515,2630
eleo02, CM,2035,2129
elephantchessgenius, NM,2301,2342
elespartanooo, FM,2385,2450
elextranjero00, IM,2667,2709
eleyah, FM,2728,2753
elfangm2, NM,2579,2671
elfranco, NM,2696,2696
elgabrymohsen, IM,2137,2178
elgasanov, GM,2734,2856
elgoat010, CM,2143,2207
elgranlucho86, FM,2606,2646
elgrona, NM,2233,2402
elhelvetico, GM,2849,2938
eliclax, CM,1902,2060
elijahlogozarstudent, NM,2438,2520
elikemattah, CM,1528,1572
elimchesskg, CM,2417,2509
elis06, WFM,2432,2470
elisak43, FM,2468,2714
elisewu, WCM,1801,1764
elite_trainer, CM,2312,2508
eliteplayer3, WCM,2068,2265
elitsar, WIM,2120,2267
eliuver, FM,2429,2499
eliwood44, FM,2518,2596
elizabetelimanovska, WFM,1724,2198
elizabethcastaneda, CM,2252,2318
elizabethspiegel, WFM,1778,1990
eljanov, GM,2958,3063
ellatambien, IM,2693,2737
elle-al-harab, NM,2601,2601
ellennilssen, WIM,2286,2362
ellicott2012, IM,2232,2352
elliotaldersontwitch, NM,2901,2968
ellipaehtz, GM,2520,2617
ellipsoul, FM,2706,2716
elllipsoul, FM,2756,2756
ellsyum, WFM,2016,2144
elm2007, IM,2919,2962
elmat_unelmed, IM,2633,2651
elmini, NM,2373,2413
elmiraa, WIM,1989,2155
elmirhuseynov, IM,2504,2529
elmismoxd, CM,2620,2740
elmosho7u7r, FM,2307,2477
elmusmolamas, IM,2586,2636
elmuthalleth, NM,2180,2276
elnaz_kaliakhmet, WFM,2526,2582
elohunter1999, IM,2716,2764
eloist, FM,2440,2588
eloquentenigma, WFM,2232,2299
elorta_david, FM,2587,2606
elpatodice, CM,2419,2539
elpayasodios, FM,2447,2644
elpeordelosmejores, NM,2624,2668
elpepinillo14, IM,2712,2767
elpera, FM,2474,2665
elprimo0o0, NM,2633,2863
elprofesorsergio, GM,2931,2972
elreydelajedrez33, CM,2160,2177
elrope, NM,2526,2551
elsa167, GM,2945,3069
elsemenova, WIM,2258,2411
elshan1985, GM,2873,2924
elshicloso, FM,2272,1916
eltaj_safarli, GM,3001,3111
eltajsafarli, GM,2855,2866
eltarolo, FM,2632,2632
eltenedor, CM,2230,2247
eltiopacifico, NM,2419,2473
eltrain1971, NM,2493,2484
elusivecat, WIM,2434,2434
elvidirris, WIM,1921,2073
elviraberend, WGM,2504,2556
elvistecso, CM,2334,2402
elvital, FM,2417,2517
elyceum, NM,2359,2365
elynn2h, WCM,2373,2464
elyon2000, FM,2421,2581
emah6, WCM,2217,2265
emanjdj, FM,2228,2451
emeli_chess, FM,2451,2496
emeraldddd, FM,2552,2760
emesebalogh, WFM,1878,2108
emheyturq, FM,2515,2612
emil-zander, CM,2467,2510
emilanka, GM,2058,2271
emilherman, IM,2325,2478
emiliochess, NM,2316,2471
emiliocordova, GM,2899,2983
emilristeski, IM,2846,2854
emily_dawn, WCM,1911,1938
emirgulbeyaz, FM,2371,2404
emirhantarlabasi, FM,2702,2724
emka9335, WCM,1984,2161
emma0110, WFM,1734,2119
emmachess, IM,2687,2777
emojong, IM,2011,2043
emolas-2020, IM,2524,2524
emon005, FM,2116,2078
emop200, FM,2603,2603
emp3rador, FM,2582,2696
emperor87, GM,2765,2911
emrededebas, FM,2432,2619
emtinik, FM,2289,2405
en-quosantt, NM,2325,2335
ena_cvitan, FM,2309,2329
enajer77, GM,2805,2887
endgame_learning, FM,2597,2630
endgamedestroyer, CM,2418,2508
endgamegenius, FM,2327,2427
endgamegrinder, FM,2664,2711
endgamemaster51, CM,2646,2758
endr_ball, CM,2292,2366
eneasz, FM,2697,2697
enen0315, WCM,1895,1965
energetichay, NM,2456,2433
energie73, IM,2272,2474
enestnrvrd, IM,2764,2888
enfanterrible, FM,2354,2648
engineerspock, CM,2209,2246
enginity, CM,2200,2106
english_player_89, FM,2497,2706
englishman_18, FM,2261,2463
engr_arellano, NM,2242,2350
engr_robert_arellano, NM,1932,2183
enguyen2002, WIM,2258,2273
enigmafromhashima, IM,3102,3102
enismetin34, NM,2556,2645
enjoyyourchess, CM,2502,2560
enkhnarenkhbaatar, FM,2717,2755
enkhtuul, WGM,2507,2535
enki007, GM,2687,2783
enki1010, NM,2519,2665
enmanueljesus777, FM,2480,2510
enrica007, WFM,2315,2387
enriquack, NM,2547,2659
enriquebutti, NM,2279,2301
enriquefarfanortiz, CM,2061,1796
enriquetejedor, IM,2699,2798
entilza, FM,1888,2494
entschuldigung-c, IM,3035,2994
envigadocity, FM,2434,2461
enyonam-fumey, CM,1720,1914
enzoferrara, NM,2400,2511
enzovsky, NM,2522,2549
enzy63, FM,2147,2147
eolo2020, WCM,1824,1890
ephiphanylord, IM,2899,2904
ephraimrosenstockofficial, NM,2622,2698
epica11, WCM,1712,1729
epiclord678, FM,2373,2524
epicwarrior2015, FM,2393,2489
epiksheep, NM,2050,2282
eprudentegcf, CM,1816,2004
eptsiberia, CM,2522,2722
equeen7, WFM,2447,2447
er_is_geen_hoop_meer, FM,2607,2644
eragon02, IM,2849,2923
erahatom, WFM,2192,2298
eraschenkov, IM,2685,2734
ercoleiaccone, FM,2407,2550
erdni1993, FM,2524,2634
erdnya15, FM,2820,2820
erebuni91, GM,2790,2813
erebuni_is_back, IM,3027,3068
ergali_suleimen, FM,2872,2915
eric_jr_labog_pcap, IM,2784,2786
ericeira, NM,2323,2400
ericovski, IM,2655,2691
erictangborn, IM,1487,1487
ericthered78, NM,2404,2477
erik1971, FM,2146,2397
erikblomqvist, GM,2583,2654
erikhakobyanchess, IM,2880,2929
erikronka, FM,2587,2652
erinlafox, NM,2337,2658
erlesfar, IM,2620,2627
ermenichess, FM,2401,2401
ermito2020, GM,2607,2690
ernestina08chess, WFM,2240,2364
ernestofdz, GM,2642,2601
ernestoguevaralynch, FM,2743,2788
erottev, IM,2701,2701
ersekitamara, WFM,2106,2106
erugee, FM,2260,2463
ervanovic, IM,2612,2654
erwich, FM,2142,2142
erwin-ivar-tyrion, FM,2481,2515
erwinlami, GM,3005,3014
esa_2009, WFM,2387,2438
esapunov, FM,2736,2832
escanor89, IM,2536,2634
escanorthelion7, NM,2412,2412
escher, CM,2036,2132
escudito, CM,2392,2502
esdo577, WFM,2088,2328
eseveisi, CM,2510,2579
esferocito, CM,2306,2362
esilegalrd, CM,2506,2520
eslovenia_patagonia, IM,1983,2198
esmeraldasanderson03, FM,2526,2612
esooq, CM,2586,2596
esp21caxita, WIM,1918,1982
espinosolano, FM,2389,2518
esquivia, FM,2441,2164
esrosenberg, NM,2433,2518
essequamvideris, FM,2402,2472
esskeettit, FM,2530,2646
estebanniram, CM,2244,2252
estelar25, WIM,2436,2482
estocastico, IM,2419,2571
estrategia_vs_tactica, FM,2379,2537
estudiaajedrez, FM,2129,2260
estudiando_ajedrez, FM,2313,2313
estudiandoajedrezrd, CM,2299,2364
estudiar_001, WFM,2325,2400
estupendastico, CM,2491,2588
et_050673g, FM,2467,2467
etcoco, WCM,1827,1878
eterik, WFM,2238,2324
eternalimprover, GM,3005,3018
eternalnight8, WGM,2518,2528
eternauta2400, IM,2826,2982
etesungam, IM,2382,2492
ethanli-ny, FM,2407,2514
ethannorris2006, NM,2590,2707
ethylalcohol, WIM,2109,2234
etjahs, IM,2286,2581
etlouis, WFM,1600,1760
etmasterl, CM,2279,2533
etoilegeniale, GM,2667,2711
etopak1, FM,2613,2753
etserga, GM,2504,2581
etud-otradnoe, IM,2239,2423
euge_chess, WFM,2249,2310
eugenedelacroix, FM,2711,2721
eugeneperelshteyn, GM,2509,2597
eugenerougon, IM,2798,2837
eugeniusjr, NM,1775,2069
eugeniuszkrol123, FM,2493,2531
eulero78, FM,2210,2362
eurander, CM,2411,2450
euromust, NM,2188,2305
europe03, WGM,2506,2523
eusebius, FM,2630,2652
euwe1234, IM,2338,2582
evachess2006, WCM,1583,1648
evan_attaker, FM,2704,2768
evandro_barbosa, GM,2728,2874
evangelia2012, WFM,2060,2066
evanrsammons, NM,2395,2531
evargalopuch, FM,2213,2389
evergreensf, WNM,2104,2173
evertongambit, NM,2495,2658
everyfishknows, NM,2588,2646
evgche, IM,2409,2409
evgchess5, GM,2900,2992
evgenia89, WIM,2137,2174
evgeniamescheriakova, WGM,1012,2289
evgeniy_88, GM,2418,2733
evgeny81, GM,2800,2815
evgenyburmakin, FM,2472,2479
evgenypigusov, GM,2652,2652
evgenyromanov, GM,2741,2753
evgenysharapov, GM,2329,2460
evgenyt, GM,2988,2988
evhen_taranenko, NM,2898,2920
evi2703, WIM,2136,2255
evilmorty23, NM,2636,2830
excellent1st, GM,2850,2882
exceptionallydubious, IM,2787,2832
exchange_sacrificer, NM,2400,2472
exchangeab, CM,2493,2619
excitingtrap, WIM,2338,2502
exiledsaint, NM,1951,2133
expatriot, IM,2198,2233
expii, NM,2110,2322
exploring_chess, IM,2433,2714
exploringchess, IM,2657,2966
explosivehamster228, IM,2848,2876
extremelearner, FM,2662,2745
eyeofeagle, IM,2323,2402
eyhowzitbru, FM,2126,2126
ezarix, FM,2601,2756
ezkybel, FM,2483,2587
ezov, IM,2187,2535
ezwin4all, NM,2076,2201
f-freire, CM,2680,2700
f1chess1, NM,2628,2628
f31watlve, IM,2742,2793
f4sterthanyou, IM,2786,2786
f7m_08, CM,2492,690
fabianenglert, IM,2440,2448
fabianocarlsen, NM,2701,2714
fabianocaruana, GM,3135,3246
fabianvivasz, FM,2514,2612
fabinanag, WCM,2454,2650
fablibi, GM,2770,2827
fabsylla, WFM,1739,2040
fabuloso_es, CM,1960,2157
facillll94, IM,2569,2703
fackotall, NM,2070,2070
fadamoss, IM,2677,2769
fadingmustard, FM,2642,2717
fafqulec, FM,2314,2455
fahad, IM,2761,2807
fahmiaac, CM,2472,2637
failinghabit, IM,2808,2917
fairchess_on_youtube, GM,3187,3290
fajnafokaofficial, FM,2618,2631
falcon28dz, WIM,2321,2321
falkentyne, NM,2341,2341
fallenstar78, FM,2379,2424
falschgeld, FM,2495,2548
falzehope0, NM,2289,2595
familijatop71, CM,2366,2430
fancyknightmaneuvers, FM,2747,2774
fandebobbyfischer, CM,2829,2829
fandejinx, NM,2013,2183
fandimazen, FM,2803,2841
fandorin779, FM,2511,2707
fandorine, GM,2972,3036
fang3416, CM,2274,2402
fanl71, CM,2095,2176
fannyduartenapoles, FM,2701,2701
fannysyeraunt, FM,2351,2351
fantastic_power, FM,2692,2860
fantom64, IM,2236,2236
fantozzi86, IM,2756,2889
faqade, GM,2654,2788
farah_rhm, WFM,1431,1621
faraone99, FM,2522,2576
fariasov, CM,2379,2379
faridov2010, FM,2545,2627
faridzeynalov86, FM,2502,2725
fariza2018, WIM,2685,2685
farout1364, GM,2900,2970
farrukh_amonatov, GM,3000,3007
farseer25, NM,2300,2325
farsgris, FM,2442,2442
fartobus, GM,2533,2757
farzadbfd, FM,2739,2855
fascimate, WCM,1781,1830
fastestmindalive, IM,2781,2920
fastfaun, NM,2474,2641
fastrocket2007, CM,2321,2553
fatal_justice, FM,2265,2392
fatgiri, FM,2306,2368
fatianova_t, WGM,2288,2408
fatimasaif2006, WCM,1398,1460
fatupss, GM,2640,2802
fatzl, CM,2301,2390
faustinooro, IM,3118,3146
faustregel, GM,2769,2773
faux-account, WFM,2067,2067
fawolizzo, FM,2095,2338
fcchelsea14, GM,2804,2852
fclitras, FM,2528,2705
fcliverpul, IM,2432,2526
fcm002, NM,2360,2369
fda-2010, NM,1807,2103
fdpo95, CM,2669,2717
fearless_fighter_2800, FM,2651,2676
fearless_guy, GM,3026,3030
fearless_king2, NM,2424,2548
fearless_warrior04, CM,2626,2674
fearlessking64, CM,2409,2409
fearlesss11, CM,2272,2316
fearnoevil12, NM,1881,2249
fedamaster, FM,2596,2739
federicosellitti, NM,2628,2700
federicovalverdefan, CM,2200,2067
federtiu, GM,2729,2803
feegus, FM,2631,2767
feigelag, FM,2325,2402
feinspitz, CM,1667,2084
feketebarika, WIM,2463,2518
fekirsito10, NM,2400,2428
fekket-eszter, IM,3029,3037
felipe_barreto, FM,2118,2300
felipelobo, NM,2176,2290
felix-rose, CM,2215,2417
felixblohberger, GM,2804,2880
felixjoseynojosa, IM,2265,2707
felixto2010, CM,2581,2593
feliztigriz, GM,2563,2732
fen_fire, FM,2499,2595
fengwi, NM,2407,2480
fenil1995, IM,2345,2456
ferasensio2024, CM,2562,2635
ferch1ni, FM,2547,2552
ferdipy, NM,2335,2526
ferenc83, IM,2550,2707
fernandezl1983, IM,2614,2732
fernando1279, NM,2215,2311
fernando_offermann, CM,2416,2514
fernandoacevedo21, NM,2334,2522
fernandoarauzalonso, CM,2435,2661
fernandovidalolmos, NM,2503,2503
ferreret64, FM,2710,2716
ferrufino64, CM,2361,2361
feryultra, FM,2315,2315
fettucinii, CM,2555,2622
feuervogel1000000, FM,2634,2709
feuerwehrmannsam, GM,2787,2824
fever_code, NM,2694,2855
fevita, WCM,1456,1600
ffbp3q, FM,2503,2503
fgawkfiv, CM,2242,2374
fghsmn, GM,3017,3085
fgm1ke, FM,2840,2905
fh2411, IM,2655,2698
fialovydrak, FM,2287,2377
fianchesstovietnam, NM,2733,2813
fianchettoed-tower, FM,2587,2681
fianchettoer, NM,2550,2645
fibrinogen, FM,2745,2911
fickenfaith, NM,2471,2554
fiddle99, FM,2500,2516
fidechessing, WCM,1986,2063
fideestonianplayer, FM,2542,2542
fidezivkovic, FM,2513,2518
fidichess, WCM,2137,2137
fiend1, IM,2823,2753
fierydragon87, NM,2170,2270
fifthbox, IM,2364,2591
fighter008, IM,2753,2774
fighter031, FM,2383,2708
fighter2jz, IM,2809,2868
fighterman91, GM,2774,2820
fightingchess, NM,2401,2424
fightingdragon84, IM,2440,2563
fightingmachine2025, CM,2301,2301
fightos17, FM,2370,2517
figo13, FM,2289,2385
figuroto, FM,2272,2341
fili86, IM,2801,2801
filipascu, IM,2654,2657
filipets, FM,2583,2680
filipluczak05, FM,2640,2693
filippov_anton, GM,2843,2865
filmsaboutghosts, IM,2286,2403
filpo413, IM,2717,2717
filthyanimal, FM,2411,2500
fimaxnitzborn, CM,1568,1912
fin, NM,2844,2889
finally_i_won, CM,2303,2446
finalpun, IM,2815,2815
financieru, NM,2415,2489
finec2, NM,2251,2378
finejupiter, CM,2378,2463
fingolfinwarrior, NM,2220,2360
fins0905, IM,2823,2856
fiona, WIM,2126,2380
fiorangelmario, FM,2348,2350
firebullet, IM,2565,2648
firegrizzly, GM,2733,2791
firehand33, GM,2706,2808
fireheart92, GM,3026,3105
fireonboard2002, FM,2194,2208
firespitter, NM,2142,2249
firewoods, NM,2431,2601
firmtrain16, NM,2173,2273
firouzja2003, GM,3317,3348
fischer_of_rivia, IM,2700,2716
fischerev7, NM,2411,2560
fischerfish2, NM,1982,1982
fischerkasparow, CM,2249,2257
fischwitsch, NM,2183,2317
fish7728, FM,2175,2318
fish_club, CM,2193,2237
fisher_thegalactic, IM,2793,2796
fisherchess2000, GM,2778,2848
fishermansfisher, FM,2304,2498
fisheroman, IM,2291,2421
fishface2, NM,1985,2139
fishthatroared, FM,2284,2327
fiskaren-1, CM,2542,2574
fitnessben, IM,2645,2730
fitnesstraining, FM,2710,2768
fitod, FM,2556,2567
fivestar242, CM,1423,1564
fivetrick, GM,2738,2739
fizmat_64, GM,2937,3000
fizzyband, NM,2582,2677
fjal, CM,2337,2419
fjordgambit89, FM,2527,2745
fki0265, FM,2600,2556
fks_stal_mielec, FM,2207,2476
fl00red, NM,1865,2131
fla2021, WFM,1895,2097
flabrezu, NM,1957,2201
flaccidmoves, NM,2413,2590
flagged-again, NM,1876,2139
flameboard08, FM,2879,2906
flameoak4464, WFM,1773,2021
flamingdonkey, NM,2502,2533
flamingphoenix123, FM,2627,2627
flamingsword79, FM,2389,2539
flamps8, FM,2752,2774
flapjackpalmdale, NM,2592,2664
flaretactics, NM,2114,2219
flash_bj, CM,2462,2586
flashboy2222, FM,2326,2479
flashingdragon, FM,2589,2589
flashpawnj, CM,2444,2453
flatus, IM,2165,2361
flavettes, FM,2639,2744
flavicol64, FM,2256,2367
flaviorcb, NM,2217,2342
flawian2008, CM,2717,2748
flawl3ss_machin3, FM,2567,2649
flawless_fighter, IM,2760,2903
flawlessfightersyx, IM,2708,2708
flchessplayer, NM,2208,2224
fleetw00dmac, FM,2555,2562
fleminga, FM,2628,2629
fleur_syigestie, WGM,2234,2234
fleursbouquet, WFM,2232,2293
flexova, WGM,2560,2574
flicflac, NM,2233,2479
flightsoffancy, NM,1991,2028
flintrook, CM,2034,2112
flo65, CM,2377,2363
floatingdream1, IM,2948,2982
flomarechot, CM,2509,2509
flomaster111, WFM,2698,2734
flomasteraak, IM,2791,2808
flood_ire, FM,2522,2522
flopezin, FM,2417,2537
floplover, FM,2210,2462
flora, WCM,2113,2152
florian-piringer, CM,2165,2195
florianschwabeneder, IM,2719,2743
flotsie, IM,2246,2391
floydferris, GM,2866,2911
flubs, NM,2544,2586
flucie, WFM,2132,2199
fluffey, FM,2504,2600
fluffy-cactus-verified, WFM,2205,2390
fluffyninja, WCM,1638,1638
fluke180, FM,2444,2457
flukeynz, FM,2308,2308
flutaga, CM,1825,2124
fly_21, FM,2584,2694
flyd, IM,2478,2730
flyinduck, NM,1934,2283
flyinduck01, NM,2090,2151
flysoohigh, FM,2647,2725
fm-brilliant, WCM,1640,1663
fm-davidsonr, CM,2477,2627
fm24601, FM,2622,2775
fm9714, FM,2607,2888
fm_crow_fgm, FM,2346,2391
fm_deuteronomio32, FM,2515,2593
fm_eric_schiller, FM,1577,1859
fm_igortarasov, FM,2256,1822
fm_kappeler, FM,2337,2464
fm_magua, FM,2645,2745
fm_vs99, FM,2636,2655
fm_vs_noob2008, FM,2499,2567
fmaguilar1, FM,2499,2544
fmalexhdez, FM,2231,2404
fmantonio, FM,2508,2605
fmbraunmarton, FM,2412,2550
fmcabralis, FM,2405,2472
fmcarmona, FM,2206,2351
fmcaste, FM,2302,2740
fmchesstrainer, FM,2650,2650
fmcmt, IM,2591,2696
fmdaveledger, FM,2071,2071
fmjchristie, FM,2642,2689
fmjirapak, FM,2510,2625
fmjoseherrera, FM,2719,2809
fmlarry, NM,2437,2725
fmlornetwitch, FM,2319,2451
fmlzikon, FM,2166,2452
fmnotanim, FM,2574,2710
fmpatzer01, FM,1900,1815
fmpowerwolf, FM,2494,2647
fmpr, FM,2220,2243
fmprasa, FM,2029,2029
fmramakrishna, FM,2043,2338
fmribac, FM,2120,2323
fmrini, FM,2417,2505
fmrruss, FM,2271,2448
fmshawnrl123, GM,2879,2995
fmsoumya1984, FM,2176,2583
fmstan15, FM,2245,2262
fmtricky, FM,1929,2079
fmursus, FM,2278,2288
fmvolodymyrsakun, FM,2809,2828
fmwannabe, IM,2254,2361
fmzoranzlatanovic, FM,2405,2405
fodorpoti, GM,2796,2893
foewa98, GM,2916,2932
fofo65, IM,2521,2579
foggymorning, FM,2702,2851
foldesmarci2009, FM,2535,2535
followrivers, NM,2483,2551
followyourdreams123, IM,2550,2639
fomkin_dmitry, CM,2732,2821
fondasmakris, CM,1922,2072
fonsofan, IM,2847,2865
fontvella8, IM,2804,2949
foolnotion, FM,2250,2250
forantes, FM,2440,2563
forastelo, CM,2237,2315
forbiddendesire, CM,2452,2476
fore_man, FM,2332,2409
forest_of_magic, IM,2512,2611
forestferrari12, NM,2256,2323
forevery0ung, GM,2874,2968
forge13, FM,2752,2752
forking_u, FM,2213,2407
formentopaolo, FM,2523,2523
formerprodigy, GM,2933,3049
formidable_1207, NM,2445,2450
fortemaestro, GM,2704,2704
fortitudine, NM,2335,2413
fortitudinous, CM,2768,2768
fortizio, FM,1773,2007
fortunategirl, WFM,2111,2130
foryfo, WFM,2327,2401
fosti19, GM,2544,2551
fourminutewarning, WCM,2098,2125
fourqueens13, NM,2461,2589
foxmanoban, WFM,2390,2412
foxontherun97, FM,2721,2762
fpawn, NM,2401,2437
fq-system, FM,2290,2515
fractal1234, IM,2509,2586
fractingale, NM,1956,2119
fradi82, IM,2365,2759
fraler15, FM,2336,2416
framboisedeprintemps, FM,2708,2722
francesatop, NM,2426,2545
francesco111, IM,2400,2520
francesco_bernoulli, FM,2295,2464
francescols, FM,2702,2703
francinie, WNM,2050,2054
francisbegbie, FM,2129,2367
francisco_ferrari, NM,2047,2510
francogreek, FM,2517,2541
francois-vareille, IM,2323,2323
francois2002, WNM,2227,2448
francyim, GM,2950,3073
frank0288, NM,2214,2335
frank_ocean2, WFM,2180,2251
frankdischinger, FM,1797,1842
frankggomez, NM,2074,2240
frankie_badacsonyi, FM,2504,2603
frankiejay, NM,2575,2657
frankieyale, GM,2303,2303
franklinapalomo, FM,2709,2846
franklycheckmate, IM,2416,2416
frankshar, FM,2432,2641
franmu14, FM,2802,2831
frappeboy, FM,2486,2642
fravatel, FM,2488,2531
fraxerdose, CM,2438,2445
frazier69, IM,2502,2578
frazzi, CM,1880,2020
fred_jardim, CM,2530,2533
fredddiecroderg, FM,2290,2455
frederickrhine, NM,2186,2235
frederickthemate, FM,2749,2796
frederiksvane, GM,3132,3204
fredim007, FM,2503,2675
fredymatsuura, FM,2291,2435
freecs56, CM,2321,2321
freeeeeeeeeeeeeeeeee, CM,2207,2310
freefresh, IM,2760,2854
freegirll, WCM,2054,2200
freepawntoyou, WCM,2275,2303
frellador, FM,2280,2339
frenchandslav, FM,2604,2779
frenchfries07, WFM,1834,2080
frenchmonster2002, IM,2331,2537
frenchpin, FM,2401,2562
frenchplayer2203, WFM,2327,2382
frequentblunders, NM,2188,2275
freshmozz, NM,2434,2501
freyamor, FM,2002,2105
fridaywins, FM,2266,2328
friederichgazel, FM,2409,2562
friend_of_horse, NM,2307,2587
friesnielsen2302, IM,2722,2719
friteegg, CM,2424,2464
fritz1k, CM,2536,2723
froggy64, WIM,2372,2563
frogmist, FM,2312,2502
frogo47, IM,2628,2689
frolik67, NM,2673,2743
frolyanov_d, GM,2664,2820
frontier96, IM,2804,2804
frostflower, WFM,1392,1720
frostnova, GM,2967,3028
froylanajedrez, FM,2500,2647
fruehstuecks_ei, FM,2211,2238
fshora, WFM,2231,2260
fstimjp, IM,2156,2156
ftorodent, GM,2647,2779
ftownlt, FM,2903,2905
ftzf1, CM,1952,2045
fu24, FM,2730,2813
fuderercro, IM,1794,2379
fuenfgegenwilly, CM,2549,2720
fuerza777, FM,2239,2264
fugadelafuga, FM,2376,2561
fullsend, NM,2009,2047
fumitoks, NM,2563,2664
funbettor, FM,2275,2275
funki_123, FM,2701,2701
funny_man1234, FM,2704,2755
funnyselfmate, CM,2508,2602
funo09, GM,2989,3021
furius_baco, FM,2454,2454
furyunleashed777, FM,2523,2528
fusikk, IM,2821,2895
fussy_kitten, CM,2588,2615
futurerise, CM,2398,2466
fuzesabonyilaci, FM,2295,2420
fviana, FM,2471,2674
fxdon77, GM,2927,2945
fxntxsticfrog, WCM,2117,2269
fy_rakotomaharo, IM,2811,2811
fyall777, GM,2548,2676
fytnob, NM,2048,2216
fywong2, FM,2506,2533
g-nell, NM,2058,2246
g10de_arrascaeta, FM,2483,2688
g2_g3, CM,2061,2280
g3god, GM,2897,3077
g_threepwood, IM,2623,2747
ga_r, CM,3033,3057
gaalzsoka, WGM,2557,2557
gaasten, FM,2451,2599
gabcur, FM,2444,2485
gabduschew, FM,2511,2522
gabi_m, WNM,1935,2189
gabix_94, GM,2923,2964
gabkos, WIM,2191,2191
gaborhorvath, CM,2400,2468
gabosalazar2001, FM,2367,2436
gabriel-castellet-giralt, FM,2120,2252
gabriel-ledezma, FM,2249,2565
gabriel_pereyra, NM,2398,2470
gabrielcarckeno, NM,2330,2406
gabrielian_artur, GM,2870,2893
gabrielschoenfeld55, NM,2029,2256
gabrielurbani, FM,2481,2515
gabuzyan_chessmood, GM,3103,3103
gaby_przz, CM,2530,2537
gadimbaylia, GM,2871,2982
gagic233, FM,2735,2804
gagtemp, WCM,1862,2026
gaguna, GM,2699,2800
gahan-mg, FM,2645,2731
gahryman, GM,2702,2813
gainfuldot, WIM,2416,2451
gaioznigalidze, IM,2842,2872
gaizca, GM,2497,2577
gajuchess, GM,2841,2893
gakashchess, GM,2655,2730
gakov06, CM,2667,2716
galaxyroman, FM,2780,2895
galiev_azat, FM,2381,2422
galileo22, NM,2800,2800
galperinplaton, GM,2996,3032
galvanpalaciego, FM,2292,2358
galyamov_vildan, NM,2297,2312
gamayevoleg, NM,2712,2744
gambitgiesbergen, FM,2458,2500
gambito_se, NM,2496,2511
gambits4fun, NM,2005,2005
gambledore88, IM,2421,2629
gamblersdeltablero, WFM,1944,2013
gamboajp, CM,2200,2222
gameking51, FM,2560,2648
gameoverbro, CM,2575,2784
gametelerna, NM,1906,2227
gamma42016, WCM,1980,2136
gammagramma, IM,2702,2729
gampr2492, GM,2729,2760
ganardespacito, NM,2354,2380
gandeevdhari, FM,1858,2362
ganec4, FM,2517,2564
gangster-accountant01, FM,2804,2965
gangsterrito, FM,2695,2785
ganihamiti, FM,2159,2269
gannibal53, IM,2491,2501
ganziitoo, IM,2453,2506
ganzy, NM,2247,2489
gao, NM,2391,2553
garanin, FM,2250,2288
garayevkanan, IM,2863,2885
garbaranza, IM,2511,2528
garcho08, GM,2944,3017
garciaisaac, FM,2801,2821
gardenbliss, FM,2572,2596
gareth-bale11, GM,2897,2986
garfield000, CM,2390,2449
garfield_pg, CM,2374,2516
garfio2017, NM,2314,2447
gargleblaster, NM,2470,2325
garicardi, CM,2242,2264
garicradomir, FM,2444,2618
garmendiarov, CM,2350,2553
garnikn, CM,2438,2491
garpun, IM,2700,2836
garradetigregrande, FM,2496,2557
garth_vader, CM,2125,2276
garycoldman, IM,2756,2874
garzonchristopher08, FM,2347,2170
gasconjr, GM,2700,2835
gasparasprelliok, NM,2343,2444
gastonnmartin, FM,2456,2583
gaswerd2, FM,2825,2843
gatitodog, CM,1826,1973
gatocorbis, FM,2327,2328
gatoleonidas, IM,2138,2324
gatorcity, NM,2555,2608
gatorojo150, FM,2559,2676
gats1, GM,2946,3023
gattass, FM,2361,2552
gau248, FM,2701,2701
gau_npukyputb, FM,2713,2863
gau_truc_lon, FM,2379,2453
gauranga, FM,2307,2426
gauravthegm, CM,2412,2530
gausal, FM,2168,2336
gawk, NM,2200,2229
gazaman_empire, CM,1983,2071
gazasoul, WFM,2239,2261
gazpacho210, WFM,2175,2459
gbg10, FM,2565,2669
gbidari, NM,2222,2400
gbk1w1, CM,1630,1631
gcal9999, FM,2095,2184
gcamachomartinez, FM,2525,2654
gcgeek, FM,2552,2654
gdandedafa, CM,2430,2453
geeeeri, IM,2500,2510
geekphysicist, IM,2957,2988
gektar1988, IM,1754,2572
gelipioana, WFM,1855,2253
geller_jakov, GM,2675,2721
gelmanalexander, IM,2808,2841
geloball98, FM,2459,2542
gelowkey95, NM,2552,2745
gemarin, CM,2165,2261
gemdzq, WFM,2246,2423
geminiboy, GM,2818,2920
geminithegreat, WCM,2345,2400
gen-gutman, GM,2356,2701
gena217, GM,3049,3049
genarovsky, NM,2204,2228
gendysel, FM,2710,2746
generalas, FM,2484,2646
generation_xl, FM,2801,2887
genghis_k, GM,2920,3023
genghiskhent, FM,2184,2184
genialdama, WFM,1943,1943
geniovich, NM,2049,2049
genivantruthfulprince, CM,2468,2485
gennady_kozlov, FM,2608,2731
gensunasumus, NM,2707,2633
gentle_emperor, FM,2372,2483
geordie_derraugh, CM,2481,2540
george1977, FM,2274,2289
georgegiorgadze, GM,2245,2245
georgegrasser, NM,2016,2061
georgescu_tiberiu, GM,2596,2709
georgeten, FM,2170,2453
georgetherealmvp, FM,2177,2399
georgevlassis5, FM,2191,2227
georgexie, IM,2935,2952
georgiossouleidis, IM,2701,2748
georgmeier, GM,3031,3059
georgpapi, CM,2427,2433
gepardkuba, FM,2451,2487
geraldhb, FM,1824,2208
gerasimenyuk_miha, FM,2504,2729
geremyx, GM,2751,2881
gergo85, GM,2631,2742
german-2826, GM,2817,2843
german_bazeev, FM,3010,3012
germanovs_georgijs, CM,2798,2804
germily, CM,2020,2201
geroinia, FM,2587,2636
gerry0406, FM,2247,2363
gertsog, FM,2373,2403
gerundininumber1, NM,2099,2275
gettingmymojoback, WIM,1800,1800
gevo1990, FM,2626,2660
gevorg64, IM,2287,2550
gevorg_harutjunyan, GM,2667,2667
geychess, WFM,1834,2115
gfabian, FM,1982,2170
gg91, IM,2441,2534
ggfrances, NM,2509,2559
ggg, GM,2408,2658
ggjohnson, WIM,1902,1990
ggmiszczu, CM,2576,2606
gguseinov, GM,2897,2967
ggx0x0, WIM,2399,2520
gh6999, FM,2497,2584
ghanabenson, WCM,1655,1372
ghandeevam2003, GM,3141,3213
ghaydaa991, WIM,1801,1847
ghdeer2016, CM,2243,2295
gheghe11, NM,2272,2289
ghertneck, GM,2309,2455
ghost_pepper, WIM,2478,2514
ghostaverage, IM,2222,2414
ghostofgreenval, IM,2496,2857
ghostqiuyu, FM,2332,2396
giacinta_k, WFM,1755,1954
gianmarco_es, IM,2768,2904
giannatos, FM,2523,2690
giantgoogachess, NM,2451,2552
giantslayer83, GM,2684,2777
giantthresher, GM,2877,2891
gibzzz, WFM,1261,1800
giftedcreation, NM,2406,2561
giftedhandz31, NM,2223,2355
gigaquparadze, GM,3024,3077
giglivillar, CM,2293,2315
giibi, WCM,2174,2204
gilbertelroy, IM,2853,3026
gilbertohernandezamura, CM,2647,2653
gilbertovalderrama, FM,1935,1935
gilliganslaststand, NM,2740,2771
gilmil, GM,2587,2688
gimagibi, FM,2542,2607
ginger64, NM,2202,2243
ginger_gm, GM,2698,2859
ginzburg_yakov, FM,2562,2637
giomar27, CM,2496,2533
giorgi-sibashvili, IM,2776,2835
giorgichess, IM,2548,2561
giorno, FM,2558,2617
giovannibrandao7, NM,2286,2405
giraffe1912, NM,2001,2001
giraffe_chess, NM,2718,2759
girkassa, IM,2586,2586
girlmaster9, WFM,2105,2112
girthyhuell, NM,2431,2573
gisela_roque, WFM,2171,2232
giulianodragon, FM,2226,2504
giulioborgo, IM,2606,2646
givesalltheflow, GM,2780,2909
gixfantastix, CM,1995,2145
gkaru, CM,2530,2545
glaciergambit, NM,2139,2365
glavkonvvs, FM,2556,2723
glebus008, FM,2375,2430
glenelco, CM,2464,2554
glenntipton, FM,2476,2612
gleruste, CM,2621,2677
glezcanow, NM,2120,2218
glgm_dave, CM,2568,2547
glidzhian_gor, FM,2610,2732
gliga, FM,2546,2556
gliglu, GM,2525,2721
glingler, FM,2344,2344
gloria2024, FM,2802,2802
gloria94, WIM,2092,2176
gloti, NM,2109,2148
glowlxy, WFM,2147,2350
glucolisis04, CM,2074,2357
gluestix, CM,2038,2038
glufs, FM,2363,2451
glysend, WNM,2190,2280
gm-2023, FM,1700,2187
gm-2024-gm, CM,2190,2347
gm-andreyorlov, GM,2657,3039
gm-mamapenny, FM,2575,2768
gm3t, IM,2495,2518
gm4life, NM,2645,2745
gm5050, NM,1972,2398
gm_aag, GM,2930,2930
gm_andrei_murariu, GM,2402,2402
gm_arman_pashikian, GM,2781,2871
gm_barcenilla, GM,3034,3034
gm_batchuluun, GM,2872,2864
gm_buhmann, GM,2919,2992
gm_chesstosterone, FM,2453,2718
gm_crest, GM,2726,2850
gm_d85, GM,2943,3002
gm_darwinlaylo, GM,2701,2713
gm_dmitrij, GM,3111,3156
gm_donatello, GM,2821,2890
gm_dylan, IM,2389,2523
gm_huschenbeth, GM,2595,2715
gm_levan_pantsulaia, GM,2873,2986
gm_naw, FM,2453,2642
gm_orange, FM,2452,2649
gm_path, FM,2806,2806
gm_petrovich, GM,2777,2808
gm_rashid, GM,2605,2635
gm_robertomogranzini, GM,2628,2765
gm_schlaechter, CM,2543,2576
gm_shahin, GM,2857,2936
gm_splinter, GM,2511,2511
gm_waskiri, CM,2358,2373
gm_yupi, GM,2707,2784
gmaka, IM,2566,2592
gmakobianstl, GM,2963,2995
gmalex1971, GM,2466,2734
gmalmeida, GM,2657,2865
gmalsayed, GM,2915,2939
gmandrey64, GM,2613,2725
gmaneta, IM,2484,2770
gmantic, GM,2113,2113
gmartin_petrov, GM,2706,2757
gmarunchess, GM,2756,2789
gmashley, GM,2204,2572
gmaster1970, IM,2372,2458
gmasterkiller, GM,2735,2791
gmatingo, CM,2503,2551
gmaxel23, GM,2706,2837
gmazapata, GM,2458,2471
gmbartek, GM,2562,2571
gmbellicose, GM,2648,2648
gmbenjaminbok, GM,3096,3143
gmbenjaminfinegold, GM,2663,2830
gmbmw, NM,2228,2506
gmboorchess, FM,2681,2797
gmcanty, FM,2636,2671
gmcarbone, FM,2682,2682
gmcarlosaobregon, GM,2938,2938
gmcheparinov, GM,2760,2806
gmchessrob, GM,2861,2954
gmcorrales, GM,2961,3001
gmcyborek, GM,2745,2745
gmdavenogood, GM,2784,2869
gmdj77, CM,2045,2183
gmedina2000, FM,1945,2347
gmedmundo, GM,2649,2649
gmelviro, CM,2212,2460
gmemmancarter, NM,2232,2425
gmforgacs, FM,2349,2540
gmfyhr1, FM,2510,2546
gmg, GM,2798,2928
gmgamil, GM,2791,2898
gmgrandfa, IM,2789,2796
gmgunsal, CM,2539,2586
gmharikrishna, GM,3052,3061
gmhess, GM,2876,3024
gmhikaruontwitch, GM,2908,3074
gmi, IM,2373,2384
gmizeta, GM,2360,2360
gmjacobaagaard, GM,2469,2538
gmjankovic, GM,2754,2863
gmjimknopf, IM,2693,2836
gmjlh, GM,2830,2945
gmjoel, GM,2716,2818
gmjoey1, GM,2636,2890
gmjuliogranda, GM,2339,2356
gmjustin5, IM,2390,2507
gmkomarov, GM,2481,2547
gmkrikor, GM,2811,2974
gmlazarobruzon, GM,2959,2985
gmmarcelkanarek, GM,2568,2629
gmmarcindziuba, GM,2635,2730
gmmatamoros, GM,2607,2688
gmmelik, GM,2745,2836
gmmickeyadams, GM,2801,2897
gmmikhailkazakov, GM,2518,2552
gmmikiki, GM,2529,2536
gmmitkov, GM,2685,2817
gmmoranda, GM,3000,3069
gmmoskalenko, GM,2540,2692
gmneiksans, GM,2900,2960
gmnickpert, GM,2630,2767
gmoratovsky, GM,2614,2665
gmpacman, GM,2526,2526
gmpanno, GM,2116,2116
gmpencilcase, CM,2113,2175
gmpeter008, GM,2569,2706
gmpontuscarlsson, GM,2881,2881
gmrafpig, GM,2823,2828
gmreniergonzalez, GM,2801,2807
gmsagor, IM,2613,2711
gmsakk, GM,2896,2896
gmsergiobarrientos, GM,2735,2808
gmshoti, CM,2547,2547
gmsiddharth_jagadeesh, FM,2534,2646
gmskorpion, FM,2566,2735
gmsolver, GM,2843,2994
gmsrinath, GM,2826,3132
gmstefanova, GM,2547,2726
gmsuperglue, NM,2229,2253
gmszabo, GM,2375,2375
gmt4114, WCM,1985,2219
gmtalentoso, IM,2481,2548
gmtalks_youtube, GM,2762,2831
gmtamaz, GM,1719,2400
gmtazbir, GM,2825,2971
gmthekingindian, FM,2246,2469
gmtodorov, GM,1743,2505
gmtopmoves, GM,2610,2610
gmvaleduser, GM,2825,3210
gmvallejo, GM,3016,3016
gmvar, GM,2715,2716
gmvignirvatnar, GM,2894,3016
gmvladimir_petkov, GM,2506,2758
gmvladko, GM,1933,2000
gmwso, GM,3201,3228
gmyarick, GM,2665,2901
gmyaz, GM,2783,2783
gmzaven, GM,2685,2844
gmzinnai, NM,2263,2274
gnechko_ruslan, NM,2536,2597
gnowreopard, GM,2774,2830
goa, FM,2352,2447
goala, NM,2475,2552
goamaster, CM,2365,2384
goanchesstrio, GM,2741,2749
goatvalenciagolvalencia, CM,2254,2331
gobbles19, WFM,2376,2376
gochatoria98, FM,2176,2204
god_speedmove, CM,2676,2776
goddanielm, NM,2369,2518
godelchess, NM,1928,2292
godlento, FM,2424,2448
godspeed, GM,2981,3076
godspeed66666, IM,2843,2902
godzilla099, GM,2990,3023
godzillachessyoutube, FM,2900,2900
godzillator, FM,2450,2483
goffredo_fofi, FM,2603,2712
gogiametutune, GM,2930,3038
gogieff, GM,3049,3069
gogogogogogogogo5, NM,2669,2703
gogolev_artemy, IM,2750,2761
gogolis, FM,1965,2383
goi_manne, FM,2342,2422
goingin33, NM,2405,2553
goingkronos, GM,2486,2535
golaiet123, CM,2738,2828
gold94, FM,2473,2578
gold_ocean, FM,2820,2820
golda17, IM,2378,2492
goldawn, CM,2288,2347
goldaxe, FM,2498,2498
golden3agle, NM,2409,2523
goldenbuzzer, FM,2566,2619
goldeneymar, FM,2422,2368
goldengolem, IM,2600,2600
goldenhens123, WCM,1724,1916
goldenpuppy, WIM,2588,2641
goldenshare, FM,2615,2751
goldenspine, NM,2406,2553
goldenstein277, CM,2403,2403
goldihouse, IM,2823,2802
goldn1, NM,2111,2117
goldn_a, WCM,1238,1395
goldorak1968, CM,2326,2326
golem2007, CM,2375,2506
golfbeforechess, FM,2451,2581
goltsevdmitry2000, FM,2875,2985
golubov_saveliy, IM,2836,2848
golubovsky, FM,2528,2648
golus1992, IM,2309,2486
gomatan, FM,2452,2457
gomeschess02, NM,2107,2357
gongochess, IM,2389,2426
gonzalezmer, CM,2334,2334
good_knight_kiss, NM,2471,2584
goodluck06, GM,2618,2882
goodnigth, FM,2283,2602
goodoldbell, NM,2510,2601
goodwilll, IM,2408,2506
goofypenguin96, WFM,2585,2599
google0109, CM,2379,2409
googlegoom, FM,2512,2629
gopalgn64, GM,2613,2696
gora2812, CM,2499,2505
goran_galiot, FM,2716,2700
goran_vajic, FM,2619,2628
goranars, IM,2414,2478
gorato, GM,2566,2726
gorbaev, IM,2523,2693
gorcsi_gg, FM,2374,2352
gordima, GM,3026,3036
gordonzyxu, CM,2319,2325
gorin_leonid, IM,2643,2739
gorum96, FM,2316,2362
gorvachov, FM,2066,2204
goryachkina, GM,2720,2854
gospodarsaha07, FM,2598,2641
gothamchess, IM,2771,2875
goty09, CM,2263,2341
goughfather, CM,2024,2280
gougoune25, FM,2130,2448
govalya, WGM,2303,2427
gp9isback23, FM,2802,2827
gpapa17, FM,2547,2574
gpeloui, IM,2640,2692
gpsji27, WFM,2503,2532
gpt5-1, FM,2139,2416
gracefulyear, GM,2278,2692
gracielah, WFM,1167,1535
gradualismunleashed, IM,2642,2790
grafdemontekritz, GM,2430,2612
graflermontov, FM,2730,2837
grammnik, FM,2371,2496
grandcoach, IM,2202,2287
granddesign, IM,2408,2550
grande_strategia, NM,2631,2638
grandelicious, GM,3074,3102
grandglacier, FM,2465,2639
grandmasta23, NM,1967,2453
grandmaster1369, GM,2728,2868
grandmaster2b, IM,2861,2866
grandmasterbomo, FM,2513,2513
grandmasterdraw, FM,2516,2527
grandmasterforester, NM,2021,2234
grandmastergauri, FM,2806,2807
grandmasteroftime, CM,2600,2649
granguerrerov, CM,2449,2491
granjeroverde, FM,2390,2580
gransiurell, FM,2423,2497
grant06, NM,2423,2437
grantelgibbs, FM,1952,2021
grapefruitshapehead, NM,2588,2595
gravity_chess, FM,2853,2955
great_fischer, CM,2208,1880
greatdamnedredspot, NM,2383,2402
greatowl02, WGM,2355,2499
greatplay2, FM,2610,2684
greatunknown, NM,1971,2172
grebeniuk-s, NM,2591,2670
grebnev_a, GM,2779,2759
grecescu, IM,2443,2539
gredondo, WFM,2079,2207
greekplayer1, FM,2827,2867
green_chesss, FM,2406,2414
greenchessangel, NM,2399,2476
greengrass100, WCM,2120,2120
greenhaven, IM,2370,2379
greenranger87, FM,2705,2705
greenrose2, WCM,2425,2486
greenviper2025, FM,2537,2609
greggstanley, NM,2067,2110
greglebarbare, CM,2090,2319
gregory_the_illuminator, CM,2311,2339
gregoryacholonu, FM,2401,2483
gregshahade, IM,2788,2793
greguer, NM,2400,2457
grellmann, NM,2133,2153
gremioprudente, NM,2307,2307
gretercr006, WFM,2253,2253
greyshark670102, FM,2411,2417
grieve72, IM,2633,2771
griffinmac, NM,2579,2579
grifo2003, FM,2512,2534
grig1508, WCM,1997,2083
grigordilanyan, FM,2711,2784
grigorgrigorov, GM,2947,2995
grigoriym2001, FM,2601,2702
grillojuancruz, NM,2063,2287
grimlock_glasgow, IM,2505,2559
grind2glory, CM,2380,2391
grineva_marianna, WFM,2076,2325
grinpavl, FM,1901,2031
grischuk, GM,3003,3146
grl77, CM,2246,2318
grnic1, CM,2552,2624
grobdeg, FM,2543,2580
grobesk, CM,2536,2541
groetzi, FM,2513,2450
grolica, IM,2318,2411
grootneus, FM,2347,2366
groovykettle, GM,2989,3093
gross-aleks, NM,2575,2727
gross77777, NM,2439,2448
grossboss19, FM,2624,2670
grotbchess, CM,2659,2665
grouvilleknight, CM,1540,1983
grozdanovic_a, WFM,2321,2362
grugo64, FM,2222,2282
grukjr, GM,2670,2735
grumblebruno, FM,2514,2527
grumpyguru, NM,2221,2322
grunbergmihai, IM,2535,2701
gryffindorac8, CM,2442,2562
gryffindorgambit, IM,2674,2706
grzechu96, GM,2785,2837
gshwbedhkhd, IM,2760,2932
gtnamfrq, FM,2454,2527
guachiney, GM,2882,2896
guadabesso, WIM,2122,2214
guanchess, CM,2100,2194
guapology, FM,2334,2546
gubajdullin, FM,2598,2621
gudmundur_kjartansson, GM,2529,2681
gudrae, CM,2247,2420
guenplen, GM,2959,3003
gueraumasague, FM,2801,2818
guernsey1, CM,1675,2009
guerraperez, NM,2381,2439
guesitos1, IM,2842,2849
guesschess_game, GM,2604,2604
gufeld156, FM,2580,2641
gugeul90, FM,2200,2218
guglash, FM,1945,2022
gugutkica, WIM,2596,2762
gui-weezy, CM,1953,1785
gui_borba, FM,2472,2622
guicar16, CM,2256,2404
guilhermedeola, NM,2243,2312
guillan, CM,2213,2258
guillaumeg63, CM,2459,2459
guillead1, FM,2528,2759
guillejr, CM,1777,2146
guillembaches, IM,2566,2601
guillermowin, IM,2528,2528
guilty93, FM,2705,2722
guineapig25, NM,2303,2360
guineo59, NM,2389,2526
guinero68, FM,2308,2345
gukeshdommaraju, GM,3028,3059
gul_makai, CM,2252,2373
gulamalirises, FM,2730,2877
gulbirra9, FM,2391,2411
guldona_2007, WIM,2429,2548
gulenayaydin, WIM,2545,2568
guliev_gasan, CM,2452,2633
gulkov_igor, IM,2461,2548
gullinburste, CM,2925,2987
gultgontkharta, IM,2904,2911
gululu, WIM,2530,2606
gumimis, FM,2263,2413
gumisglhf, FM,2391,2439
gummigisla, FM,2352,2512
gummyfox, IM,2836,2914
gumugama, IM,2203,2353
guna1976, FM,2325,2410
gundavaa89, GM,2639,2667
gundcito, FM,2533,2542
gunner214, FM,2801,2868
gunslinger222, FM,2415,2482
gunterdeleyn, FM,2128,2183
gupta688, NM,2077,2136
gurelediz, GM,3137,3192
gurevichmikhail, GM,2713,2811
guriempire, GM,2873,2922
gurudub, NM,2113,2207
gurvich_vitaly, FM,2688,2760
gusanchutik, GM,3063,3063
gusarov91, IM,2739,2786
guskan67, IM,2410,2462
gusmaster2262, CM,1943,2381
gustavoaoliveira, NM,2420,2447
gustavocelis, FM,2570,2570
gustavodlacruz, FM,2200,2338
gustavojuarezf, FM,2031,2109
gustifirmansyah99, NM,2334,2379
gutovandrey, GM,2514,2514
guubol, CM,2253,2357
guyford, NM,2029,2203
guytaf, CM,2240,2240
guzman70, CM,2347,2451
gvala, FM,2502,2502
gvalch, FM,2691,2795
gvanna, WIM,2384,2654
gvetadze, WGM,2612,2612
gvk308, IM,2523,2574
gw_pabst, NM,2536,2642
gwkayser, NM,2584,2526
gwr2024, CM,2055,2324
gxbg2000, NM,1948,2251
gyalog75, FM,2703,2760
gyapiking, GM,2692,2692
gympod, NM,2455,2455
gyoung11, NM,2667,2807
gyro-zepeli, GM,2901,2971
gyulamiryan-koryun, CM,2154,2240
gyurjinyanvalter, CM,2571,2668
gzqsh07, IM,3040,3057
gzucaritas, WIM,2164,2171
h-aryanejad, FM,2331,2401
h16, WGM,2525,2700
h3nriquetv, NM,2345,2541
h4parah5, GM,2995,3050
h_e_d_g_e_h_o_g, IM,2384,2386
haapana, IM,2432,2494
habab9995, FM,2336,2516
habadra, NM,2347,2450
habitus, FM,2432,2513
hachi_fm, FM,2360,2403
hackingkid98, IM,2603,2714
hackwithblack, FM,2498,2514
hadza_3, FM,2559,2669
hafez_bakr, IM,1761,2032
hai_rapidgiulesti, CM,2196,2213
haigiong, IM,2611,2650
hajialiyev_islam2008, CM,2674,2740
hajiyevkanan, FM,2620,2713
hakan_erdogan, FM,2201,2358
hakanazeri2, IM,2906,3009
hakiki_satranc, CM,2529,2562
hakimazzz, FM,2513,2519
hakki1, IM,2502,2553
hakobyan970, FM,2180,2259
halfclosed, NM,1696,2076
halfiscrayfish, FM,2730,2740
halfnatty, GM,2705,2803
halla_123, WFM,2322,2322
halldorgretar, FM,2259,2392
halleyscommet, FM,2922,2922
halvard, FM,2237,2346
hamar1983, FM,2210,2389
hambardzumyan_yuri, IM,2250,2559
hamedwafa4, IM,2822,2905
hamelekh, IM,2749,2863
hamidrezatahmasebii, FM,2806,2806
hamisandwich, GM,2812,2856
hamishbassig, FM,2275,2396
hammahamma, WFM,2288,2374
hamonde, GM,2917,2915
hamood-albusaidi, CM,2277,2434
hamurrapi, FM,2472,2609
hamzandar123, NM,2014,2118
hananmo, FM,2552,2612
hananoyouni, IM,2337,2603
handknit, CM,2496,2534
handplay01, GM,3163,3193
handsoffhans, FM,2311,2451
handszar, GM,2499,2567
hangar-18, FM,2712,2712
hangemhigh, NM,2412,2539
hanging_pointer, FM,2722,2733
hankmd, NM,2347,2418
hannahlor, WFM,1277,1430
hannahsaycestreams, WCM,2253,2640
hannesewert, FM,2198,2287
hanoirocks, NM,2162,2163
hanqi, FM,2886,2886
hans_l4145, IM,3134,3222
hanschut, CM,2314,2404
hansen, GM,2973,3075
hansontwitch, GM,3250,3307
hanzo_hasashi1, GM,3001,3001
haobuitrong, FM,1697,2617
haotang007, CM,1883,2050
hapinka, WFM,1853,2030
happinessboy666, GM,2989,2995
happy1712drummer, IM,2524,2731
happyowls, WIM,2335,2335
happyushindi, WCM,1980,2001
haragas, NM,2653,2807
harald_blatand, CM,2697,2697
harald_schmidt, FM,2417,2543
haraldetuna, FM,2368,2017
hard_utilizator, FM,2396,2542
harddrive54, CM,2659,2804
haridaskesavan, CM,2201,2351
hariharan_v, CM,2059,2142
hariputter, FM,2480,2612
harkerchess, WIM,2532,2532
harkow, NM,2468,2595
harperchesstt, FM,2364,2402
harrisonchess21, FM,2801,2801
harry_rakkel, GM,2791,2791
harrycun, CM,2348,2504
harryhexblade, CM,2506,2591
harsha_bharathakoti, GM,2975,3009
harshhashu, WIM,1972,2107
harshu27, NM,2466,2568
harunov, FM,2261,2261
harut-1998, IM,2762,2772
harutjunyan-gevorg, GM,2772,2893
harutyuniantigrank, GM,2738,2850
harvardrocks, FM,2721,2880
harykane, NM,2598,2756
hasagoodchesser, FM,2727,2743
hasaka90, GM,2605,2693
hasangatin_ramil, GM,2676,2772
hashtag_chess, CM,2224,2254
hashtagchess, WCM,1749,2007
haski_2014, WCM,1981,1981
hassuji, CM,1773,1813
hatilay, FM,2563,2711
hatmov, IM,2405,2437
hatsummei, IM,2965,3017
hatsuzukimeiso, CM,2739,2739
hattori-hanzo78, FM,2595,2673
hatvsp923, IM,2709,2882
hauptsache_gambit, CM,2333,2364
hawes33, WFM,2351,2410
hawk_goat, FM,2246,2393
hawkcallen, NM,2323,2363
hayderserfa, CM,2072,2149
hayhalam64, GM,2105,2493
hazy13, NM,2334,2431
hblanco, IM,2710,2780
hc2011, CM,2467,2495
hcmotorcb, FM,2344,2436
headshotromantest, NM,2277,2331
healthybrick2, NM,2544,2638
heart1126, WGM,2260,2345
heartablaze, GM,2844,2930
heartofatiger, IM,2394,2648
hectorfiori, CM,2557,2557
hectorleyva, IM,2502,2545
hedgehogtheking, WIM,2606,2654
hedinn, GM,2604,2678
hehu, CM,2327,2423
heileh, IM,2446,2446
heimmc, WIM,1840,1910
heineccius, FM,2678,2792
heinichesspy, CM,2231,2390
heinza9, CM,2335,2448
heirate_mich, IM,2223,2230
heisenber_g, CM,2517,2591
hekasawari, WCM,2212,2265
helenajoanalichen8, WFM,1614,1704
helenita13, WFM,2051,2434
heliopsis, GM,2602,2800
heliosis11, CM,2364,2474
heliotropador, FM,2350,2365
helissalt, IM,2349,2471
hell3raiser, IM,2409,2455
hell_team_captain, NM,2263,2478
hellborgfm, FM,2560,2608
hellenikos, CM,2549,2605
helllborg, FM,2525,2542
hellmasterpiece, GM,2887,3021
hellokostya, IM,2612,2705
helloworld1262, GM,2500,2572
helpmat, IM,2538,2654
helverthernandez, CM,2044,2118
hemantsharma, IM,2593,2608
henriksk, NM,2436,2442
henril, FM,2512,2620
henrygra, FM,1986,1991
henryhoinhei, FM,2202,2262
henryk_s, FM,2099,2199
hepyeke, FM,2368,2410
hercog, FM,2127,2465
hercules64, GM,2315,2451
hereticus, FM,2438,2423
heretoflag, NM,2399,2483
herewecomes1, FM,2287,2378
heritiana_andria, CM,2200,2340
herman-ny, IM,2555,2664
hermangrooten, IM,2451,2451
hermanho, CM,2227,2457
hernancatelli, CM,2516,2625
herostring, FM,2403,2403
herowilczek, CM,2642,2679
herracek, IM,2638,2757
herzog2012, FM,2793,2841
hesham-a, GM,2838,2842
hexagonwarrior, NM,2518,2534
heydarli77, IM,2546,2554
heyerik, NM,2506,2534
heyiampotato, IM,2570,2736
heytbeteacher, FM,2835,2887
hgroetz, IM,2159,2389
hhtor89, FM,2407,2486
hiddenmachinations, CM,1918,2074
hieii, NM,2451,2491
hienng1301, WCM,1869,2094
hieronymus00, WIM,2514,2514
higescha, GM,2506,2506
highercontrast, IM,2116,2355
highhopes2030, WCM,1800,1200
highkenny, IM,2867,2953
highkey8, WCM,1689,1870
highlama, FM,2451,2550
highlawview, CM,1990,2212
hightide, NM,2273,2450
hiharuka, WCM,2523,2529
hijorojo19, FM,2656,2656
hikaru, GM,3400,3405
hikaruchija, FM,2454,2619
hikeman2017, CM,2125,2383
hilary46, FM,2805,2841
hilmiparveen, WFM,1922,2282
himallama, CM,2690,2763
himera, IM,2303,2420
himmybuckets21, NM,2358,2345
hinata_shoyo11, NM,2000,1985
hiperion131, FM,2292,2366
hippotaner, FM,2552,2567
hipsterchess22, CM,2329,2317
hirna2005, FM,2442,2520
hissha, GM,2267,2398
historytw, GM,2613,2684
hitaman, GM,2730,2795
hitechpanama, CM,2461,2461
hittingrookbottom, FM,2027,2052
hjlc2009, WFM,2262,2300
hk1974, IM,2602,2611
hkburwell, NM,2658,2658
hly1972, IM,2281,2345
hmag76, FM,2326,2510
hmolvig, CM,2217,2326
hn_qat, IM,2219,2452
hoacin, GM,2500,2624
hoangcanhhuan, FM,2606,2650
hoangdang2023, WFM,2241,2343
hoangpeony, GM,2339,2527
hobbit_01, WCM,2207,2269
hocalarinhocasi, FM,1924,2478
hoffentlichreichts, GM,2766,2816
hoffmana26, GM,2585,2602
holden-caulfield, FM,2831,2843
holep, FM,2407,2420
holimax, CM,2222,2267
hollywood_chess, NM,2326,2553
homayoontofighi, GM,2903,2986
homayooont, GM,2806,2806
homealone20, CM,2308,2457
homelander150, IM,2694,2760
homeless_patzer, NM,2645,2681
homelesssteven, FM,2705,2806
homino, WFM,2227,2446
homosacer97, FM,2319,2319
homyakova_elena, WFM,2259,2312
honestgames, IM,2879,2961
honestgirl, GM,2889,2962
honestjoe1, FM,2213,2314
hongjin, IM,2635,2846
hongnhung1234, WFM,2559,2644
honiex, FM,2649,2739
honorataa, WFM,2098,2229
honzaceka, NM,2228,2418
honzarubes95, IM,2556,2686
hooded_old_man, CM,2274,2526
hoosierdadi, IM,2600,2604
hope_6, FM,2773,2919
hoplex, CM,2203,2300
horaciomedeiros, NM,1971,2052
horakio, NM,2029,2227
horcruxbb, IM,2469,2551
horizonevent, GM,2382,2602
hornsounder, FM,2543,2545
horokoskii, NM,2231,2358
horpereyra17, NM,2472,2474
horripile, IM,2591,2728
horselover123, NM,2188,2417
horsesgalore, NM,2013,2014
horseychess, WCM,1987,2052
horus31, CM,2543,2545
hoshiboshi, NM,2381,2335
hoshka, NM,2196,2275
hoshor, NM,2279,2379
hosta_mahogey, NM,2360,2469
hot_chess, NM,2411,2411
hotelero, FM,2306,2401
hotella, WGM,2148,2278
hotshot008, GM,2887,2916
hotzenplotz007, WCM,2530,2564
houdima, IM,2456,2543
houdini1213, CM,2195,2195
houdinione, FM,2494,2509
houdinovic, IM,2703,2849
houdinus, CM,1803,1653
hounddog2006, FM,2682,2725
housdav, IM,2701,2702
housedayne, FM,2514,2590
houseofdurin, CM,2317,2354
housewife07, WFM,2333,2357
hovik_hayrapetyan, GM,3060,3060
hovmoellerhest, FM,2400,2400
howitzer14, GM,2997,3103
howto2draw, FM,2534,2637
howtomoveaknight, CM,2543,2692
hpanesso, IM,2525,2709
hprmdrnst, CM,2467,2467
hrairsimonian, GM,2881,2885
hrant_chessmood, GM,2939,3085
hrawk007, CM,2332,2411
hristos03, CM,2511,2668
hristosbanikas, GM,2948,2948
hrixenz, FM,2301,2301
hrlyqnn1, WIM,2210,2333
hrvatskimaher007, FM,2835,2930
hrvojezagreb, CM,2277,2417
hsd2016, CM,2576,2675
hsh1987, IM,2873,2873
hsmile, CM,2184,2295
hsskoo, FM,1939,2254
ht1010, CM,2518,2662
htopia, FM,2644,2670
huachiminga, WFM,2032,2141
huanghou, GM,2280,2362
hubertknott, NM,2300,2305
hudijegszid, FM,2524,2552
hudriwudi, FM,2434,2521
hue_chess, NM,2778,2907
hugo-berthier, CM,2600,2647
hugo_amsterdam, FM,2367,2367
hugoboss7266, CM,2274,2455
hugomunozsotomayor, FM,2274,2349
hugooakland, GM,2563,2706
hugospangenberg, GM,2625,2804
hummingbird2009, CM,2423,2314
humpy1987, GM,2689,2712
humungosaurrr, IM,2516,2495
hunga, GM,2352,2430
hungarysteve, IM,1632,2000
hungrycaterpillar4, IM,2548,2719
hunninn, IM,2703,2797
hunterbrr, NM,2300,2527
huntress_m, WFM,2568,2568
huragan007, FM,2688,2696
hurburt1, FM,2600,2667
hurghada, FM,2382,2534
hurricane7791, GM,2801,2826
hurricane_morphy, NM,2187,2366
hus2014, IM,2700,2866
husainnakara, NM,2347,2555
hushedboy, NM,2233,2345
huskywithahat, CM,2561,2673
hussien47, IM,2511,2519
hustlestandard, GM,2482,2482
huzhdarganag, NM,2434,2434
hvillagra, GM,2962,3050
hwangrara, WCM,2169,2314
hwegner, IM,2600,2663
hydrargyrum_girl, WFM,2524,2552
hyp3puzzl3s, CM,2605,2622
hyp3rl1nk, NM,2327,2350
hypeman111, FM,2274,2326
hypercar, FM,2522,2663
hypernova99, NM,2544,2628
hyperpylon, CM,2531,2539
hypert, IM,2529,2612
hypnopsycho, CM,2035,2088
hypnotichibiscus, WCM,1803,1817
hypothalamus009, WCM,1952,2054
hyxiom, GM,2115,2374
hzmc92, NM,2579,2601
i-have-no-rizz, NM,2229,2234
i-mesquita, NM,2750,2890
i_am_a_miracle, CM,2430,2504
i_am_javi, IM,2927,2983
i_am_sankalp, FM,2501,2525
i_am_whitebeard, IM,2940,3038
i_amnotnikhil, CM,1995,2014
i_enchev, GM,2567,2650
i_fink_u_freeky, IM,2805,2919
i_gold, IM,2539,2539
i_like_kasparov, CM,2385,2487
i_ll_be_back_soon, CM,2109,2317
i_love_mary_makarova, FM,2639,2591
i_will_never_forget_u, GM,2978,3038
iagrest, WIM,2305,2461
iaing, FM,2468,2511
iakovulivar, IM,2803,2786
iam_abrilyoj, FM,1967,1967
iamanoush, WFM,2531,2548
iamastraw, IM,2947,3008
iamchesschess, WFM,2111,2111
iamgrooter, GM,2832,2910
iammaster712, CM,2022,2267
iammetiniko, FM,2510,2550
iamnotim, CM,2558,2627
iamschrodingerscat, NM,2728,2823
iamshocked, IM,2761,2870
iamsimpleguy1, FM,2373,2395
iamzero0, FM,2318,2419
iana_shirova, WFM,2331,2620
iancastillo1202, CM,1352,1452
iandt, FM,1817,2000
ianov0007, IM,2552,2679
iaraldinho, IM,2563,2696
iarenotthinkso, IM,2700,2714
iaspet, CM,2496,2606
iba6702, WCM,2284,2295
iball95, FM,2954,3005
ibemadhappy, NM,2412,2430
iberezina, IM,2195,2361
ibon17, CM,2700,2700
ibove, NM,2140,2401
ibraev_vasilj, FM,2405,2459
ibraheem0, FM,2080,2215
ibrayevnb, GM,2565,2662
ibtihal24, WCM,1173,1670
ibutterurbread, FM,2684,2727
ic3s2, NM,2548,2558
icantstanddisgame, FM,2727,2936
icaro64, IM,2097,2430
icaughtacrab, WNM,1954,2192
ice_storm, NM,2153,2196
icebelka, WIM,2376,2408
icedkings, NM,2031,2196
iceioger, CM,2548,2548
iceix, FM,2312,2446
iceman_br, NM,2199,2314
iceshtorm, FM,2320,2384
icetea20082008, CM,2279,2352
icewizard1, CM,2910,2924
iceworks, FM,2207,2213
icg-paja, CM,2042,2158
ichbinberliner2012, FM,2660,2733
ichiban-misaka-simp, NM,2250,2660
ichigokurosaki64, FM,2755,2789
icltspmosmong, CM,2603,2603
icy, CM,2651,2666
icy_denial, NM,2200,2068
icychess54, NM,2253,2488
ideika, WIM,2116,2399
idiioteque, FM,2456,2563
idiot33333, IM,2827,2821
idobenartzi, IM,2694,2746
idontknowchess75, GM,3036,3175
idontwannarecognized, NM,2418,2431
idunnhelgad, WCM,1918,1978
idvidal, FM,2653,2668
iecs12, CM,2433,2439
ieie2007, WFM,2192,2301
if_name_main_a, FM,2587,2707
ifanrj, CM,2429,2565
ifrancisco, NM,2614,2614
ifunstoppable, WFM,1800,1818
ig1, IM,2476,2515
igetflaggedalot, IM,2822,2872
ignaciocavadini, NM,2411,2463
ignathor, IM,2867,2878
igor0073, FM,2535,2699
igor_bitensky, IM,2315,2452
igor_janik, GM,3004,3004
igor_kowalski, IM,2908,2910
igor_lysyj, GM,2874,2915
igorbarbashin, FM,2219,2471
igorbjelobrk, IM,2635,2792
igorcadilhac, FM,2412,2547
igordubrovich, NM,2267,2339
igorkhmelnitsky, IM,2639,2762
igorknyazev, FM,2355,2331
igorkovalenko, GM,2905,3076
igorm2008, FM,2610,2701
igorvershinin2009, FM,2585,2676
igotjinxed, NM,2325,2406
igrok3069, GM,2812,2950
ihatenajdorf, FM,2642,2652
ihatethesteelers, NM,2000,2000
ihavecometodefeatyou, NM,2266,2268
iilliijjaa, FM,2342,2379
ijustmightsac, NM,2242,2453
ik_tarasov, FM,2153,2161
ikbiedremiseaan, WCM,2340,2340
ikhasu, IM,2526,2591
ikkphd, IM,2592,2810
iko, CM,1901,2156
ikpeti, FM,2386,2463
ilanpi, NM,2129,2235
ilanschnaider, IM,3013,3003
ilanvardi, NM,2256,2268
ilgilgilg, WGM,2768,2779
ilgiux, FM,2214,2407
ilia_jude, GM,2393,2605
iliaguevnisim, FM,2683,2820
ilike_latinas69, NM,2599,2607
ililililliiililiiliiliiil, IM,2660,2771
ilimchess2, NM,2250,2363
iljajoke, IM,2584,2603
iljajoker, IM,1824,1824
iljazaragatski, GM,2614,2674
iljiushenok_ilya, GM,2776,2848
iljushin_alexey, GM,2640,2778
iljushina_olga, WGM,2122,2308
illia_nyzhnyk, GM,2827,2991
illingworth, GM,2905,3023
illustradochess, NM,2541,2574
ilm2034, IM,2691,2695
ilmaster98, NM,2589,2589
ilovechess_011, WFM,1442,2106
ilovedd, FM,2227,2276
ilovejokes555, CM,2404,2404
ilovetheamazon, NM,2451,2481
ilovetravel22, WFM,2509,2509
ilqar_74, FM,2975,3021
ilsultanoo, IM,2821,2836
ilusha, NM,1943,2245
ilushka, FM,2452,2658
iluusions, FM,2710,2719
ilvip11x02, FM,2517,2528
ilya261991, IM,2515,2629
ilyadudukin, FM,2433,2607
ilyajunior, GM,2650,2738
ilzeberzina, WGM,2278,2334
im-srdjansale, IM,2424,2534
im313, FM,2549,2543
im_alex_ivanov, IM,2543,2545
im_anupdeshmukh, IM,2517,2517
im_arthurdw08, IM,2829,2911
im_chessbrain, IM,2774,2843
im_michal_luch, IM,2710,2797
im_ramayrat_pcap, IM,2439,2638
im_samra, GM,2963,2954
im_tissir, IM,2554,2622
imagine_drag0n, FM,2902,2872
imajs, IM,2608,2659
imaksim2010, CM,2751,2761
imangeloyoung, IM,2265,2594
imarjunv, IM,2531,2547
imbefore2024, FM,2463,2513
imbetterthandre, NM,2255,2275
imbushchess, CM,2253,2484
imcoach, IM,2527,2623
imdarealist, NM,2343,2502
imdtop, FM,2481,2543
imdvb6307, IM,2570,2606
imedabdelnabii, IM,2687,2687
imeister25, IM,2568,2659
imhotep_0, NM,2046,2245
imivangalic, IM,2646,2646
imjohndonaldson, IM,2213,1930
imjonathancarlstedt, IM,2552,2713
imka63, IM,2341,2356
imkarimismael, IM,2510,2510
imlevaltounian, IM,2768,2831
imlkl10, NM,1996,2069
immatt64, GM,2719,2755
immishrank, IM,2220,2336
immortal-fighter, FM,2100,1939
immortal-killer, FM,2544,2733
immortal_legend710, FM,2806,2894
immortaltechnique, FM,2282,2373
impapa, IM,2328,2408
importos, IM,2364,2488
impossibleforu, FM,2835,2879
impractical, NM,2246,2248
improatchess, FM,2426,2432
improvidence, IM,2458,2591
impuca, IM,2172,2247
impuca1959, IM,2286,2322
imquinner, IM,2377,2427
imre91, GM,2744,2835
imrichbestest, IM,2330,2523
imrk_64, IM,2549,2607
imrosen, IM,2709,2896
imsc, IM,2721,2727
imstets-vasy-odessa, IM,2220,2315
imthegod666, IM,2480,2595
imuffevinther-schou, IM,2403,2479
imultimatebeast, IM,2808,2822
imvadim, IM,2447,2535
imvoja, IM,2522,2528
in_shambles, WFM,2196,2233
inadac, WFM,2267,2349
inagrev, FM,2610,2614
inbetweenmove, GM,2495,2749
incike, GM,2788,2842
incognito_knight, GM,2801,2834
incognizance, CM,2101,2219
incredible64, CM,2296,2378
incrediblebubacik, GM,2736,2739
inde-finitely, NM,2104,2157
indfraeng, IM,2743,2770
indian-elephant, GM,2917,2917
indian_tactician, FM,2845,2882
indianlad, GM,3096,3090
indianpowerkid, IM,2535,2688
indianschoolofsuffering, IM,2464,2598
indiobrasileiro, NM,2550,2550
indiomiguel, NM,1908,2134
individoom, IM,2826,2909
indomiemaster123, CM,1946,2138
indsltchessplayer, CM,2463,2585
inefavel-indizivel, NM,2602,2718
inepton_fermion, FM,2499,2546
inertw, CM,2083,2185
inessilva09, WFM,1870,1965
ineverlikedyou, FM,2613,2616
inevity, FM,2200,1910
ineymig2004, WIM,1925,2154
infantaria08, NM,2112,2266
infernal_xam, GM,2873,3005
infinit1y, WFM,1977,2329
infiniteadaption, NM,2411,2520
infinitegiantkiller, NM,2486,2541
infinitypoint, NM,2645,2645
infuriatedcroc, WCM,2139,2186
inga83, WGM,2384,2451
ingoscarardila, CM,2292,2450
inigodust, IM,2516,2719
initiatingasc, NM,2544,2568
injazzstyle, GM,2753,2982
inlovewithf, FM,2552,2654
inmarcesible7, FM,2610,2667
inneremptiness, IM,2823,2953
inopov, GM,2552,2552
insanetraining, CM,2653,2665
insatiable27, CM,2442,2569
inspektor_rex, GM,2909,3030
instantpuding, WCM,1756,1966
instructorpj, CM,2069,2069
interestingprofile, FM,2534,2677
inthemindofamaster, IM,2306,2341
intowns23, NM,2441,2492
intoxicatedolphin, CM,2530,2617
invisible_s0ul, WFM,2386,2462
inzlf, FM,2608,2750
iomshark, IM,2376,2652
ionutdd123, CM,2497,2635
iostnala, NM,1941,2236
iouki25, FM,2603,2603
iozefinaw, WGM,2061,2180
ip-man6254, FM,2618,2627
ipachess, FM,2340,2572
iqsports_chess_coach, NM,2180,2216
iranchesstrainer, FM,2621,2668
iraniancheetah, CM,2452,2452
irazyne, NM,2347,2421
irena10, WFM,2257,2343
iri_cheetah, FM,2574,2651
irian-jaya, WCM,1680,1864
iribu, WGM,2606,2691
irina_baraeva, WIM,2304,2462
irina_barchuk, WFM,2293,2519
irina_mikhaylova, WGM,2437,2464
irina_s18, WGM,2235,2364
irina_sudakova, WGM,2459,2459
irina_turova, WGM,2455,2515
irina_utiatskaja, WIM,2144,2194
irinadrogovoz, WIM,2263,2525
irinaostry7, WIM,2088,2298
iris77, WCM,2033,2175
irishchessman16, IM,2557,2626
irishmonkey, FM,2662,2652
irisqueen, WCM,1920,1952
irmaak, WCM,1811,1938
irochka83, GM,2659,2687
irolnatvik, IM,2040,2350
iron_fistt, NM,2600,2627
iron_punch, CM,2441,2493
ironiasudby, NM,2611,2617
irontigran94, IM,2505,2544
irushh, FM,2660,2684
isaacwiebe, NM,2439,2525
isaiahkim12, NM,1851,2245
isainz, NM,1921,2298
isajevsky_anton, FM,2625,2693
isaks, FM,2547,2720
isaquegoncalvessanto, NM,1832,2073
isfsam, FM,2410,2428
ishowmoves57, CM,2170,2249
isikcan, IM,2625,2708
isikcan05, GM,2950,2950
iskusnyh, GM,2740,2763
isla88, FM,2580,2650
islamhajaliyevyoutube, CM,2311,2311
islamovqaasim, CM,2261,2338
ismael-khadour, FM,2256,2338
ismaelamadorgarcia, FM,2346,2365
ismayilseferov, FM,2812,2935
ispanec, FM,2536,2733
israelfillip, NM,2108,2199
israeliking, NM,2511,2544
istanbul1, IM,2685,2785
istoleurfood, WCM,1990,2047
istvanovszkimartin, FM,2266,2538
istvansinka, FM,2110,2110
isurualahakoon, FM,2507,2617
itachiuchiha999, GM,2793,2961
italian5, IM,2530,2536
italianmachine, NM,2433,2557
italo-zapata, CM,2360,2366
italymaster, FM,2553,2560
itay121, NM,2733,2746
itheonlyme, FM,2417,2593
itk04, IM,2824,2832
itscheckm8mate, WIM,2386,2432
itscryptoknight, FM,2515,2736
itsdsyr, WFM,2274,2455
itsekuri07, IM,2759,2931
itshere, NM,2159,2140
itskyell, CM,1666,1770
itsmyknights, NM,2193,2193
itsniki97, WCM,2024,2138
iturrizaga, GM,2996,3054
itwasbarzini1973, IM,2481,2481
itzky, FM,2702,2741
iuckyducky, WIM,2300,2385
iudina-veronika, WCM,2559,2559
iulian22, CM,2271,2283
iulik86, IM,2592,2733
iunusovnuriddin, CM,2418,2421
iuri_shkuro, GM,2916,2916
iusegine, FM,2490,2584
iustin106, FM,2776,2776
ivan_gerasimov, FM,2430,2459
ivana_999, WIM,2226,2226
ivanandresglez, FM,2341,2457
ivandrade10, FM,2405,2472
ivanhoeleo, CM,2365,2385
ivanka65, FM,2234,2322
ivanmorovic, GM,2741,2750
ivano12, FM,2385,2503
ivanooob, FM,2595,2685
ivanquiroga, CM,2734,2826
ivanradivojevic, FM,2561,2572
ivansoriano1, IM,2714,2795
ivanuraev, FM,2702,2752
ivanvolodin7, FM,2538,2589
ivavidenova, WGM,2558,2695
iven08, IM,2412,2444
iverichighladze, IM,2571,2744
iversonas, NM,2337,2337
ivn_2001, CM,2500,2539
ivyamoko, WFM,1332,1812
iwannabetheguy, NM,2301,2304
iwant2lose, NM,2346,2473
iwanyu, GM,2874,2945
iwetarajlich, IM,2465,2465
iwillbecomethepirateking, FM,2460,2576
iwkooo, FM,2726,2866
iyael, CM,2100,2308
iyanastur7, FM,2434,2532
iztub, CM,2121,2189
izuzquiza, CM,2423,2423
j-isaac, CM,2340,2364
j-p-l-r, GM,2501,2539
j164, WFM,1747,1929
j2806, WCM,1921,2243
j36225, FM,2535,2535
j_coca, FM,2323,2635
j_lisbon, NM,2164,2174
jaac2002, FM,2739,2837
jaackcamel, CM,2222,2285
jaap-amesz, CM,2329,2329
jabberwockiez, WGM,1436,2340
jabh84, NM,2222,2295
jacek_gesicki, FM,2506,2478
jacek_ilczuk, CM,2200,1870
jacekdubiel, IM,2401,2528
jacemalcom, IM,2827,2982
jachymcarostrelec4, FM,1898,2059
jack_puccini, FM,2703,2703
jackal6469, IM,2996,3010
jackechess, WFM,1796,2179
jackhearts, NM,2444,2543
jackleterrible, FM,2546,2735
jacknoahjack, FM,2191,2278
jackrodgers, FM,2655,2766
jackrudd, IM,2479,2537
jacksonchen, NM,2048,2048
jacksterthepro, FM,2497,2613
jackvino, FM,2475,2478
jacky72, IM,2864,2970
jacob_chesslollipop, CM,2342,2530
jacobrafael, GM,2520,2587
jacobsfrog, NM,2601,2601
jacosta7, IM,2451,2593
jacques_gyllenhaal, FM,2196,2562
jactorres, FM,2433,2619
jacutina22, FM,2469,2503
jaddiejiet, FM,2389,2545
jadeit90, CM,2484,2613
jadoublewski, IM,2534,2534
jadro9, IM,2672,2729
jafartheparrot, FM,2577,2690
jagadeesh_siddharth, GM,2901,2947
jagerrmeisterr, FM,2650,2847
jagllan, FM,1930,2140
jagrr, FM,2142,2294
jah_skido, CM,2164,2193
jahonas, NM,2434,2530
jaisankars, FM,2504,2511
jaivvardhanraj, CM,2378,2394
jake_jortles97, IM,2715,2892
jakecarlosbanawa, FM,2290,2555
jakhongir-vakhidov, GM,2947,3033
jakopogi, IM,2898,2926
jakubczakon, IM,2388,2517
jakuboss22005, CM,2444,2608
jakubpulpan, IM,2828,2911
jala111, WFM,2275,2275
jaloliddinilkhomi, FM,2856,2980
jam1stfm, FM,1830,1961
jamal-jamal-jamal, CM,2331,2506
jamaladam12200620, CM,2066,2163
jamalm2, CM,2064,2155
jamatemate, NM,2558,2656
jamengrand, FM,2293,2520
jamert, FM,2470,2490
jamesaltucher, NM,2111,2307
jamesbond, FM,2498,2540
jamescoleman, CM,2507,2507
jamesmdt, IM,1882,2340
jamiecole, WCM,1080,1294
jamik13, IM,2371,2386
jamison0708, CM,2400,2533
jammydodger91, IM,2507,2549
jamondejabugo1234, FM,2310,2468
jan080760, FM,2216,2422
jan1401, IM,2545,2545
jan2404, CM,2270,2287
jan939519, FM,2368,2380
janakrivec, WGM,2113,2206
janaschach, FM,2426,2429
janespet, NM,1662,1914
janh4, NM,2151,2337
janhelmer03, CM,2592,2592
janistantv, GM,2754,2928
jankarsten, IM,2719,2719
jankydongle, NM,2547,2585
janmur7, CM,2433,2470
jannat65, WFM,2020,2038
jannat_65, WFM,2118,2150
jano, FM,2509,2509
janosik, GM,2841,2896
jans174, FM,2330,2356
jansmeets, GM,2740,2812
janukshan, CM,2233,2257
janumber1, CM,2276,2278
janusz5603, FM,2181,1947
janwerle, GM,2445,2590
jaquetriple, CM,2102,2102
jaramsdal, FM,2408,2527
jarda1955, FM,2200,2158
jardy79, FM,1222,2304
jarming, FM,2743,2886
jaroslavsobek, FM,2287,2335
jarrahi2452, IM,2936,2968
jarshh95, CM,2304,2392
jasf2510, CM,1781,1814
jashariardian, FM,2451,2523
jaskol95, CM,2593,2737
jasminxaa, WCM,1871,1965
jasonbolivar, FM,2250,2493
jasongaragara, NM,2068,2204
jasonhuila, CM,1907,2132
jasonliu02, CM,2426,2464
jasonmendoza2, IM,2672,2727
jasperbeukema, FM,2435,2508
jasrom, NM,2492,2530
jat0123, NM,2462,2517
jatait47, NM,2340,2365
jatakk, GM,2315,2707
jatorres60, FM,1998,2289
jauburn, WGM,2318,2318
javadovvv, CM,2830,2855
javichuela2789, CM,2411,2411
javierfreilemartin, FM,2271,2479
javiergil, IM,2410,2410
javierruizvazquez, CM,2656,2658
javirec, FM,2404,2465
javokhir_sindarov05, GM,3170,3180
javylavilla, FM,2464,2477
jawharbf, FM,1800,1992
jawschess1955, NM,2150,2309
jawsviejo, FM,2081,2125
jaxyz64, FM,2542,2556
jaydee0305, IM,2866,2872
jayden5345, FM,2402,2471
jayden960, FM,2531,2531
jaymemiranda, CM,2329,2426
jazminxd181219, WCM,1507,1610
jb2mix, IM,2737,2776
jbd735, NM,2404,2588
jbgd, FM,2405,2660
jbj, FM,2792,2847
jcgs1030, IM,2508,2563
jchernandez84, CM,1918,1918
jcibarra, GM,2910,3070
jcm960, FM,2188,2290
jcmesafischer, CM,2457,2516
jcpoza1971, NM,2404,2451
jcreyes69, FM,2352,2452
jcvandamme10, FM,2313,2484
jd001, FM,2285,2363
jddg, CM,2357,2379
jdjwjsikdkfjxj, FM,2510,2515
jdoss, FM,2319,2538
jdoug2012, IM,2456,2483
jdpachess, NM,2535,2535
jdpino, NM,2061,2190
jdwchess64, NM,1926,1985
jean-claude_vandal, FM,2343,2527
jeandredr, CM,1827,1945
jeaniiiusk, WNM,2157,2415
jeanrus, CM,2351,2390
jeaston1, NM,2378,2501
jecdii, FM,2235,2385
jedigirl14, WCM,1631,1685
jedipredator, IM,2515,2723
jeep80, FM,2271,2417
jeetjain, FM,2645,2721
jefferyx, GM,3165,3192
jeffinho023, FM,2500,2665
jeffpk, FM,2610,2623
jeggerm, IM,2450,2355
jehubner, WNM,2113,2119
jeigoth, CM,2414,2441
jek59, NM,2046,2089
jelenakarleusa-so-18, IM,2677,2790
jeloma, FM,1732,2498
jem, CM,2185,2279
jen_am, WFM,2076,2171
jenia84, WGM,2475,2531
jenni64, WIM,2068,2070
jennifermochess, WFM,1805,1805
jennyqi13, WFM,2188,2206
jens1102, IM,2687,2770
jenshahade, WGM,2404,2404
jensrahnfeld, FM,2522,2578
jeppesen08, FM,2522,2575
jeremdev, FM,2440,2528
jeremgiap, FM,2269,2445
jerglermeister, WFM,2432,2662
jermorgurgeh, FM,2395,2459
jero888, FM,2687,2687
jerom555888, FM,2642,2838
jeroma71, FM,2925,3100
jerry_77, FM,2603,2722
jerryle, NM,2335,2374
jesper_kjaergaard-jensen, CM,2337,2398
jesse_james1989, FM,2651,2683
jessefebruary, WIM,1975,2109
jesseinkman, CM,2517,2558
jessejames88tx, NM,2496,2496
jessekraai, GM,2604,2748
jessicahs, WFM,2066,2200
jessicahyatt, NM,2279,2321
jesspinkman, GM,2403,2525
jessy-molina, WFM,2252,2252
jestemlepszyxd, GM,2851,2937
jesuscg, IM,2147,2235
jesuschristmylivinghope, NM,2552,2758
jesusesmifuerza, CM,2287,2289
jethrovv, FM,2756,2818
jetleochess, CM,2491,2498
jevgenijaleveikina, WFM,2202,2232
jeziel_vale, NM,2204,2284
jezozwierzejedzawieze, WFM,2360,2589
jfcampos, FM,1961,2286
jflup, IM,2388,2575
jfriedel, GM,2720,2720
jg-17, FM,2616,2692
jg1me, FM,2570,2604
jgauci, CM,2303,2406
jgroffct, NM,2515,2544
jguerramzllo, GM,2682,2885
jh_donner, FM,2000,2095
jharkhandchessacademy, FM,2126,2213
jhedigm, FM,2589,2639
jheiserman, NM,2602,2602
jhellsten, GM,2762,2799
jhonnyuribe, CM,2556,2671
jiahaoxiang, IM,2649,2784
jiangofett, NM,2731,2731
jiejio, NM,2284,2562
jiihart, CM,2222,2254
jij2018, FM,2513,2513
jilinzhang, WGM,2185,2350
jim2600, GM,2316,2418
jimis98, FM,2635,2829
jimlahey, GM,2949,3050
jimmmyzhang, NM,2566,2584
jimmy-schlumpf, IM,2313,2475
jimmymac77, FM,2250,2319
jimmysenyoo, GM,2747,2806
jimonios, CM,2800,2842
jimwest, NM,2042,2042
jinbojinbo, GM,2733,2832
jindrichkuba, FM,2304,2387
jinelarodriguez, WFM,2508,2511
jinjaboy1, IM,1585,2426
jinrie, CM,2343,2407
jinx1996, IM,2724,2855
jinxy2009, CM,2363,2425
jjbolanos, CM,2225,2302
jjdarek, CM,2418,2468
jjedrikjg, WFM,1893,2064
jjlai1111, CM,2474,2520
jjosu, GM,2915,3006
jk13, IM,2669,2969
jk2w, CM,2341,2450
jkidd123, NM,2165,2165
jkidjr22, NM,2517,2757
jkolly, FM,2508,2635
jkxkvs, GM,2813,2821
jlandaw, FM,2558,2610
jlauri, CM,2100,2100
jlcastaneda, FM,2657,2657
jlesya, WFM,2121,2286
jlf287, CM,2585,2585
jlg2413, FM,2577,2628
jlkinglion, FM,2228,2496
jll2006, FM,2159,2737
jlmanzanares, FM,2242,2275
jlrhei, NM,2435,2516
jlucasvf, GM,3000,3000
jm05c, FM,2712,2785
jm_gutierrez, FM,2540,2542
jmatias, FM,2518,2629
jmb2010, GM,2815,2815
jmcadavid1998, CM,2360,2432
jmf24, WGM,2508,2527
jmpion, CM,2382,2569
jncool68, GM,2853,2864
jnitz, NM,2460,2477
jnwdubdgbe, IM,2983,3036
jo_black1990, CM,2370,2508
joachimbn, IM,2719,2750
joachimmouhamad, FM,2505,2605
joaco21, CM,1485,1618
joaco_mc, FM,2342,2416
joakimvonand, IM,2679,2798
joanchess, FM,2062,2222
joannadworakowska, WGM,2174,2206
joao_dianda, NM,2228,2331
joarprodhan, CM,2420,2425
joattack, FM,2235,2319
jobavajr, NM,2420,2440
jobito, CM,2108,2191
jocachesss, NM,1879,2002
jocmil, FM,2734,2803
jodmar, NM,2465,2465
joeassaad, CM,2821,2860
joeclown, FM,2126,2223
joegoldberg13, NM,2375,2606
joehoe76, FM,2324,2464
joejan, FM,2232,2447
joejoe243, CM,2244,2370
joejreusa, CM,2067,2217
joel1285, FM,1844,2067
joelkoda, FM,2227,2262
joelynli, WFM,2309,2414
joeyjojo_09, WCM,1699,1847
jofe242, CM,1813,1758
jofisch10, FM,2352,2354
jogadormedio, NM,2482,2612
johangunawan, FM,2056,2275
johannesh, IM,2787,2803
johansalomon, GM,2593,2715
johhnnyyii11, CM,2488,2582
johnathan113, IM,2717,2881
johnchess7, NM,1914,2158
johndanielbryantiii, IM,2765,3118
johndoe698, CM,2520,2665
johngraves1, NM,2203,2275
johnlit, FM,1878,2167
johnmez, FM,2365,2409
johnnashjr1, FM,2620,2533
johnnyanto, CM,2544,2568
johnnycagemk2, NM,2172,2285
johnnyyy_bravo, IM,2618,2728
johnwhite1952, CM,1948,2162
johnwick1389, CM,2221,2235
jojo_1608, WFM,2384,2392
jojo_898, WFM,2441,2499
jojozp, FM,2540,2743
joker289, IM,2760,2772
joker_gumble, FM,2394,2482
jokers20184061, FM,2386,2452
jokksi99, FM,2643,2663
joksijoksi, WIM,2534,2679
jolintsai, GM,2738,2753
joliyroger, FM,2554,2602
jomarego, FM,2270,2378
jomelke, CM,1949,2015
jon_speelman, GM,2679,2742
jonady1, FM,2400,2542
jonahwillow, IM,2884,2927
jonas_88, NM,2724,2724
jonas_hacker, IM,2490,2546
jonas_md, IM,2546,2546
jonaseilenberg, FM,2701,2792
jonasgallasch, FM,2538,2555
jonashilwerda, FM,2487,2513
jonasrath, CM,2616,2616
jonaszbaum, IM,2792,2796
jonathanchuah, CM,2662,2670
jonathanhilton, NM,2084,2303
jonathanhilton1, NM,2223,2444
jonathanwesterberg, GM,2693,2846
jonesmurphy, NM,2000,2000
jonfrankle, NM,2191,2191
jonkristianh, CM,2451,2494
jonmeista, NM,2139,2139
jony79, FM,2461,2621
jonychabla, FM,1915,1925
joophoutman, FM,2024,2024
jopebouzy, CM,2088,2177
joppie2, GM,3104,3174
jordanloyd2020, IM,2520,2727
jordi-wayne, NM,2268,2320
jordigon, IM,2301,2497
jordiqc, CM,2160,2160
jorge_renteria, FM,2211,1076
jorgebittencourt, IM,2653,2653
jorgeferreira, CM,2314,2379
jorgeluis86, FM,2750,2773
jorlazchess, CM,2010,2234
jorquerino, FM,2336,2455
joseacorrea, CM,2102,2105
josechess1994, FM,2316,2484
josechessgg, FM,2530,2634
josefineheinemann, WGM,2493,2649
josegonzalez_64, GM,2570,2706
joselito22, FM,2247,2365
josemoramoron, FM,2214,2399
josemourinho2020, GM,2572,2707
joseph_truelson, NM,2458,2520
josephrov, FM,2426,2574
josephryan, FM,2230,2476
josephtolima, FM,2660,2684
josephymwale33, FM,2526,2532
joseremolar, FM,2500,2604
joserobinson, CM,2240,2255
josesande, FM,2331,2528
josesoza, CM,2397,2466
josetono, IM,2155,2155
josey_wales2020, FM,2029,2306
josgar05, FM,2563,2570
joshb91, NM,1931,2061
joshdaruca, GM,2767,2920
joshuacao, NM,2309,2355
joshuachick, GM,2871,2924
joshuagk27, FM,2647,2697
joshuaguo, NM,2363,2367
joshukid, FM,2676,2877
joshweinstein, NM,2420,2635
josip_buje, FM,2176,2416
josiur, FM,2620,2652
josiwales, IM,2730,2915
josjimal, CM,2507,2438
josmito, GM,2375,2502
josmito10, IM,2754,2920
josmito80, GM,2618,2834
josoha, FM,2559,2559
josorio78, NM,2367,2456
jospem, GM,3033,3184
josuexp, FM,2227,2397
journal, FM,2369,2425
journey_to_grandmaster_yt, IM,2671,2756
jovana51796, WFM,2020,2059
jovankahouska, IM,2385,2599
jovantodorovic, IM,2377,2532
jovencata, CM,2451,2545
jovensuave, FM,2543,2543
jovidon91, FM,2718,2734
jowke, FM,2011,2265
joyli1234, WCM,1596,1578
joyromany15, WIM,2179,2205
joyspaceman, CM,2529,2579
jozefkneht, IM,2609,2692
jposthuma, IM,2704,2760
jps520, FM,2248,2529
jpsmo, GM,2592,2632
jpstearmanfan, FM,2300,2300
jptica, NM,2317,2411
jpuczai, NM,2226,2247
jquiroga18, NM,2516,2529
jr1193, CM,2442,2442
jraosam, CM,1851,2413
jrbarreto, IM,2537,2619
jrenatomaranhao, NM,2064,2138
jrlok, GM,2212,2430
jrwright, NM,1625,2000
js20000, GM,2833,2973
jsdbv, IM,2339,2352
jsdbv18, IM,2597,2653
jsequera, IM,2314,2448
jsinanan, NM,1635,2115
jslaby, IM,2654,2812
jsmastropiero, FM,2354,2548
jsprepz, GM,2925,3024
jstopa4, GM,2779,2845
jszabolcsi, IM,2395,2411
jtayar88, IM,2560,2689
jtchua, WCM,2158,2158
jtcoach, GM,2685,2863
jterminator, CM,1748,1977
jtoth, CM,2217,2360
juanarmandorohl, IM,2689,2718
juancglez, GM,2450,2553
juanchesst, IM,2651,2723
juancinho, CM,2152,2399
juancruzarias, FM,2903,2903
juandiego7804, FM,2440,2461
juandiv_chessmood, CM,1848,1890
juaneschess_twitch, CM,1406,1599
juanjosecapablanco, CM,2477,2715
juanlloretramis, FM,2113,2175
juanman96, FM,2368,2458
juanovic, CM,2129,2307
juanrohl, IM,2719,2700
jucaxx, NM,2417,2508
judgeholden13, NM,2273,2360
judit041024, WFM,2241,2276
juditova, WIM,2140,2283
juditpolgar, GM,2718,2772
judomaster3, CM,2390,2441
jueies, FM,2627,2659
juic5r, CM,2504,2504
juice_wr1d, NM,2851,2866
juicy_fork, FM,2605,2612
juko7812, WFM,1903,1785
julant, WGM,2631,2722
juleona, WFM,2532,2532
juli2512, WFM,2065,2231
julia_ushakova, WFM,2135,2360
juliaefremova, WIM,2268,2425
juliana_figueira, WFM,2129,2175
julianlinchess, NM,2133,2464
julianmchess, IM,2448,2463
julianos82, FM,2348,2544
julianproleiko, NM,2748,2808
julifg, WCM,1382,1382
julijanplenca, IM,2646,2798
julinha97, FM,2507,2621
julio_becerra, GM,2872,2913
julioramirezosio, CM,2542,2555
julipy, WFM,1876,2090
juliusceres, FM,2358,2563
juliuspohyt, IM,2860,2923
julix, WFM,1841,2077
julkano, WFM,2214,2224
julsz08, FM,2537,2624
jumbo, GM,3011,3089
jumpingjac2, NM,2746,2746
jumpingknight20, IM,2847,2863
jumpman1998, NM,2530,2672
june57, GM,2155,2155
jungle_jaguar, IM,2681,2851
junglebook25, IM,2508,2508
jungleman82, IM,2669,2669
junhaopro, CM,2378,2620
juniorjumper, CM,2500,2682
juniormvl, FM,2638,2695
juniortay, CM,2659,2674
juniorz98, NM,2526,2536
junjicol, FM,2608,2665
jup1978, FM,2552,2624
jussupowfan, FM,2517,2446
just-na, WFM,2606,2617
just2slow, GM,3069,3146
just_biz, NM,2582,2741
just_lucky_1, FM,2621,2625
just_worse_than_u, FM,2614,2602
justantan, GM,2926,3003
justanything, GM,2694,2734
justdazzled, FM,2046,2251
justin_navarro-ariza1, CM,1909,1993
justinburgess, NM,2055,2083
justinjosh, FM,2642,2707
justinwang1234, IM,2926,3022
justinz, FM,2555,2585
justkid, FM,2541,2777
justmig, IM,2659,2818
justmss, WIM,2405,2491
justwatch000, IM,2703,2852
juwen, GM,2762,2791
juzekarbuzek, CM,2410,2517
jvferreira, GM,2834,2834
jwd11, CM,2270,2270
jwillz14, IM,2678,2792
jyliu, WIM,2116,2149
k-g4, IM,2354,2457
k-nygren, CM,2627,2644
k1ttygang, FM,2164,2291
k2jw, FM,2315,2451
k_a_s_t_o_r, GM,2836,2986
k_alena13, WFM,2190,2224
k_grigoryan, GM,2882,2987
k_iron_man, CM,2376,2406
k_wageih, IM,2525,2721
ka1ser64, NM,2523,2650
kaanozcan006, FM,2569,2617
kaasboeropwielen, FM,2843,2843
kabegody, CM,1924,2087
kachsona, GM,2816,2923
kacparov, IM,3047,3080
kacperkacprzak, FM,2902,2904
kacperkarwowski, CM,2579,2645
kacperpolok, FM,2535,2559
kacprekt, FM,2507,2605
kadatskiy_alexander, FM,2726,2726
kadirsoria, FM,2320,2325
kaer_morhen, CM,2335,2394
kaffeehaus1851, GM,2811,2882
kaffeeschluerfer, FM,2286,2360
kafkaesqueknight, FM,2468,2579
kai_nov, IM,2275,2452
kaidanov, GM,2617,2741
kaiovcfr, CM,2086,2228
kaisermafra, CM,2256,2343
kaisersaucey, IM,1995,2259
kaissa10, WFM,2125,2320
kaisstrella, IM,2553,2569
kaitlyninc, WFM,1888,1916
kaiyrbekov, IM,1663,2504
kaizen_chess_academy, CM,2662,2665
kajaol, WGM,2227,2366
kajoyskie, WNM,2202,2295
kaka, NM,2374,2439
kaka666, GM,3002,3002
kakarot_001, IM,2815,2884
kakaroto_28, FM,2184,2214
kakashi34, FM,2000,2000
kakorrhaphiophobie, FM,2357,2479
kaktus71, FM,2504,2671
kalani88, FM,2030,2072
kale36, CM,2300,2551
kaleandmushrooms, NM,2501,2642
kali03, FM,2545,2555
kalinchick, NM,2567,2576
kaliopa, WGM,2186,2334
kallekiik, IM,2312,2343
kallerotmg, NM,2199,2502
kalogridakos, FM,2414,2423
kalxandria, NM,2246,2283
kamb2r, WFM,2349,2488
kamblefy, IM,2349,2514
kamduki, CM,2073,2279
kami30, CM,2474,2481
kamikazeheinz, FM,2436,2471
kamikazeheinz2, FM,2535,2562
kamilahryshchenko, WFM,2383,2371
kamilek84, GM,2922,2867
kamilgrycel, FM,2703,2703
kamilianin235, FM,2635,2688
kamina03, FM,2560,2670
kampak, FM,2272,2364
kampkatten, GM,2854,2854
kanalszachowy, CM,2446,2506
kanana26, WIM,1614,2333
kanielc, NM,2448,2475
kanishgiri, FM,2347,2437
kanseimigatte, FM,2258,2452
kanthecarowin, NM,2601,2650
kantorgergely, GM,2829,2890
kanwalb, WFM,1724,1823
kanzaww, IM,2539,2560
kap5, FM,2373,2510
kaphrep, GM,2729,2917
kapibara_warri0r, WCM,2506,2513
kapishp1, NM,2200,2261
kapitan_bayan, FM,2154,2532
kaponerde, WCM,2368,2378
kaponov, NM,2194,2289
kappa71, FM,2248,2311
karabenemsius, IM,2212,2427
karacsonyi_gellert, IM,2911,2911
karaivosa, CM,2418,2547
karatebaby, FM,2558,2653
karateloru, FM,2769,2880
karavaev50, FM,2450,2408
karavanela, GM,2578,2656
karel_g, IM,2103,2103
karenzadita, WIM,2361,2432
karenzc, WIM,2192,2294
kargan90, GM,2836,2853
karina_ivanova, WFM,2261,2386
karinaa87, IM,2523,2760
karinachess1, IM,2711,2754
karjanr, NM,2375,2531
karl_2000, GM,2567,2580
karlemilelmer, CM,2180,2301
karlydx, WCM,1797,1858
karlzelesco, IM,2400,1984
karmada123, FM,2586,2598
karolkacprzak, FM,2928,2928
karospr, IM,2511,2511
karpovian123, NM,2422,2584
karpovs_butler, CM,2321,2347
karpovs_maid, GM,2767,2911
karpovvadim, IM,2611,2685
karstenhansch, FM,2605,2725
karstenschulz, FM,2526,2562
karthi2301, IM,2965,2965
kasabian, CM,2365,2597
kasandra124, WFM,2537,2573
kash12345, FM,2031,2293
kashishmjain, IM,2763,2778
kashkoosh, CM,2422,2598
kaskrik11, WFM,2279,2306
kaslask, IM,2296,2396
kaspablanca99, NM,2297,2414
kasparicy, FM,2427,2509
kasparik_garik, IM,2808,2809
kasparov_from_the_future, IM,2692,2761
kasparovhiddenson, CM,2458,2439
kassablanca, IM,2693,2828
kassimov_b, IM,2477,2673
kastanieda_georgui, GM,2703,2703
kasun_bole, CM,2351,2417
kasztan_10, WCM,2042,2042
katakuridono, CM,2490,2518
katarinaostojic, WFM,2314,2366
katchesskat, WFM,2314,2393
kate1606, WFM,2186,2196
katemur87, WIM,2046,2046
katerinamiroshnik, WFM,2626,2626
katerynalagno, GM,2763,2928
katharinareinecke, WCM,2076,2098
katheksis, FM,2667,2721
kathi92, WIM,2126,2126
katik87, WIM,2322,2368
katoma, WGM,2052,2161
katpah, FM,2826,2853
katrinakat, WCM,1775,1840
katspanov, FM,2200,2330
katuducha, FM,2146,2436
kaua18, FM,2506,2706
kavithaje, WFM,1853,2051
kavyev_ruslan, FM,2228,2715
kawhi_leonard2, FM,2113,2539
kayamarley, CM,2084,2292
kazakhfighter04, GM,3076,3076
kazakov_konstantin, IM,2732,2853
kazan28, GM,2750,2837
kazancev_valerij_m, FM,2417,2574
kazmin_dmitrij, FM,2168,2385
kazmin_semyon, FM,2693,2713
kbachler, FM,1977,2258
kbep1, NM,2231,2259
kbt123411, WFM,2149,2302
kbzasdavid16, FM,2596,2606
kcfpatzer, CM,2123,2307
kchor05, NM,2542,2715
kcnock2004, IM,2488,2637
kd64, FM,2705,2712
keaton87, IM,2670,2759
kecalk, IM,2707,2723
keegsech0791, GM,3030,3030
keeper0416, FM,2540,2614
keepitcoming, NM,2182,2649
keepitcool9499, NM,2590,2675
keikinkg, FM,2236,2310
keisyzrk, NM,2505,2548
keitharkell, GM,2551,2745
keithonsky, CM,2688,2772
kejjaj, CM,2195,2228
kekic76, CM,2360,2419
kelocky, NM,2196,2322
kemelgallo, FM,2840,2858
kempsy, GM,2853,3002
ken7u7, FM,2439,2514
kenia64, WCM,1900,1376
kenjikichiro, FM,2815,2805
kennethalex, CM,2299,2334
kenreoo, FM,2601,2621
kensei26, NM,2419,2536
kenst, FM,2213,2396
kenta1234, IM,2808,2901
kenzo-xarod2500, FM,2726,2760
keopki, WFM,2094,2266
keosidi, FM,2469,2553
keranke, IM,2965,3060
kereswasbest, NM,2200,2358
kerrystead, CM,2082,2174
kesarev, CM,2523,2554
keselek-pion, IM,2574,2574
kestutislabeckas, IM,2493,2605
kethrochess, FM,2358,2358
ketigrant, GM,2468,2518
ketitsatsalashvili, WGM,2351,2521
ketrabluwos, CM,2609,2623
ketster, WGM,2634,2706
kettai, FM,2541,2560
kettichess, WGM,1731,2001
keturisunys, FM,2702,2724
keures, NM,2371,2540
kev4444444444, FM,2499,2534
kevin_gibson, NM,2249,2252
kevin_goh, GM,2902,2902
kevingeorgemicheal, IM,2721,2733
kevinhappyface, NM,2363,2487
kevinwang97, IM,2744,2835
keyser_stark, GM,2390,2390
keyshlavega, WCM,1781,1804
keysjo, WIM,1484,1900
kezin_roman, IM,2969,2985
kf2-and-smile, FM,2388,2429
kflorian98, IM,2749,2819
kgali, WIM,1406,1874
kgambitman, NM,1762,2074
kgarde, IM,2490,2490
kgli1m, NM,2249,2392
kgutierrez95, WFM,2233,2308
kh_bayasgalan, WCM,2453,2459
khalakhanov, CM,2372,2488
khaledjeldah, FM,2255,2341
khalid_chess, CM,2187,2293
khalifa_alhefeiti, CM,2246,2261
khalilmousavi77, IM,2906,2914
khalilmousavi98, GM,2905,3022
khaliunaa01, WFM,1866,2052
khallod, IM,2643,2643
khamrakulov_djurabek, GM,2913,2947
khamzinolzhas, FM,2302,2661
khandakeraminul, FM,2288,2472
khanim_b, WGM,2532,2532
khansnephew, NM,1911,2087
kharposh, NM,2253,2538
khatanbaatarbazar, GM,2729,2829
khayala13, WGM,2426,2644
khaz_modan, GM,2744,2759
khazarbabazada, FM,2918,2962
khazhatuly_alikhan, CM,2676,2676
khazhatulyalikhan, CM,2516,2539
khazieva_elza, WFM,2440,2481
khbegmuratov, IM,2965,3020
khbr4, IM,2705,2815
khgirl2015, WCM,2063,2112
khnykin_nikolay, FM,2201,2301
khoipham, IM,2620,2628
kholoudal-khelaifi, WCM,781,1382
khromkin, FM,2402,2527
khungthep, NM,2565,2675
khusenkhojaev, IM,2719,2864
khuslen2008, WFM,2384,2374
khvicha_supatashvili, IM,2846,2826
ki2010, WCM,1396,1737
kiaanagrawal, CM,1729,2319
kian_msh, CM,2370,2404
kiana_arab, WCM,2111,2228
kibitzingpatzer, CM,2250,2001
kiborg1987, GM,3019,3019
kibromnnn, CM,2056,2146
kicaps, FM,2682,2740
kick-start-the-rhythm, WFM,2546,2618
kidagent, FM,2331,2421
kiddoo55, WFM,2024,2026
kids2010, IM,2882,3002
kidstandingattheboard, FM,2566,2564
kidzchessacademy, CM,2374,2393
kielinkei, FM,2592,2654
kien05, CM,2825,2834
kiesari, FM,2521,2607
kiev-1, NM,2385,2459
kikalaurincova, WFM,1926,2054
kikoveiga, IM,2422,2855
kildepiotr, IM,2720,2771
killabeezonatak, FM,2271,2409
killer-kostya, GM,2703,2856
killer311, IM,2386,2515
killer64sk, FM,2586,2586
killer_dreams, FM,2650,2569
killer_london, NM,2442,2480
killerbishop888, IM,2887,2974
killerhomeworkclub, NM,2836,2836
killerrook, NM,2097,2107
killertoy, FM,2143,2360
kilpkonn, WFM,2055,2102
kimitoapelao, NM,2480,2558
kimkahre, NM,2211,2377
kimkibo, NM,2671,2829
kimmich_mindset, CM,2321,2386
kimmini05, CM,2486,2321
kimonji, IM,2385,2666
kimster98, FM,2571,2759
kimstevenyap, IM,2587,2750
kindnessonboardfoundation, FM,2562,2562
kinetix, NM,2009,2273
king2121212, CM,2351,2370
king_19772009, WFM,2490,2548
king_deded4d5, FM,2476,2561
king_kinto, CM,2219,2219
king_of_the_wing, CM,2474,2425
king_of_victoria, NM,2377,2423
kinga2008, CM,2563,2756
kingapolak, WFM,2187,2324
kingbaiano, NM,2434,2447
kingbuilder001, NM,2318,2417
kingbwil, CM,1992,2088
kingcrush64, FM,2495,2509
kingcrusher275, FM,2655,2697
kingcyber19, FM,2652,2843
kingd356, NM,2315,2511
kingdestroyer3000, NM,2094,2227
kingdray, FM,2039,2071
kingharii, IM,2797,2812
kinghomelander, CM,2410,2484
kinghunter183, WIM,2443,2206
kingloek, GM,2874,2985
kingmontecristo, NM,2887,2907
kingnb, IM,2777,2854
kingof2soap, FM,2179,2519
kingofattack555, FM,2197,2320
kingofconvenience, GM,2705,2705
kingofkolkata, FM,2236,2503
kingofnovosibirsk, CM,2155,2380
kingofthenil, GM,2950,3053
kingpanda13, FM,2826,2849
kingplot65, NM,1790,1928
kingragnarv1, GM,3048,3092
kingrazor33, CM,2184,2331
kingrossi, FM,2419,2473
kingscrusher, CM,2196,2365
kingside_rook, CM,2557,2831
kingslayer061cm, CM,1819,1995
kingslayy7yer, WCM,2513,2515
kingsman132, FM,2587,2605
kingstar70, FM,2488,2605
kingswhite2008, CM,2523,2572
kingtsay88, FM,2286,2370
kinguncrowned24, FM,2694,2703
kingwalk456, NM,2380,2513
kinkaiser, FM,2440,2589
kino, NM,2559,2559
kintoho, GM,2589,2708
kinzhal, GM,2744,2882
kira170, GM,2783,2855
kira_raa, WCM,2246,2261
kiranmanisha, WGM,2434,2468
kirbydowna, NM,2355,2426
kircsaj, WIM,2450,2471
kiril1965, GM,2817,2860
kirill_2008gm, FM,2592,2645
kirill_klukin, IM,2940,3016
kirill_kopenkin, FM,2483,2698
kirill_zaitsev, NM,2651,2636
kirillannenkov70, FM,2376,2525
kirillgenius, CM,2506,2517
kirillov_andrey, IM,2270,2612
kirillovo, NM,2449,2474
kislov_oleg, FM,2490,2609
kismet6, NM,2021,2279
kite1993, WIM,2717,2734
kithara1986, WIM,2033,2116
kittycat35, WFM,2008,2008
kivas, CM,1940,1959
kjjl, FM,2508,2530
kjzsdu, FM,2492,2773
kkpanu9, NM,2334,2342
kl31, FM,2446,2524
klaas1996, CM,2148,2221
kladenskyamater, FM,2212,2370
klan1, GM,2514,2539
klassimo18, IM,2943,3005
klauser63, FM,2335,2449
klavdia_nik, WGM,1940,2416
klean_shuqja, WFM,1936,1970
kleinebeer98, GM,2830,2993
klendi, CM,2446,2688
kleong12, NM,2305,2364
kleopl, NM,2520,2612
klercaku, WFM,2453,2454
kleyton_lima, NM,2526,2680
kli19002, NM,1945,2027
klibrelato, WIM,2232,2264
klichev_mikhail, FM,2300,703
klifus, FM,2221,2313
klimkoj, GM,2938,2997
klippfiskkjerringa, GM,2477,2477
klokan64, WFM,1192,1759
klonik, WFM,2287,2311
klyashtornyvladislav, IM,2256,2456
kmd_dragon, FM,2477,2477
kmpk, CM,2485,2577
knarik83, WIM,2202,2217
kncp_719, FM,2739,2759
knd2020, WGM,2681,2681
knetterbernd69, FM,2505,2505
kngopal, CM,2248,2318
knight8700, NM,2422,2436
knight_attacker10, WFM,2410,2426
knightduta, FM,2878,2915
knighthunter2024, NM,2398,2680
knightinshiningarmour16, WCM,2392,2510
knightleap, NM,2155,2235
knightly_king1, CM,1795,2061
knightmare82, GM,2963,3078
knightmareprodigy, FM,2357,2388
knightmarestyle, IM,2823,2851
knightmate64, CM,2445,2548
knightoclock, NM,2512,2583
knightoutpostop, CM,2311,2510
knightpromotor, CM,2382,2430
knightrider701, FM,2613,2623
knights4base, IM,2489,2593
knightseesix, NM,2331,2342
knightstar52, IM,2376,2397
knighttraps, CM,2553,2592
knjazj, FM,2045,2164
knvb, GM,3023,3023
koalaskakistis, IM,2721,2727
kobalia, GM,2808,2862
kobemagic, CM,2379,2609
kobykalavannan, FM,2661,2756
kochichess, FM,2094,2475
kochudini, FM,2603,2663
koenigin94, WGM,2348,2361
kogotbobra17, FM,2890,2940
kojinatsu, WCM,1648,1788
koknoi, WIM,1589,1833
kokosikkaka, FM,2835,2849
koksal06, IM,2651,2697
koksik_13, GM,2802,2802
koktebel22, GM,2545,2680
kolento93, CM,2600,2630
kolle05, FM,2429,2668
kolosovas, NM,2022,2219
komal_kishore_pothuri, NM,2120,2379
komaromy31, NM,2081,2229
kombinator01, FM,2436,2607
komiagina_maria, WIM,2272,2289
komissarov_alex, FM,2229,2276
kommfrankfurtjunge, FM,2429,2552
komodo_dragaon, FM,2512,2713
komogro, CM,2534,2583
konavets, GM,3144,3193
koncheto, CM,2611,2753
kondylev, GM,2867,2867
konek-gorbunok, FM,2390,2481
kongechess, IM,2557,2703
konguvel, IM,2374,2448
koningkobe, FM,2539,2578
kononenkod, FM,2623,2724
konovalova_vera, NM,2183,2269
konradrutkowski, FM,2485,2549
konservator69, GM,2592,2721
konstantin_dmitrievich, NM,2825,2843
konstantin_yayloyan, FM,2519,2535
konstantinb_1983, FM,2545,2775
konstantine_25, FM,2472,2472
konstantinvshivkov, FM,2449,2496
konzip22, CM,2440,2464
kopeisk81, WGM,2357,2418
kopfverletzung, FM,2474,2565
kopi_siew_dai, FM,2532,2563
kopyciarz, IM,2452,2452
kopylov_alex, IM,3001,3001
kopytkin, FM,2486,2517
korason34, IM,2639,2753
korbacik, WIM,2092,2210
korbul, IM,2645,2726
korchmar_vasiliy, IM,2670,2868
korgissehc, GM,3190,3229
korkmaz16, CM,2531,2642
kornelone99, IM,2444,2739
kornilovaeg, WFM,2263,2334
koroldimitriy75, NM,2517,2596
korona_91, IM,2653,2688
korosh2011342, CM,2450,2568
kors67, IM,2369,2509
korsolainen, CM,1983,1957
korstinto, CM,1906,2024
korum65, IM,2605,2666
kosak12, GM,2916,2993
kosanovicgoran, GM,2649,2699
kosche007, FM,2422,2478
koshkamatrioshka, CM,2704,2737
kosmeg, IM,2564,2665
kosmys, WCM,1805,1954
kostas83, FM,2305,2337
kostina_nadezhda, WIM,2127,2415
kostukov_alex, NM,2321,2471
kostya0705, FM,2648,2765
kostya26, NM,2346,2568
kostya_nikologorskiy, IM,2639,2760
kosya4ok, GM,2679,2867
kot60, FM,2462,2613
kot_kefirchik, IM,2258,2277
kotchy, NM,1916,2040
koterv1610, WFM,2515,2735
kotlyar_k, FM,2653,2733
kotofeyca, FM,2568,2582
kou88, FM,2385,2385
koukku, NM,2430,2460
koukourou, FM,2634,2697
koustavchatterjee1, GM,2903,2936
koutsalogo, GM,2885,2885
koutsin, IM,2628,2544
kouzari, GM,2619,2679
kovalchuk94, FM,2683,2800
kovalyov_eduard, FM,2515,2606
kovchan, GM,2753,2753
kovkov, GM,2365,2536
kowarenai, NM,2709,2744
koziororo, FM,2539,2788
kozlov_roman, FM,2572,2659
kozok, FM,2283,2543
kpera, FM,2270,2444
kqchessacademy, FM,2115,2142
krakenbeast, FM,2518,2518
krakozia, GM,2940,3056
kralevskialeksandar, FM,2176,2405
kralj56, IM,2576,2586
kran900, FM,2443,2584
kranchis, FM,2346,2511
kranga, NM,2519,2519
kranthikumar1993, NM,1743,2172
krapinek9, WGM,2224,2410
krasavchik2002, FM,2522,2529
krasavetc, IM,2669,2681
krasimir_rusev, GM,2701,2792
kratos031, IM,2510,2624
krauchenia_nastassia, WFM,2267,2302
krazypawns, IM,2743,2777
kreonx, FM,2574,2574
kresojevicvasa, FM,1829,2152
kretinovich, FM,2558,2672
kretov_evgenij, FM,2735,2735
krigon, FM,2204,2298
krilinkienza, IM,2708,2835
kripri, NM,2548,2707
kris2804, WIM,1991,1889
kriscacco, FM,2362,2581
krishna_2800, FM,2457,2478
krishnamurti3, FM,2582,2666
kristi2013, WCM,1892,1924
kristina_kim, WCM,2159,2282
kristof_08, FM,2592,2598
kristy2009, CM,2404,2468
kritipatel, WCM,2145,2265
kritni, WCM,2063,2074
krivonosovfan, NM,2191,2264
krlence, CM,2572,2627
krokerguy, CM,2511,2522
krokodilo17, WFM,2064,1857
krolpawel92ontwitch, NM,2739,2806
krolpaweltv, NM,2462,2877
kromax33, GM,2727,2778
krompirchek, WFM,2252,2291
kroonts13, FM,2727,2655
kroppar, FM,2464,2510
kroshkakami, NM,2611,2664
krovavyoryel, FM,2805,2859
krsilva, CM,2335,2518
krsolomac, IM,2690,2702
krstulov_alex, IM,2646,2722
krucki03, FM,2501,2725
kruhor, GM,2522,2654
krujjster, IM,2627,2787
krupko_alexey, FM,2100,2469
krutoy123, IM,2485,2512
krvelacny_krecek, IM,2578,2603
kryvolapov, IM,2209,2251
krzysztofszczurek, FM,2577,2600
krzyzan94, GM,2836,2903
ksenia_legenko, WFM,2195,2254
ksenijan, WFM,1959,2134
kshetrapala_of_chess, FM,2502,2637
ksho99, NM,2168,2260
ksuforever, CM,2312,2382
kswp, IM,2601,2628
kuandan, CM,2453,2485
kuanysh1981, FM,2462,2539
kuba2006, FM,2497,2624
kubagepard, IM,2683,2787
kubal123, FM,2321,2580
kuban1991, IM,2953,2997
kubarabatin, FM,2441,2522
kubas1010, IM,2618,2732
kuchma777, GM,2573,2651
kucing_72, IM,2604,2710
kudesnik84, IM,2447,2494
kudo8366, CM,2406,2406
kuenkuen1989, CM,2460,2597
kuhlmann, FM,2587,2587
kukola, WCM,1570,1920
kuku33riya, WCM,2118,2258
kuli4ik, GM,3002,3040
kumaranbalaji98, FM,2645,2800
kumareshayyachamy, CM,2524,2529
kumi29, CM,2553,2631
kunaevchess, IM,2472,2855
kunalm64, FM,2673,2682
kungmongmanh, WGM,2539,2646
kunoichi_69, NM,2628,2837
kurai, FM,2676,2786
kurganchess45, IM,2450,2562
kurkusha, WFM,2401,2490
kurtschneider, NM,2245,2304
kuruguru, CM,2407,2473
kuruhuru, FM,2604,2739
kushagerchess, IM,2554,2558
kushagramohan, IM,2977,3010
kushbhagat2009, FM,2688,2857
kushch_nikolai, IM,2538,2538
kusiia, WFM,2300,2417
kutirovrolando, GM,2563,2574
kutyapofa, WCM,2046,2064
kuwaitchess, CM,1966,1966
kuwaitigm, WCM,2180,2258
kuybokarovtemur, GM,3023,3080
kuzol, WFM,2614,2625
kuzubovyuriy, GM,2945,2993
kuzuevdanil, IM,2580,2703
kvaidan, CM,2472,2561
kvissv, WFM,2105,2191
kvothekilla, NM,2439,2502
kw33ngambit, FM,2753,2703
kweather11, NM,2074,2300
kwisatz_haderachsn, FM,2427,2508
kwsclt7, CM,2142,2195
kxmo13, NM,2310,2351
kxt100, NM,2277,2390
kyawlayhtaik8, FM,2311,2460
kyawmyataung2005, FM,2461,2494
kyh717, WIM,2303,2383
kyiekorver, NM,2547,2699
kyiv-volvo, CM,2334,2468
kyky1232, FM,2319,2369
kylelancman, NM,2544,2571
kylemorrison64, NM,2155,2159
kylnmd, WIM,2285,2352
kyrie-eleven, FM,2009,2609
kyrie2012, IM,2599,2782
kyrongriffith, IM,2752,2778
kyuotbi, WIM,2389,2508
kz28am, NM,2111,2111
kz_champ_gm, CM,2663,2664
l1475, NM,2304,2304
l1m96, FM,2892,2924
l3on4rdo, GM,2638,2814
l4ncer, FM,2314,2373
l_lorenzo, FM,2094,2283
l_thno, WFM,1872,1999
la_fiesta_del_ajedrez888, FM,2915,3047
la_muralla123, CM,2336,2336
labdalla, FM,2278,2466
laboratorio25, FM,2605,2750
lacafi, NM,2309,2418
lachaturanga, WFM,2093,2122
lachesisq, GM,3028,3211
lacplesis27, FM,2311,2355
ladheezwousharounm, GM,2468,2537
ladislav1969, IM,2437,2545
lady_berry, WFM,2559,2570
lady_nika, WFM,2647,2679
ladychessnv, WCM,2415,2521
lagedema, FM,2585,2641
lagravesamuell, FM,2714,2784
laguayabaalbizuista, CM,1957,2122
lagunanivaria, FM,2666,2726
lagunov1961, FM,2452,2504
lagushonok, WIM,2125,2166
laico, FM,2424,2573
laiditmang05_ducminh, NM,2642,2782
lailailaiking, NM,2558,2573
laimis61, FM,2249,2395
laitveik, FM,2480,2553
lajul, FM,2279,2332
lakewhale, CM,2641,2690
lakiskaki, IM,1921,2358
lakofdawalapment, IM,2556,2640
lali-rustavi, WCM,1901,2148
lalitsahu, CM,2663,2664
lalu, NM,2507,2507
lamachampetre, WFM,2208,2315
lamamilan77, CM,2555,2557
lambo478, IM,2702,2702
lamboliu, NM,2534,2604
lambosian, CM,2590,2650
lameduckwarrior, FM,2423,2423
lamedude, FM,2700,2700
lamomiablanca, IM,2584,2659
lamomiajunior, IM,2842,2964
lamon2000, FM,2494,2494
lancelot120376, CM,2455,2560
landman, FM,2007,2056
langesnasenhaar, FM,2490,2618
langua_chess, FM,2478,2653
langusto, IM,2704,2760
laninabonita, WGM,2569,2587
lanita_1408, WGM,2187,2282
lanshou, IM,2678,2776
lapitch, GM,2796,2875
laplatinum, FM,2908,2945
lapleutrerie, FM,2671,2674
laporfia, CM,2414,2432
lapsoepap, IM,2335,2395
laracroft_07, WFM,1833,1895
laraine12, WCM,2137,2330
laraschulze21, FM,2401,2401
larax, IM,2791,3010
larazov, WCM,2278,2259
larbiben, CM,2352,2371
larciano, WFM,2029,2083
larina_maria, WFM,2308,2399
larina_marija, WFM,2293,2370
larisa004, WFM,2087,2240
larisakalinina, WIM,2199,2199
larissa789, CM,1688,2000
larissasteenbekkers, CM,1873,2307
larissayuki, WIM,2118,2154
larkin-vladislav, IM,2783,2895
larrave, IM,2562,2562
larrylarsen, FM,2182,2427
larsmandreassen, CM,2330,2409
larso, GM,2797,2955
lasallechess, FM,2600,2670
lasayon, IM,2644,2707
laskakid, IM,2401,2480
lasker_fiverr, NM,2200,2200
laskerisalive, GM,2273,2588
last7samurai, GM,2893,2950
lastgladiator1, GM,3040,3055
lastherojr, IM,2453,2690
lastman106, CM,1881,2285
lastreetcmamaison, GM,2783,2801
lather42, FM,2438,2499
latigre, CM,1693,1933
latinachess, WIM,2234,2452
latixxa, FM,2416,2417
latreche-sabrina, WIM,1915,1996
laugomezg, WCM,2214,2222
launcher97, FM,2623,2623
laura145vian, WCM,2226,2240
laura_smith, WFM,2070,2070
laurent2003, CM,2412,2511
laurents2000, CM,2077,2330
laurenzchess, IM,2557,2595
laurin_2009, CM,2487,2573
laurynaszaveckis, CM,2109,2410
lavalitahumana, WIM,2381,2541
lavandum24, WCM,2149,2146
lavenderchess02, WCM,2172,2429
lavogadinni, NM,1884,2097
lavpajcin123, FM,2623,2722
lavr92, IM,2671,2825
lavrov_maxim, IM,2615,2638
lawliet64, NM,2061,2273
lawrencecooper, IM,2373,2373
lawrencetrent, IM,2710,2763
lazarnestorovic93, IM,2498,2548
lazaro25, FM,2569,2641
lazaruschess92, FM,2608,2664
lazarusicarus, NM,2351,2609
lazovt, IM,2760,2787
lazy_river, GM,2846,2885
lazyim, IM,2933,2933
lcfox, GM,2815,2816
lcmil, NM,2245,2687
lcmorningstar12209, WFM,2425,2478
lcv4022, WCM,1572,1642
ldearco, FM,2433,2478
le-castor-faineant, CM,2436,2456
le-koala-fou, CM,2328,2544
le_poisson, WIM,2313,2407
leandro-slagboom, FM,2298,2428
leandrojimenez, FM,2461,2514
learning_matters, FM,2739,2815
leavethecannoli, CM,2399,2399
leavethepool, CM,2383,2432
lebel7, FM,2251,2465
leboshnitzel, NM,2232,2355
lebron1111111, FM,2490,2696
lechateaufort, CM,2506,2538
leclash, FM,2468,2617
lector118, FM,2709,2767
ledakovalexandr, FM,2441,2586
lee_yeon_sung, NM,2608,2649
leebit02, FM,2670,2679
leejunhyeok, IM,2732,2847
leepday, FM,2457,2468
lefjonjuv, IM,2360,2610
lefonghua, FM,2585,2739
left_shark99, GM,2965,3070
legbreaker, NM,2310,2541
legendadada, WIM,2326,2326
legendaryscar, FM,2612,2702
legendinunknown, IM,2812,2915
legendisback1, GM,3132,3212
legenya1998, NM,2475,2495
legit, IM,3000,3000
legomaster77, CM,2494,2494
lehel-vrnc, FM,2365,2556
leivala, IM,2001,2139
leiwang680, CM,2569,2666
lekurnyikovszvetozar, IM,2710,2736
lelajavakhishvili, IM,2613,2652
lelouch_brittainia, WCM,1353,1534
lelya96, WFM,2189,2502
lemayvega, FM,2456,2594
lembke407, GM,3218,3254
lemmingsplayer, CM,2747,2759
lemon365, NM,2000,1999
lempire123, GM,2648,2770
lemures27, IM,2500,2667
lena_geo, WGM,2048,2176
lenadil, NM,2215,2215
lenedekock, WFM,1579,1662
leninguerra, IM,2620,2801
lenkaptacnikova, WGM,2187,2288
lennis93, IM,2770,2871
lennitaz, WIM,2048,2145
lenwis, WIM,2045,2285
lenyas66, IM,2673,2673
leo_efim77, FM,2448,2483
leoajedrez92, IM,2480,2643
leobispo83, NM,2832,2846
leocarlos, FM,2468,2572
leoduarte, IM,2316,2505
leolinx, CM,2275,2315
leoloia, FM,2642,2636
leolv10, FM,2786,2819
leon009, GM,2920,2953
leonardol2005, NM,2242,2370
leonid_starozhilov, FM,2782,2838
leonidsh29, FM,2203,2393
leonidtoronto, IM,2757,2834
leonvaldes, IM,2348,2491
leoo2001, IM,2700,2808
leopato, NM,2391,2394
leopoldasss, IM,2394,2500
leosumant, FM,2357,2554
leotobares, FM,2263,2421
leowin2012, NM,2389,2469
lepatronn, CM,2204,2267
lependina, IM,2400,1521
leplusfaible, CM,2436,2471
leplusmortel, IM,2521,2758
lepongebob, FM,2257,2364
leroideschampions, FM,2852,2946
lesachtal, CM,2180,2204
leschebaza, FM,2556,2646
leslymontufar, WFM,1712,2122
lessler-sea, NM,2033,2312
lester_freamon, FM,2404,2605
lestofante90, GM,2853,3015
lestri, GM,2659,2786
let_it_be_1, IM,2702,2770
letans, FM,2351,2397
letheo, IM,2420,2544
letigamb, WFM,2000,1528
letinac, FM,2070,2159
letsgoband, FM,2696,2757
letswin2, CM,2569,2740
levallem, FM,2349,2471
levanzovsky, IM,2565,2731
levgutman, GM,2365,2577
levitating_bishop34, NM,2225,2469
levonaronian, GM,3107,3152
levski-sofia, IM,2656,2719
lewanatol, CM,2346,2377
lewiseisen, NM,2532,2601
lexie1981, IM,2119,2124
lexiel, WGM,2351,2428
lexisvar, FM,2594,2681
lexyac, CM,2200,2379
leykunmesfin, FM,2021,2250
lfpp5, GM,2953,2955
lgabi, FM,2634,2761
lgsalazar94, FM,2558,2594
lh84, WCM,1976,2073
lhavas, FM,2478,2605
lhundrupmdorji, CM,2594,2705
lhunguane, CM,1677,1722
lhuron, FM,1948,2031
lia_maria, WFM,2039,2103
liadcuba, NM,2284,2582
liambaruchza, CM,2427,2462
liamlennart, FM,2671,2671
liamneves, NM,2363,2530
liamputnam2008, IM,2997,3053
liamvrolijk, GM,2909,2956
liashkevich, WFM,2664,2680
liborzvolanek, FM,2009,2107
licancabur, FM,2510,2518
lictorhectares, FM,2207,2207
liczner, IM,2979,2998
lider34, FM,2481,2504
liderchessacademy, FM,2705,2705
lidiodelgado, FM,2460,2509
lidiyato, WIM,2561,2583
lidongw, NM,2355,2413
liduino, NM,2207,2300
liebestraumen, CM,1586,1748
lieke-95, WCM,1959,2029
liellev, WCM,1720,1535
liemle, GM,3095,3166
life-of-fire, FM,2398,2540
life_actuary, CM,2100,1836
lifeek, FM,2268,2296
lifeisallaboutchess23, WFM,2529,2578
lifeissofun, FM,2121,2360
liga_stavok, IM,2684,2812
lightladdergoodmatter, CM,2507,2114
lightning_pig, WCM,1797,2021
lightningdragon8, CM,2483,2490
lightningstrike9012, IM,2635,2647
lightsinthenorth, FM,2738,2753
lightspeedflyer, WFM,2043,2113
lightx3d, FM,2385,2439
like962, GM,2553,2726
likeablewolf, FM,2399,2421
likelychess13, CM,2501,2570
likemachine, GM,2430,2586
likewater, IM,2707,2857
likvidator228, FM,2542,2636
lila_rz, WCM,1767,1771
lilcrab00, WFM,2101,2166
lildoggo2007, FM,2565,2573
lilekoridze, WFM,2407,2537
lili_ani, GM,2549,2742
liljon_chess, FM,2653,2711
lilleper1, GM,2984,3028
lilovence, WFM,2427,2448
lily_schirmbeck, WCM,2033,2033
lilylg, WIM,2285,2318
lilyofthefield, WCM,1947,2110
lilyrishu, WCM,1883,1912
limarr, CM,2071,2247
limeinthecoconut, FM,2603,2648
limelight2727, FM,2457,2481
limingyi, NM,2000,1687
limkyaw, FM,2401,2401
lindsay790, WCM,2150,2277
linesman39, FM,2334,2294
linhaocheng, CM,2208,2366
linlin1812, FM,2490,2516
lion-993, FM,2741,2867
lion-al-messi, FM,2634,2701
lion_dl, FM,2474,2554
lionchamp, CM,1749,1898
lionchessclub, FM,2665,2841
liondinamic, CM,2231,2303
lioness23, WIM,2159,2185
lioni26, IM,2617,2771
lionking2009, FM,2729,2745
lionking2367890, CM,2510,2582
lionking4321, GM,255,2162
liontheleon_06, GM,3047,3072
lior_m, FM,2538,2429
lipa02, FM,2200,2200
lipauska3, IM,2629,2794
lisikvalera, IM,2431,2622
lislla, WIM,2031,2090
liss_ca, WIM,2002,2048
lisychess, WGM,2472,2472
litemale, CM,1466,1888
literally_i_drive, NM,2505,2621
litmus, NM,2000,2000
litsman, CM,2397,2397
litti, FM,2620,2620
little-gnome, FM,2349,2394
little_skib, NM,2982,3048
littlechessfan, WFM,2390,2400
littlechinni, WIM,2036,2115
littlekarpov, IM,2394,2543
littlekoala08, NM,2515,2548
littlelionman, FM,2807,2705
littlemooo, WCM,1240,1337
littlemymoomin, WFM,2012,2049
littleozy, IM,2541,2647
littlepawnfriends, WFM,2463,2571
littlepeasant, GM,2725,2921
littlepinkyboy, FM,2511,2785
littleplotkin, IM,3007,3000
liumar, FM,2223,2462
liuyuanzhanfu, GM,2901,2901
livajam, FM,2336,2504
livec, IM,2343,2413
livegamesense, FM,2229,2605
liveinmoment, WGM,2275,2489
liverpool174, FM,2807,2848
liverpool_444, IM,2501,2559
liverpoolborn, WGM,1863,2122
livestrong04, IM,2520,2535
livingthechesslife, WFM,1776,1986
liviudieternisipeanu, GM,2743,2778
livvy2020, WFM,1950,2130
liwadas82, NM,2553,2580
liwenliang, IM,2521,2571
liyoliyo, FM,2162,2178
liza2016, WIM,1747,1973
lizasolovyova, WGM,2502,2624
ljariussneed88, FM,2453,2519
ljm509, CM,1845,2386
ljuks68, FM,2476,2563
lkb001, CM,2521,2531
ll-laurusnobilis, FM,2253,2253
ll220284ll, CM,2546,2583
llamalord42, NM,2447,2491
llambipasku, IM,2767,2829
llarimarc, FM,2538,2594
llavanesr, NM,2273,2286
llrchess, FM,2589,2707
lluiss, FM,2180,2393
lm13wnh, WFM,2387,2539
lmastershadowl, NM,2204,2248
lmcshane, GM,2819,2819
lmfchess, WCM,2228,2228
lmhometeam, NM,2231,2280
loaysameer, IM,2701,2720
lobachevyury, FM,2222,2418
locotito77, GM,2522,2538
lofigrind, NM,2799,2818
loggiafelixdamaria, FM,2292,2388
logicbaba, IM,2695,2722
logisam, FM,2524,2592
logman74, IM,2593,2680
logoczar, NM,2366,2588
loiacono_antonio, FM,2589,2630
loinofthenorth, GM,2812,2883
lokander, IM,2000,2000
lokiy47, IM,2612,2646
loko-motivet, FM,2436,2509
lokomotiv777, FM,2228,2400
lollinope, CM,2196,2198
lolo9292, IM,2204,2656
lolsirs, FM,2384,2384
londonkid, CM,2506,2723
lonelyqueen0, GM,3002,3055
lonelyzeng, GM,2998,3097
loneppawn, NM,1976,2060
lonesomegeorge1, IM,2548,2684
lonestarpawn, CM,2312,2661
longstom, CM,2265,2366
lony7, IM,2520,2602
looktan123, WCM,1780,1780
lookwow, CM,2311,2381
loonsdekoeben, FM,2409,2556
lopem, FM,2077,2182
lord4hire, CM,2039,2259
lord_neezy, NM,2310,2432
lord_of_the_vision, FM,2113,2275
lordchaos21, GM,2743,2827
lordchessh, CM,2693,2797
lordillidan, GM,3033,3097
lordiron, FM,2351,2410
lordplayer64, FM,2536,2667
lordsacalot, CM,2493,2559
lordthomasmore, IM,2800,2800
lore97, NM,2239,2268
loreleicornelisse, WFM,2437,2597
lorenz0_8, FM,2612,2688
lorisinoc, FM,2396,2396
lorneracosta, CM,2680,2720
loruf, FM,2364,2606
losageless, WCM,2192,2347
loscecco, NM,2286,2286
lose_pawn_lose_game, CM,2314,2349
losersgame, FM,2484,2547
losingexperience, IM,2805,2858
losratonesenjoyer, NM,2355,2485
lost_monkey, CM,2450,2559
losxodos, IM,2540,2566
louadasme, CM,2321,2361
louiekov2022, NM,2708,2817
louis-paulsen-fan, FM,2392,2535
louis198, FM,2690,2778
louis64, FM,2428,2473
louizor, FM,2367,2385
lovac58, GM,2665,2669
love7unicorn, IM,2629,2653
love_craft, IM,2451,2672
love_dat_philin, IM,2600,2606
loveforever_pepi, IM,2285,2373
loveinyouratoms, IM,2981,3031
lovelifebro, CM,2406,2554
loverboy33, NM,2364,2607
loverespectchess, GM,2808,2892
lovetov, FM,2613,2629
loveumore, FM,2617,2679
lovevae, GM,3104,3129
lovinski, FM,2423,2555
lovkov_roman, IM,2793,2838
lovlas, IM,2807,2807
loy_konstantin, NM,2419,2489
loyacomondu, NM,2021,2086
loyalclone, NM,2380,2341
loyalfighter, CM,2454,2538
lphoangquan, CM,2607,2678
lploatr, FM,2809,2866
lprostoy, CM,2491,2757
lpsupi, GM,3069,3081
lquerella, IM,2278,2494
lrbp, NM,1848,1946
lredwolf, NM,2228,2470
lrestevez, FM,2165,2319
lrjchess, IM,2773,2735
lschess, NM,2547,2655
lsf, CM,2264,2264
lshaped, NM,1657,2040
lstefl, FM,2179,2241
ltorresr, IM,2701,2769
lu1860, WIM,2428,2454
luachess1, WNM,1856,1930
luar1609, FM,2512,2512
lubaba-fire11, WCM,2032,2032
lubov_gordyk, WFM,2530,2755
lubovmarkelova, WFM,2173,2291
lubovzolotova, WCM,1770,1958
lubricate9, FM,2510,2510
luc5, FM,2448,2483
luca020707, FM,2493,2537
luca_va99, NM,2377,2474
lucabrasi1968, FM,2585,2592
lucachess49, FM,2560,2560
lucaprotopopescu, CM,2496,2501
lucas_tomiello, FM,2644,2793
lucasmito, IM,2623,2899
lucasran, FM,2779,2807
lucena125, WFM,2330,2391
lucerne82, GM,3019,3019
luchesss2, WIM,1937,1937
luciamalanramos, WCM,2140,2203
lucian_gl, FM,2345,2386
luciana, WIM,2282,2345
lucidination, FM,2768,2796
lucieryb, WFM,2054,1461
luckismyskill, GM,2756,2883
lucky_puncher, FM,2615,2655
luckymajky, FM,2679,2679
luckyswitchback, FM,2834,2912
luckytiger, GM,2827,2841
lucliasco, IM,2934,2966
lucomighty, FM,2457,2600
lucumpe04, FM,2786,2851
ludogoretz, FM,2514,2587
luibov_an, WFM,2102,2229
luipaard, IM,2506,2549
luis-garcia, NM,2126,2203
luiscez, CM,2324,2447
luisfsiles, FM,2439,2512
luisgui16, IM,1973,2528
luisibarrach, GM,2569,2898
luismcpsantos, IM,1992,1996
luismiguelov, CM,2157,2267
luiso1961, FM,2430,2623
luiz_carlos_arrais, NM,2200,2251
luizamarin, WIM,2012,2130
luiztfelizola, NM,2227,2313
luizzy, FM,2824,2834
luka95, FM,2629,2727
lukachess3, IM,1631,1631
lukamodric1902, IM,2752,2893
lukar07, CM,2384,2429
lukas2010, IM,2524,2537
lukas_111111, GM,2685,2777
lukashandler, IM,2282,2413
lukazz029, NM,2007,2258
lukianoo, GM,2945,3025
luklei18, IM,2380,2604
luksona14, FM,2730,2816
lukuka11, IM,2676,2747
lularobs, WCM,1381,1656
lullabyvisca, WFM,2323,2350
luluc, WFM,2219,2219
lumechess07, FM,2150,2171
lumi22, WGM,2409,2409
luminaryhunter, WFM,2140,2420
luminous9888, WCM,1885,1955
lunalumiere, WIM,2215,2242
lunathetuna2013, WCM,1856,2083
lunaticx, GM,3000,3049
luneity, IM,2809,2936
lunow, IM,2054,2377
lupi32, CM,2257,2325
lupta_robin, IM,2697,2838
lupulescuc, GM,2762,2762
luq27, IM,2623,2681
lutfizadeh, GM,2653,2653
lutuimaamaro8889, CM,2148,2213
luukmaestro, CM,2251,2316
luxkat, IM,2360,2433
luzia16pires, WFM,2015,2143
lvaik, GM,2898,2898
lvc7912, WCM,1579,1646
lwluk, FM,1965,1965
lxchubby, IM,2896,3019
lxxshen, WCM,1300,1539
ly4o, FM,2705,2705
lychee_boba, WCM,1701,1901
lychess666, IM,2709,2730
lynette2015, WGM,2268,2360
lynghonig, WIM,2233,2300
lyonbeast, GM,3219,3238
lyschko, FM,2264,2304
lysiak_poltorak, WFM,2535,2589
lz31415, IM,2911,2933
m-garcett, NM,2219,2255
m-mar04, WIM,2602,2602
m0raisfiree2015, CM,2358,2471
m0raissking, CM,2116,2352
m0usesiip, NM,2028,2364
m1711, IM,2718,2727
m1sho007, CM,2107,1223
m3alam, CM,2337,2438
m4444710, IM,2702,2703
m4k1m4, IM,2516,2516
m5mnooo, WFM,2072,2182
m_ahp, WCM,1389,1970
m_asp009, CM,2829,2916
m_bozorov, FM,2424,2526
m_erno, FM,2439,2439
m_ezat, IM,2652,2791
m_godena, GM,2623,2586
m_hassen, FM,2313,2324
m_miralaie, NM,2243,2243
m_musaev, FM,2056,2237
maaikee, WFM,2273,2375
maakasu, NM,2455,2490
maalle, FM,2303,2303
maazzetti, FM,2507,2566
maboloko_oa_lesotho, WCM,1125,1548
mac0504, IM,2790,2790
macakgarfield, FM,2271,2485
macdaddymac, NM,2773,2788
mach1el, FM,2676,2687
macha23, WIM,2000,2050
machidon, FM,2598,2685
machinegun1, IM,2627,2717
machinegunkelly77, GM,2876,2870
machinegunphilipp, FM,2505,2488
macho_2006, GM,2941,3055
machteldvf, WIM,2476,2525
machupichu10, GM,2842,2953
machupikchu11, WCM,1991,2164
maciejbrzeski128, NM,2426,2492
maciejos95, IM,2616,2705
maciek_92, GM,2978,3020
macko06, FM,2330,2571
mackster23, IM,2691,2860
mackus, NM,2026,2117
macmolner, GM,2435,2634
macp1988, FM,2500,2500
macron20htf1, IM,2551,2730
macszczur, WCM,1972,1972
mactep-i, NM,2417,2417
mactrazz, NM,2703,2710
madalien2, IM,2266,2379
madalin18, NM,2092,2291
madamdd, IM,2421,2516
madankayastha1991, CM,2240,2267
madapprentice, NM,2302,2383
madaza17, IM,2358,2424
madderrose, FM,2675,2806
maddie, NM,1873,2156
maddog94, IM,2481,2567
madeliesje, WIM,2262,2308
madheshkumar, CM,2650,2655
madmagister, NM,2029,2113
madmax011, WFM,2444,2484
madoge, WFM,2410,2410
madre_jedi, WFM,2417,2561
maect19, FM,2378,2436
maestro-fermin, IM,2537,2670
maestro1986, IM,2539,2661
maestro99az, IM,2530,2562
maestroask, IM,2541,2596
maestrocheck, FM,2668,2685
maestrog, GM,2461,2547
maestroyodita, FM,2154,2225
maestroza, GM,2524,2644
maevskiynikolay, FM,2681,2770
maftuna2303, WIM,2436,2501
magdaza, WFM,1973,2069
magdygeorg, FM,2099,2243
magek0, FM,2658,2713
maghalashvili, GM,2751,2986
maghrebiner, FM,2637,2772
magic-nelwyn, FM,2482,2556
magicalbishop123, FM,2530,2551
magician4ma, IM,2460,2635
magiclydonkey, NM,1726,1927
magicmaster17, GM,2887,3013
magicyo, IM,2621,2655
magila31, FM,2491,2558
magionator, CM,2628,2684
magiqueroger, IM,2308,2456
magkarucarlamura, GM,3059,3082
magmachess, NM,2380,2453
magnetive_waves, WCM,2135,2228
magnetus_chess, NM,2579,2593
magnifico08, FM,2620,2682
magnolie, GM,2902,2852
magnum11, IM,2353,2353
magnum1900, CM,2117,2172
magnuscarlsen, GM,3298,3377
magnusenlle, FM,2000,2000
magnusgiri, FM,2407,2577
magnusmystery, NM,2538,2579
magnusseinfanboy, IM,2591,2655
magzypotato, FM,2471,2557
mahan_83, FM,2798,2847
mahanif, CM,2287,2447
maheswaran26, FM,2286,2396
mahiro, IM,2334,2581
mahishah0108, WCM,1608,1608
mahmoud-s-haddad-m, CM,2076,2371
mahri73, WGM,2409,2409
mahua_sake, IM,2938,2949
maia1177, IM,2407,2556
maicolbenavides, FM,2508,2535
maikrosoft63, FM,2727,2868
maili15, WGM,2434,2528
mainemanfm, FM,1977,2284
mainsequence, CM,2138,2395
maitreia, IM,2746,2921
majarimx, CM,2050,2203
majesth, IM,2596,2596
majkelopulos, FM,2547,2556
majoa88, WGM,2438,2559
majorcoast, CM,2295,2369
makalexa, WIM,2276,2366
makdyr, CM,2249,2379
make_it_shine060, WCM,2249,2271
makhmutov_rail, IM,2621,2634
makogon_natalya, WFM,1523,1766
makoveevi, FM,2654,2712
makrog, IM,2345,2444
maksat-94, GM,2805,2842
maksimelf, NM,2336,2336
maksimys18, CM,2586,2603
makswolf200817, FM,2854,2854
malachi1971, FM,2634,2634
malakhovkirill, NM,2555,2769
malandragem, NM,2269,2659
malcolmpein, IM,2364,2396
malek48, WCM,1126,1582
malek_koniahli, FM,2676,2764
malekchihi, WCM,1018,1018
malena_10, WCM,2283,2300
malenacr, WIM,1837,1973
malev212, GM,2669,2737
malexc05, FM,2218,2290
malginati, WIM,2383,2383
malhar9, FM,2374,2428
malibubj, FM,2201,2548
malikova777, WIM,2397,2458
malinaaa02, WFM,2219,2327
malkalmardgh, CM,2219,2377
malkawi_fadi, FM,2010,2046
malko-08, CM,2383,2456
maltaqueen, WFM,1447,1565
malti, CM,2085,2322
maluco_do_natal_00, NM,2070,2188
malysch, IM,2507,2612
mamagyi, FM,2186,2345
mamalaylay, FM,2161,2226
mamanchess123, WIM,2233,2514
mambalelo, FM,2292,2435
mamedyarov_play, GM,2921,2913
mamedyarov_twitch, GM,2990,3012
mamey78, GM,2628,2670
mamjja2006, IM,2851,2877
mammadyarov, GM,2693,2693
mammadyarova, WGM,2130,2406
mammadzadag, IM,2489,2686
mamonika, WCM,2127,2195
man_of_ai, IM,2613,2734
mananchor, CM,2509,2509
manarkhalilxxxx, WFM,2088,2263
manblindovich, IM,1565,2036
mandaloriana19, WIM,2519,2581
mandelinkabramborova, FM,2409,2435
mandetowitch, FM,2301,2498
mandizha, IM,2364,2375
mane_moran8, WFM,1195,1235
mangoboba, FM,2537,2637
mangochessgo, IM,2602,2751
mangofish594, WFM,2010,2154
manguscalrissian, FM,2489,2490
mangyou, NM,2008,2235
maniaconthedanceflo, NM,2402,2398
manikkutty, CM,2363,2391
manikoloz, IM,2371,2619
manipun1, IM,2589,2704
manitodeplomo, IM,2726,2767
manmanlai1, IM,2566,2644
manmish2, FM,2849,2965
mannydk, FM,2084,2084
mannysen, IM,2310,2506
manochessbrasil, NM,2762,2762
manochesssbrasil, NM,2848,2856
manoj_mishra123, CM,2479,2523
manoklover, NM,2116,2177
manolitocerdito, CM,2148,2162
manon-reja, IM,2446,2478
manu_chessexcelsior, CM,2265,2288
manubibi, IM,2595,2761
manudavid2910, FM,2958,3079
manuel_petrosyan, GM,3003,2987
manuela004, WFM,1745,1745
manuelermachenko, CM,2852,2854
manuellarrea, FM,2290,2365
manuelsobrinho, NM,2329,2340
manukyan_artak, NM,2559,2646
manukyan_artyom, CM,2578,2675
manumunoz01, FM,2355,2361
manuvidu, CM,1815,1872
mapebo94, WIM,2037,2152
maple-kev, NM,2421,2530
mapleaff, NM,2399,2501
maplecheck, NM,2347,2455
mapledanish, NM,2400,2591
maplet, WFM,2111,2124
mapo_tofu, IM,2508,2521
mapv83, IM,2857,2857
marabu44, NM,2516,2542
maracayo, IM,2563,2502
marasmus01, FM,2490,2524
marat_gilfanov, FM,2709,2730
marc_ghannoum, FM,2380,2416
marc_jocs, NM,2432,2449
marcan2b, GM,3021,3106
marcell_losonczi, FM,2469,2509
marceloibardib, FM,2069,2116
marceloplaya, IM,2400,2498
marchlo, WIM,2005,2161
marchogdewr, FM,2410,2418
marchutin77, FM,2000,2008
marcia2911, WFM,2032,2073
marcin, IM,2708,2743
marciojor, NM,2437,2476
marclonoff, FM,2083,2336
marcnd, GM,2430,2652
marco1952, NM,1652,1963
marcocordeiro2013, NM,2325,2407
marcocortesrodriguez, NM,2061,2385
marcocorvi, FM,2338,2346
marcodobrikov, IM,2783,2895
marcoriehle, FM,2808,2927
marcsan95, FM,2330,2523
marcsimsl, IM,2629,2869
marctarnold, GM,2654,2772
marcul0, FM,2803,2887
marcus_harvey, IM,2835,2944
marcusaurelius424, NM,1589,1901
mardakerxxx, GM,2725,2801
mareanguis, GM,2525,2525
marekfizer, CM,2383,2393
marekpolska, FM,2421,2475
marelealb, FM,2688,2747
marepant, WFM,2201,2290
margarita2907, WFM,2185,2257
margarita_2703, WFM,2328,2538
margency, GM,2803,2804
margim26, NM,2140,2177
margiriskaunas, GM,2367,2516
margoe, WCM,1798,1941
maria_mencos_gua, WIM,854,1853
maria_severina, WIM,2456,2478
mariaa2, WFM,2274,2274
mariaannastefanidi, WFM,1891,2151
mariaeizaguerri, WFM,2150,2127
mariaesthergranados, WIM,2101,2314
mariafominykh, WGM,2372,2418
mariaforever, FM,2060,2127
mariamijaniashvili, WFM,2332,2440
marianacadilhac, WFM,1960,1960
mariangie523, WCM,2086,2184
marianikolaieva, WFM,960,1572
marianokar, IM,2479,2585
marianoloiterstein, FM,2226,2467
marianpetrov, GM,2703,2722
marianta2013, WCM,2146,2282
marichola, WFM,2050,2059
marie135, WCM,1976,1928
marielchessy, WIM,2294,2384
mariia89, WFM,2133,2293
marijakuznecova, WFM,2565,2570
marijastojanovic, WIM,2000,2187
marik_spb, FM,2531,2532
marina1994, IM,2496,2542
marina_chess_rus, WIM,2475,2484
marinamakro, WGM,1974,2197
marinkay, WIM,1823,1851
mario_correia, NM,2066,2280
marius01, NM,2260,2359
mariusbieliauskas, CM,2439,2502
mariya_zubova, WIM,2293,2309
marjose1957, NM,1925,2270
mark2120, FM,2250,2094
markberk, IM,2372,2444
markkuh, FM,2473,2559
markope, NM,2404,2465
markov_mikhail, IM,2840,2934
markowskitomasz, GM,2596,2672
markparagua, GM,2775,2894
marks1420, NM,2371,2581
markusragger, GM,2888,2960
marljivi, FM,2383,2385
maroon5_nm, FM,2646,2800
maroro07, WFM,2369,2459
marquezangel1990, FM,2588,2746
marranos, IM,2811,2830
marreta84, FM,2438,2473
marreuh, CM,2235,2256
marrrrrrry, WFM,1457,1758
mars520, CM,2134,2218
marshknight, NM,2501,2508
marsik123456789, WFM,2526,2534
marsmol, CM,2564,2607
marsofsilva, WFM,2169,2240
marsovic, NM,2167,2327
marsqi, CM,2227,2227
marszach123, WGM,2167,2457
marszach124, WGM,2501,2548
marta_gm, IM,2766,2815
martabartel, WGM,2322,2426
martial2008, IM,2738,2896
marticafierro, IM,2569,2596
martiko11, IM,2402,2447
martinbaekgaard, FM,2363,2445
martinbezuch_youtube, FM,2330,2485
martinbitel, IM,2528,2760
martincerveny, IM,2671,2702
martinez1985, GM,2659,2646
martinez_95, FM,2361,2487
martinfrolik, FM,2228,2265
martinhaubro, IM,2232,2452
martinhollan, FM,2763,2817
martiniirichard, NM,2111,2206
martinique24, WGM,2207,2575
martinjogstad99, FM,2504,2553
martinmartinez95, IM,2495,2617
martinmatthiesen, FM,2510,2605
martinmena, FM,2212,2363
martinneu, IM,2695,2827
martinoksendal, FM,2612,2794
martins-br, FM,2471,2471
martinzumsande, IM,2503,2604
martorelliantonio, IM,2055,2209
martsynovskaya, WIM,2144,2227
marty435, IM,2871,2944
martynkovaelena, WIM,2310,2399
marusyakholyavko, WFM,2421,2449
marvelanddcforlife, NM,2506,2506
marvelavengers4, CM,2204,2390
marvialvarado, WFM,1741,2267
marvinguev, CM,1954,1959
marvinguevara, FM,2121,2381
mary-sanna, WFM,2202,2285
mary_bru, WFM,2333,2389
mary_cool, WIM,1953,2152
maryankyrychenko, FM,2502,2656
maryann19, WGM,2490,2490
maryna1p, WFM,2319,2360
masahirobaba, FM,2313,2339
mascotte44, FM,2197,2311
masenik, CM,2480,2523
mashafromrussia, WFM,2477,2541
mashenka97, NM,2365,2616
mashulakiss, WIM,2138,2195
mashulo, IM,2576,2657
maskbass, FM,2150,2220
masmos97, GM,2974,2997
masnyszachistaaa, IM,2599,2704
masrahi, CM,2172,2286
masruri_rahman, FM,2741,2883
massakru, CM,2504,2616
massarioli, NM,2354,2487
massdeep, IM,2052,2284
master1465, FM,2439,2518
master_lilov, NM,2533,2564
master_of_math, NM,2262,2177
masteramy, WFM,2118,2203
masterbeaterr, FM,2526,2513
masterblaster1, FM,2352,2494
masterblaster_1111, CM,2422,2424
masterdoobs, CM,1778,1778
masterisback04, CM,2077,2213
masterkroket, FM,2630,2683
masterleif, FM,2614,2717
masterleo2018, IM,2338,2477
mastermix, IM,2117,2284
mastermk73, CM,2281,2359
masterofmasters2006, NM,2217,2385
masterofmayyhem, IM,2789,2838
masterofpuppets2, FM,2569,2583
masterperformers, IM,2761,2827
masterr_yi, FM,2498,2588
mastersonnevanck23, IM,2436,2566
mastervince2244, NM,1657,1985
mastervlad8, NM,2100,2302
masteryolo29, FM,2772,2817
masteryoungk, FM,2365,2500
masterzhan, FM,2249,2351
mastronuzzo, FM,2586,2656
mastroskaki, GM,2828,2877
mat_kolosowski, IM,2825,2828
mata_ratas, WFM,2159,2227
matagordo, IM,2486,2504
matalon, IM,2477,2569
matalows, CM,2256,2265
matamnsms, NM,2101,2268
matanzas1967, IM,2063,2717
matapatos, FM,2480,2480
matapatos593, CM,2339,2377
matbobula, IM,2415,2509
matein28, NM,2700,2710
matej2221, FM,1997,2551
matenitian, NM,2600,2691
matenkatz, GM,2200,3018
mateoreyes, FM,2464,2509
mateschmate, NM,2650,2650
matetricks, NM,2518,2582
mateusviageiro, FM,2161,2449
mateusz_bronowicki, FM,2438,2537
mateusz_dubinski, FM,2215,2439
math3m6thic, CM,2157,2249
math54321, CM,2103,2103
mathapples, FM,2424,2481
matheusmdr2005, FM,2511,2707
mathiascasalaspro, FM,2468,2488
mathiaswomacka, GM,2608,2667
mathieumuc, FM,2468,2605
mathilde0611, WFM,2035,2088
mati2211, CM,2639,2654
matibar, GM,2882,3017
matic_nareks, FM,2505,2568
matihalac, CM,2716,2797
matijaolimpiakosivic, FM,2576,2864
matilandi84, NM,2216,2341
matilizanoq, FM,2212,2266
matiss90, FM,2555,2609
matkens0123, CM,1911,1976
matmaskinen, WFM,1886,2011
matols, WIM,2474,2506
matsanovic, FM,2664,2656
matsar, FM,2452,2399
matsenkosergey, GM,2905,2905
matt2master, NM,2316,2395
mattcolins2025, NM,2607,2637
mattheii, NM,2579,2605
matthew-fishbein, NM,2427,2481
matthew_clarke, FM,2164,2335
matthew_simmons, CM,2054,1788
matthewchess268, CM,2018,2088
matthewg-p4p, IM,3021,3055
matthewuiuc, NM,1957,2033
mattidiot, FM,1995,2179
mattorca, FM,2526,2526
mattovich, FM,2137,2300
mattydperrine, FM,2746,2823
matveev_vladimir, FM,2657,2765
matvii_b, CM,2380,2391
matviy2009, NM,2770,2776
matycarcamo91, NM,2515,2666
matychess1, IM,2776,2820
matzo, NM,2204,2373
maudsjakkerdeg, WFM,1853,1980
maugreyfoloeil, FM,2221,2436
maulo09, NM,2700,2700
maung-mg-kzh, FM,2229,2425
maurice93, FM,2579,2646
mauricioariascr, IM,2524,2524
mauricioflores, GM,2823,2938
mauriciojimenez24, IM,2281,2496
maurijs, CM,2340,2425
maurinm, FM,2583,2593
maurito96, NM,2319,2392
maurovargas01, FM,2314,2431
maurusprimo, FM,2439,2478
maus7, IM,2724,2760
mavericksv, CM,2345,2495
mavifirtina, FM,2688,2711
mavuba, IM,2581,2786
max50001, NM,2366,2464
maxfan2008, FM,2656,2657
maxiamueller, FM,2430,2430
maxidag30, CM,2556,2556
maxim_e2e4, NM,2473,2538
maximdlugy, GM,2910,2976
maximnovik, GM,2645,2708
maximus_717, IM,2406,2436
maximych26, FM,2438,2458
maxioma, WIM,1885,1885
maxip32, IM,2639,2730
maxiw2006, CM,2370,2489
maxleto, FM,2606,2641
maxsergej, FM,2183,2297
maxterlopez, IM,2801,2826
maxuri, IM,2255,2580
maxvavulin, GM,2574,2846
maxwell1986, GM,2621,2635
maxz1996, NM,2272,2348
mayo_neighs, NM,2478,2608
mayofuentebella, NM,2311,2441
mayun_2025, IM,2691,2691
mazanchenko_dmitry, FM,2305,2412
mazarini41, FM,2494,2653
mazetofonias, FM,2743,2746
mazetovic, GM,2622,2854
maziarbagheri, FM,2495,2554
mba_chess_2021, FM,2450,2465
mbachez, IM,2549,2702
mbappefuturegoat10, NM,2200,2020
mbchess97, CM,2455,2513
mbdida, WFM,1944,2201
mbluvshtein, GM,2835,2882
mbmaster, NM,2476,2543
mbneu, FM,2336,2478
mbojan, IM,2940,3066
mc4chess, NM,2576,2677
mcbaddie, NM,2518,2579
mcbpjerm, IM,2641,2696
mccarthystone, FM,2465,2606
mcdonalds6piecemcnuggets, FM,2344,2442
mcfc_gaga, CM,1846,2204
mcguima49, NM,2107,2224
mchoisy, WFM,1840,2033
mclarenf1lm, NM,2631,2659
mclean12, CM,1757,1984
mcorallo, NM,2305,2421
mcqueen444, FM,2532,2574
md_javed, FM,2262,2323
mdchess1734, WIM,2478,2543
mdlarrea81, WCM,1494,1709
mdsharifhossain, FM,2311,2443
mdv1982, IM,2369,2394
mdzebar, IM,2000,1214
me_ch_an, WFM,2370,2436
meaniebub, NM,2216,2352
medalja, WGM,2481,2568
medallion2028, GM,2309,2496
medarde94, IM,2657,2704
medinacocalik, FM,2306,2350
medinapazmiguel1968, IM,2443,2626
medinawarda, IM,2515,2518
medvegy, GM,2601,2681
medvezhlo, NM,2407,2541
medzhyk, FM,3002,3002
meeehssi, FM,2511,2576
meekinskris, NM,2250,2451
meekmammoth2, FM,2500,2531
meenakshiwgm, WGM,2221,2447
meeraa77, WIM,2385,2370
meeresgrund, CM,2310,2427
meesvanosch, FM,2447,2519
meetgoku, IM,2197,2436
mefletcher, NM,1919,1919
megachargerex, NM,2370,2370
megachessplayer2, CM,2324,2375
megagigahiper3345, IM,2823,2823
megaman80, NM,2557,2669
megamanmusic, NM,2244,2317
megamarble, NM,2096,2096
meganlee-sea, WIM,2306,2366
megaraptor1, IM,2551,2646
megazz, GM,2905,2907
mehakchess, WCM,875,1374
meharchinnareddy, IM,2469,2811
mehdi_hasanparag, FM,2293,2552
mehdihosseinipour, FM,2711,2820
mehow_badereg, FM,2305,2440
mehraaab, FM,2583,2084
mehran_azamikia, CM,2541,2592
meishijian, NM,2205,2205
meisterjabo, FM,2533,2624
melanielubbe, WGM,1971,2379
melian_9230, WIM,2135,2186
melicg25, WIM,2462,2464
melihkaancan, NM,2275,2563
melindavarga, WFM,2002,2181
melissa_guez, WIM,2219,2280
melvinio11, CM,2370,2403
memaassif, WCM,1688,1705
meme0105, WCM,1984,1984
memer5334, FM,2506,2610
mendozadavid2000, CM,2327,2429
mengjane, WIM,2366,2512
mengmeng2020, CM,2474,2474
menor31, IM,2509,2677
meoluoi91, WGM,2581,2722
meotintin, WIM,2560,2620
meowchael, IM,2619,2642
meowcoach, WIM,2117,2313
mepetmepe, FM,2600,2668
merci_anna, CM,2481,2507
meredolna, CM,1518,1827
merei7, FM,2696,2755
mergenkakabaev, FM,2698,2850
meri-arabidze, IM,2681,2791
meribanov_vitaly, IM,2671,2671
meridaandres, FM,2489,2489
merikard, IM,2271,2639
merinasian, FM,2630,2660
merryram, WFM,2019,2030
mersad_98, IM,2796,2821
mertcan-sevig, CM,2106,2115
mertceyhan35, CM,2557,2626
mertfelin, FM,2412,2445
merybliya, WFM,1813,2100
merylmahjoob, WCM,1700,1786
mesa_1, IM,2800,2800
mesgen, GM,2055,2080
mesmerini, NM,1801,1931
messerwoland, CM,2237,2444
messiboca, GM,2777,2831
messikingdom, FM,2647,2758
mestre_soares, CM,2231,2255
mestrefeitosa19, NM,2405,2417
mestresilva, IM,2571,2590
mesutgm, GM,2747,2897
meszarosgyorgy, CM,2403,2411
metadast, FM,2604,2688
metalbattler, IM,2155,2208
metallchessbullet, CM,2637,2645
metalratel, NM,1906,2035
meth, NM,2800,2800
metiforce, GM,2962,3033
metra7, IM,2300,2362
metra93, IM,2732,2748
mexpaisano, IM,2350,2428
mexxicano, WCM,1974,2031
mezioudamina88, WGM,2677,2677
mezzominuto, NM,2040,2040
mf1966idrisov, FM,2423,2454
mf_fraco, FM,2592,2646
mf_malo, FM,2160,2365
mf_sergio_gomez_caq, FM,2044,2225
mfatigue, FM,2653,2761
mfberna, FM,2608,2657
mfcampeao, NM,1999,2272
mfcarlos, FM,2072,2199
mfcyryd, FM,2630,2637
mfedor76, IM,2400,2544
mfguimaraes, FM,2459,2652
mfjohnnyortiz, FM,2146,2344
mfranic, IM,2371,2501
mfreemannz, CM,2223,2223
mfschulz, FM,2247,2355
mfwagnerpeixoto, FM,2394,2420
mgapr, NM,2628,2671
mgeli, GM,2755,2781
mgh1380, FM,2204,2425
mglmgl2017, WNM,1800,1200
mhebden, GM,2497,2693
mhennigan, IM,2550,2558
mi2497, IM,2550,2519
miackm, IM,2317,2298
miamichess, IM,2406,2448
miamishark, NM,2152,2434
miaou33, FM,2538,2770
miarpa, FM,2513,2513
miasahely, WCM,672,1039
miau_2024, WFM,1867,1961
micfel, IM,2319,2384
michael51106, CM,2150,1209
michael_scofield01, GM,2844,2961
michael_zaslavsky, IM,2704,2704
michaelbaron, FM,2603,2742
michaelbjordanlover, NM,2280,2444
michaelk123, IM,2394,2636
michaelpat000, NM,2398,2422
michaelq2d5, GM,3082,3082
michaelroiz, GM,3053,3149
michaelshahade, FM,2003,2251
michaelskie11, NM,2279,2606
michaelson_11, WIM,2432,2473
michaeltilt, NM,2373,2499
michailovm, NM,2383,2617
michal_fiedorek, FM,2539,2698
michalczak, FM,2405,2576
michall9, WIM,2255,2373
michechess89, FM,2521,2609
michelangelo, GM,2735,2735
michelangelo111, FM,2524,2553
michelangelooo, NM,1844,2132
micheliavelli, GM,2814,2828
michelle_yaon, WFM,2254,2309
michellekatkov00, WFM,2272,2272
michellopez159, FM,2304,2509
michelsan, NM,2356,2534
michiel245, FM,2304,2304
michiganeagle, FM,2421,2663
michkoo, FM,2177,2343
michou228, WCM,903,1223
micke12a, FM,2414,2565
micki-taryan, GM,3001,3117
micktory02, NM,2464,2538
micovancina, IM,2109,2196
microbear, NM,2359,2405
micwhite, FM,2305,2355
midedu, FM,1938,2337
midefaster, FM,2300,2209
midgardsormur, FM,2586,2651
midnightfox, FM,2502,2563
midnighthorizon, FM,2827,2965
miep2, CM,2298,2509
miferz44, IM,2850,2854
migcha, FM,2304,2339
migchiel, IM,2517,2646
migeira, CM,2436,2451
mightygmpretender, NM,2877,3011
mightymic, IM,2494,2513
mightymike_009, CM,2714,2878
mightysmasher, FM,2740,2755
miguel-la, CM,2406,2406
miguelbestard1981, CM,2311,2406
migueleduardogb, CM,2320,2419
miguelho67, IM,2629,2717
miguelito, GM,2820,2878
miguelitro69, CM,2256,2581
mihaela_sandu, WGM,2352,2352
mihaiionescu1, IM,2471,2682
mihail_gorozhanin, FM,2686,2770
mihailmarin, GM,2500,2517
mihaisuba, GM,1858,2132
mihaitu34, IM,2405,2451
mihajlovskij, NM,2613,2661
mihalichenko, IM,2534,2535
mihnea2017, FM,2646,2649
mihsakk, FM,2067,2169
mijaimevalmana, IM,2347,2552
mijuanreyesrosa, CM,2187,2236
mijuarez, IM,2530,2530
mijuliensong, IM,2613,2636
mikado81, FM,2252,2341
mikakarttunen, IM,2741,2834
mikasinski, FM,2727,2903
mikayel99, NM,2607,2679
mike24147, NM,2474,2537
mikedannnn, IM,2725,2740
mikeehrmantraut2020, FM,2645,2666
mikef-austx, FM,2251,2251
mikeklein, FM,2347,2351
mikekorovin, FM,2747,2920
mikelhuerga, GM,1629,2531
mikeperelshteyn, FM,2533,2563
mikerahal, IM,2403,2358
mikesailer, NM,2204,2325
mikewier, NM,2160,2325
mikewizard, NM,2187,2265
mikhail646464, GM,2370,2388
mikhail_antipov, GM,2773,2864
mikhail_biryukov, FM,2608,2699
mikhail_bryakin, GM,2962,2975
mikhail_golubev, GM,2724,2814
mikhailblr, FM,2312,2427
mikhaillushenkov, IM,2633,2803
mikhailooooo, CM,2348,2585
mikhailovviacheslav, IM,2694,2816
mikhailpanin, CM,2570,2733
mikhailsher, NM,2540,2548
mikhailtobak, FM,2745,2831
mikhal867, NM,2530,2600
mikheev1976, IM,2406,2529
mikheeva86, WFM,2391,2402
mikheil_kekelidze, GM,2657,2703
miki_gb, CM,2522,2550
mikkokivistoe, FM,2375,2396
mikolka1985, GM,2430,2729
mikozovna, WGM,2623,2684
mikromurks, CM,2447,2576
milanjeremic, FM,2240,2411
milannovkovic, IM,2549,2549
milanonavigli, IM,2249,2295
milanovic3, IM,2121,2170
milanovicdan, GM,2564,2607
milanzajic, GM,2900,2910
milchone1, IM,2591,2633
mildalaub, WFM,2104,2298
milena1423, WCM,2142,2346
milenak_09, WCM,2458,2535
milenapn, WFM,2231,2263
mili_brizzi, WIM,1896,2541
milignus, CM,2171,2192
miljanboro, IM,2483,2542
milkteataste, WCM,1754,1754
milkteatones, CM,2404,2404
milky_power, IM,2320,2449
millenium19, WGM,2466,2516
millerkallpa, FM,2254,2363
millyneuf, FM,2636,2710
milop27, FM,2400,2524
milorenzana271, IM,2313,2458
milos021, GM,2812,2971
milosji, GM,2530,2692
milovanratkovic, IM,2428,2769
milovichalex, CM,2387,2438
miltony1410, FM,2078,2218
miluis, CM,2134,2248
mim06, CM,2379,2487
mimihh, FM,2235,2420
mimikeross, IM,2160,2406
mimizah, FM,2393,2576
mimstefanova-inactive, NM,2350,2350
mimsychess, IM,2316,2504
minamina18, IM,2303,2396
minawael23, FM,2695,2771
mind1mover, IM,2950,3079
mindcoach, IM,2750,2778
mindhunter08, FM,2637,2803
mindhunter247, WGM,2470,2557
mindloo, FM,2619,2700
mindmlnes, FM,2865,2923
mindofkind, FM,2289,1889
mindprogress732, CM,2310,2399
minhgtran, IM,2589,2736
minhpham13, WFM,1679,1963
minhquang_chesscoach, FM,2706,2762
minichess, NM,2198,2198
minisim, IM,2753,2863
minisko, GM,2093,2249
minnesotachessmaster, NM,2222,2243
minoporco, NM,2190,2309
minty_bubbles, WCM,1601,1601
miocardiocito, CM,1986,2374
miodrag-jevtic, FM,2487,2496
miparamos, IM,2511,2527
miperke06400, IM,2112,2151
miracmelihtopuz7, CM,2474,2489
miragha_yev, IM,2806,2838
mirandamikadze, WGM,2436,2455
mirandayo, WGM,2403,2481
mirceamateica, NM,2254,2300
mirceaparligras, GM,2689,2786
mirchi_26, WCM,2367,2467
mirciulica14, FM,2702,2720
miredenizdogan, FM,2544,2550
mireq85, FM,2297,2428
mirkovicslobodan1, IM,2437,2455
mirman90, GM,2755,2930
mirochka, WGM,2296,2372
miromiljkovic, GM,2771,2801
mironius, GM,2559,2737
miroslavsavic, FM,2173,2339
mirovlasenko, IM,2804,2834
mirror80, FM,2433,2433
miruna_daria28, WIM,2528,2601
miryamcalle, WFM,2000,2000
mirzaad786, FM,2460,2559
mirzano31, WCM,2392,2403
misapap, GM,2680,2772
mischuk_d, IM,2806,2903
mise2020, NM,2222,2305
miserableplayer4, CM,2747,2775
misha_bilous, IM,2558,2583
misha_chessone, FM,2307,2585
misha_melnichuk, FM,2459,2677
mishanick, GM,3122,3201
mishikomchedlishvili, GM,2924,2924
mishkafighter, IM,2674,2675
misi_95, GM,2692,2775
misidentified1, NM,1921,2044
misiekzielony, IM,2218,2404
misitu, CM,2086,2101
mismaly, CM,2375,2393
miss_jj20, WIM,2445,2555
miss_katniss_everdeen, WFM,2150,2260
miss_miami, WCM,2408,2469
missgrace2015, WIM,2345,2403
misshrank, IM,2478,2579
missigirl, WFM,2132,2065
missmariposa, WFM,2324,2363
missmoomin, WCM,1386,1704
missponyo10, WFM,2313,2318
misszachowy, FM,2398,2460
mistakyle, CM,1906,2028
mistango, IM,2644,2797
mister_64, FM,2496,2525
misterchess_07, CM,2418,2539
misterjozi, CM,2204,2304
misterlamine, IM,2534,2655
misteryesno, CM,2051,2241
mistheoretical, CM,2601,2601
mistrzemi, FM,2558,2575
mitchyf, IM,2464,2574
miterryble, IM,3068,3145
mitfit64, NM,1900,2048
mithrandirjunior, NM,2454,2464
mitraasz, WIM,2674,2678
mitrabhaa, GM,2969,3113
mittel1, IM,2573,2604
mitzycaballero, WIM,2337,2399
miuko7, FM,2166,2294
miupiu, WGM,2085,2254
mixmasterchess, NM,2204,2333
miyamoto_musashi11, FM,2783,2924
miyazaki64, FM,2238,2380
miyoloko, FM,2711,2845
mizant, FM,2206,2206
mizner, IM,2470,2565
mjbacojo, FM,2676,2678
mjelcic, CM,2275,2413
mjray79, GM,2843,2883
mjysong, IM,2015,2068
mk0812, WIM,1918,2045
mkanarek, GM,1886,1886
mkarp, FM,2260,2324
mkforever, WFM,2653,2748
mkkuhner, WCM,1883,2037
mklenburg, IM,2645,2691
mkllnd1517, FM,2510,2514
mklose11, FM,2712,2829
mkrtchyanmariam, WIM,2447,2447
mkrysz, IM,1552,2081
mladen73, IM,2300,2609
mlamba, CM,2136,2313
mlanger, FM,2028,2028
mlchen, NM,2480,2491
mlchiang, NM,2123,2293
mlkkel, FM,2656,2757
mlyagl, NM,2650,2754
mmahdi2013, FM,2591,2714
mmaks007, WFM,2177,2462
mmc_08, WIM,1902,2017
mmdarko, FM,2334,2454
mmichaelides, NM,2060,2339
mmjules, WCM,1823,1820
mmmflatbread, GM,2728,2950
mmsanchez, IM,2796,2818
mmukka, FM,2562,2621
mnd2203, IM,2680,2779
mnikolov, GM,2803,2728
mnuwan, NM,2333,2435
mnvf, NM,2349,2349
mnvillanueva, IM,2704,2744
mnyuyu, CM,2427,2619
mochamp, NM,2074,2340
mockingbird998, WIM,2340,2428
moderjason, IM,2903,2947
moeinzai_khoshhal, FM,2405,2410
mohamed-almado, CM,2269,2405
mohamed-damaj, CM,2452,2594
mohamedd_salah_11, CM,2214,2460
mohamednader3, IM,1811,2080
mohammednx111, CM,2187,2305
moheb_amir, IM,2539,2561
mohmoh75, FM,1889,1919
mohsengabr2002, FM,2666,2547
mohsenghorbani, IM,2414,2557
mohssenbinaddi, CM,2330,2423
moiphatlakanyi, CM,2099,2299
moisesanto, CM,2378,2523
moistketchup, FM,2446,2522
mokerslag, FM,2520,2602
mokshad1603, IM,2747,2747
mokshanovalexey, IM,2642,2709
moldytofu, WFM,2179,2253
molecularchemist, IM,3002,3103
molletgcf, WCM,1488,1691
moltini, FM,2737,2754
molton, GM,2795,2943
momchilpetkov, GM,2889,3041
momia77, FM,2661,2675
momojunkai, WFM,2299,2329
momotaro77, NM,2525,2538
mona_khaled, WGM,2188,2360
mona_mahini, WFM,2109,2109
monalize, IM,2537,2568
monarchsf, FM,2285,2426
moncler08, FM,2714,2850
mong2069, WFM,1816,1947
monicalzetta, WGM,2052,2059
monika84, WFM,2230,2230
monikarozman, WFM,2377,2391
monikaseps, WGM,2250,2043
monikastojkovska, WFM,1959,2040
monkeycmonkey, CM,2405,2506
monkins, FM,2191,2370
monktheodosius, NM,2603,2631
monluis, CM,2128,2224
monmoransy, GM,2614,2656
monomita, IM,3002,3067
monster-ratata, FM,2137,2232
monsterchess_uz, IM,2860,2954
monsterenergy2022, CM,2556,2546
monstertube, NM,2170,2236
montanez, CM,2202,2265
monty82, FM,2424,2496
montyotto, FM,2410,2477
moodynorway76, FM,2097,2130
moon_stone123, FM,2651,2684
moonknight_288, FM,2883,2929
moonlight89, IM,2604,2646
moonoo19, FM,2439,2591
moorea02, WFM,1922,1928
mops_2004, IM,2892,2924
mordovsky_dog, WFM,1754,2027
morechessjulia, WFM,2015,2170
morethanamedic, CM,2200,2145
morf1us, IM,2675,2675
morfius, IM,2677,2776
morlinkov, IM,2209,2317
mornar1951, GM,2628,2744
moro182, GM,2860,3043
moroccanchess23, IM,2833,2928
morocewich64, CM,2526,2619
morozcoma, FM,2507,2507
moroze, FM,1938,2045
morphinho22, FM,2289,2420
morphozis, IM,2796,2797
morphy1984, FM,2806,2806
morphyrecargado, FM,2390,2390
morphyues, CM,2653,2653
morralover, CM,2469,2642
morscas, FM,2295,2400
morshynska, WGM,2139,2291
mortalbovine, NM,1687,1791
morte-negra, NM,2066,2153
mortensfjell, IM,2195,2499
morteza_mahjoob, GM,2332,2500
mortngabriel, FM,2602,2685
mortred777, IM,2731,2761
moscovita, IM,2641,2643
moshefriedland, FM,2419,2556
moskvaa, GM,2784,2826
mossedivertenti, GM,2555,2555
mostafa_sakha, CM,2501,2514
mostii, CM,2698,2732
mostokay, NM,2747,2773
motolko, WFM,1935,2283
moultino06, IM,2903,3051
mouniouboun, IM,2689,2697
mountblitz, GM,3109,3170
mountthief, IM,2900,2900
mouraobio, NM,2533,2533
mourinho_jose, FM,2611,2654
mousavian_hamed, IM,2217,2581
mouse-sleep, CM,2627,2753
mousepusher64, NM,1853,2011
mouseroom44, CM,2444,2501
mouseslips_are_the_best, FM,2430,2447
movebymove, GM,2486,2537
moventog, FM,2460,2460
movingmeats, IM,2654,2811
mozartus88, CM,2515,2515
mozartus9, CM,2602,2712
mozayr, FM,2501,2501
mozzy1995, NM,2360,2490
mpcandelario, GM,2677,2803
mpgm, IM,2521,2714
mphofmann, FM,2467,2496
mr-leahy, NM,2390,2390
mr-uteligger, FM,2520,2546
mr65, FM,2218,2245
mr_asgharzadeh, FM,2266,2461
mr_bobby97, FM,2582,2582
mr_carabali, FM,2436,2473
mr_crow_ua, FM,2384,2391
mr_dismal, FM,2722,2701
mr_dynamic, GM,2545,2721
mr_graffin, WFM,2204,2259
mr_gustavo, IM,2824,2872
mr_heisenberg13, GM,2911,3045
mr_lion22, CM,2574,2608
mr_nimzo, FM,2541,2578
mr_november18, FM,2182,2223
mr_penings, NM,2815,2819
mr_ruthless, FM,2554,2651
mr_sinigami, FM,2482,2746
mr_trindade, NM,2000,2064
mrannihilation, NM,2553,2558
mrataque, FM,2527,2570
mravecuk, FM,2035,2392
mrbad74, IM,2552,2713
mrbadbeat, FM,2496,2514
mrbean, GM,3206,3206
mrbetazero, IM,2621,2725
mrbigtimer, FM,2500,2549
mrbrightside1315, FM,2417,2535
mrbrown6424, FM,2753,2795
mrbye07, CM,2445,2789
mrclean011, FM,2335,2360
mrcorbat, NM,1904,2064
mrdemir, CM,2200,2200
mrescacs, CM,2170,2306
mrgorik, IM,2819,2814
mrhasanstien, CM,2004,2243
mrhenriksson, FM,2408,2441
mrkgg1, FM,2637,2729
mrkooshachess_twitch, FM,2762,2779
mrkvoz, GM,2780,2848
mrlammy, CM,2904,2846
mrlion3000, CM,2900,2976
mrludus, NM,2472,2482
mrmastermak, CM,2542,2577
mrmatesm, IM,2757,2813
mrmatt2011, NM,1937,2155
mrmotley, GM,2597,2741
mrms05nnb, FM,2462,2462
mrmusicwriter, NM,2583,2640
mrniceplay, CM,2376,2511
mrnobody99, FM,2519,2701
mrntzchess, IM,2545,2547
mroziiu, CM,2566,2683
mrp2702, WFM,2187,2137
mrpedegru25, CM,2630,2652
mrpurplechess, FM,2246,2366
mrrooke6, FM,2587,2748
mrsavic77, GM,2784,2873
mrsdg, FM,2131,2131
mrsharik, FM,1949,2376
mrsmarple1968, WFM,1588,2060
mrsuccess, IM,2471,2624
mrtattaglia, GM,3067,3110
mrtravmatolog, IM,2622,2690
mrvenky, GM,2579,2867
mrvjk, IM,2400,2402
ms_queen_of_chess, WFM,2008,2211
msachintha, WFM,1599,1764
msalazarg, WFM,1886,2001
msb2, GM,3093,3146
msbff, FM,2533,2594
mselina, WIM,1978,2139
mshuaau0, FM,2403,2441
mslemongirl, WFM,2254,2421
msolleveld, GM,2834,2951
msspock73, WFM,2317,2332
mszelag, IM,2649,2660
mtbakerchess, FM,2250,2053
mtchess0207, FM,2502,2571
mthaler, NM,2332,2355
mthr89, WIM,2040,2231
mtyron, FM,2458,2592
muazaz, FM,2273,2332
mucongoma, FM,2162,2205
mudinoss, FM,2775,2871
mueganita, WIM,2425,2504
mugiwara2b, FM,2412,2693
mugzyyy, GM,2755,2804
muhammad-waqar, FM,2111,2251
muhittinbuker, CM,2214,2303
muifel, FM,2506,2506
muisback26, GM,3205,3205
mukaschess, FM,2550,2710
mukasyt, FM,2311,2311
mukhriez1676, CM,2045,2311
mumbaitiger, GM,1414,2368
mumlookatmenow, FM,2501,2524
mumtozbegim, WCM,2242,2313
muncettin, NM,2637,2736
munduyungi, FM,2189,2189
munguntuul_b, IM,2576,2688
munichmouse, FM,2382,2401
munkhzul_davaakhuu, WIM,2265,2268
munkhzul_turmunkh, WGM,2667,2667
munozmiguelangel1982, IM,2381,2451
muntherbh, CM,1853,1898
muracle, FM,2667,2701
murad_ibrahimli, IM,2977,3061
muradnuri, FM,2730,2760
muradore, GM,2590,2811
murafa1, FM,2398,2458
muran29, FM,2576,2660
murayamaaa_san, FM,2401,2428
murayamasann, FM,2353,2363
murraysp, WFM,1928,2038
murtas73, GM,2649,2683
murtazin_ruslan, FM,2525,2586
murugapotri, WCM,2333,2387
muryo-kusho, CM,2830,2850
musarabo, IM,2929,2919
musashistyle, IM,2805,2901
musatwesky, CM,2510,2559
musclemonster12, FM,2665,2666
musiccitymaster, FM,2467,2648
musiclover288, WCM,1821,1876
muslim_player_05, FM,2588,2615
mustafay, NM,2293,2460
mustafayevfarid2004, FM,2792,2809
muthaiahchess, IM,2498,2565
mvm2008, CM,2625,2686
mvoiska, WGM,2272,2374
mvpag, NM,2189,2298
mvtuge, CM,2350,2373
mw86, WFM,2775,2775
mwamba1409, IM,2768,2847
mwhdi3000, CM,2639,2656
mwpchess, FM,2747,2806
my_last_life, FM,2827,2862
myairplane_999, FM,2791,2813
myburger, FM,2611,2777
mydream003, IM,2849,3005
myelination, CM,2614,2668
myfitnesspal, GM,2952,3083
mygoathans, FM,2520,2528
myinthan1962, IM,2388,2568
mykola-bortnyk, IM,3108,3147
mylenefarmer, IM,2491,2689
myleoclub, CM,2298,2417
mymchessacademy, NM,2327,2577
mynameisbuba22, WIM,2545,2579
mynameisjeanvaljean, FM,2497,2553
myohtutaung18, FM,2354,2398
myonaing, IM,2395,2576
myriadmiracles, CM,2533,2534
mys-evs, CM,2228,2290
myshakov_fedor, FM,2460,2574
myst2500, IM,2642,2796
mystere22, NM,2005,2104
mysterio47, FM,2793,2977
mysteriousrook1, NM,1631,1715
mystery2007, FM,2548,2697
mythril_h3ml0ck, NM,2179,2208
mytzy, WCM,1998,1973
mywarrior500, NM,1978,2124
mzeelaa, CM,1390,1800
n00bm3ster, IM,2742,2860
n18player, FM,2620,2688
n1nja-j, WCM,1864,1964
n4700000, GM,2506,2556
n_0704, WIM,2258,2258
n_i_chess, NM,2352,2407
n_mullodzhanov, NM,2754,2775
na_binci, CM,2359,2381
naaas1, GM,2621,2808
naaats888, CM,2381,2418
naarciisoo, GM,2400,2400
nab_c, IM,2639,2667
nabukatnezarr, IM,2664,2732
nachsueb, FM,2190,2266
nacirizouhair, CM,1874,2263
nacisan, NM,2383,2387
nadeev_sergey, FM,2522,2527
nadezdapentala, WFM,1618,2055
nadezhdaaza, WIM,2346,2445
nadiafawaz, WCM,2242,2300
nadirsm, FM,2080,2319
nadiss, WIM,2487,2677
nadtkins, IM,2607,2642
nafania1, FM,2520,2571
nagatanasata, GM,2955,3014
nagimov_artiom, FM,2435,2455
nagobe, NM,2099,2227
nagsark, WFM,2459,2466
nahguav87, IM,2188,2483
nahueldiazh, IM,2555,2555
nailbashirli, IM,2838,2838
nailbeshirli, IM,2699,2718
naisortep, CM,2121,2121
najdorfontop, CM,2364,2429
najdorfplayerc5, FM,2699,2873
nakachuk, GM,2982,2982
nakajo, FM,2623,2750
nakanyikem, WCM,1316,1367
nakedorange, FM,2000,2097
nakimurastur, CM,2137,2542
nakmansong, FM,2462,2580
nakorn, FM,1512,1514
nalatac, FM,2228,2451
namagandachristine, WFM,1692,2072
namasiku, WCM,1218,1441
namelesspro, NM,2618,2781
namerley, WFM,1400,1362
nami120923, IM,2492,2492
namir131313, CM,2192,2241
namiswaaaaaaaaaaaan, IM,2811,2945
nanadaime77, WCM,1205,1811
nanaioseliani, IM,1700,2182
nancy11111, WCM,2358,2516
nanditha_chess, WCM,2296,2359
naneferkaptah, NM,2136,2453
nangm, CM,2242,2328
nanguyen, WFM,2155,2243
nanjibear, NM,2047,2076
nanmkkhinehlyan, WFM,1641,1932
nannn9, WCM,2181,2338
nanochil2, IM,2682,2935
nansubugag, WFM,1500,1208
naoki, NM,2615,2739
napierattack, FM,2444,2460
nara_kh, WGM,2540,2574
narek_ghimoyan, CM,2728,2829
nargalz1us, NM,2294,2504
narigoncompadre, CM,1968,2210
narmin_26, WGM,2250,2144
narminsoyunlu, WFM,2283,2284
naruna_chan, WCM,2312,2456
naruneco, WFM,1660,1660
naruto-k, FM,2461,2594
narutosmith, FM,2310,2403
nasirakylbekov, FM,2522,2558
nasrin_babayeva, WFM,2237,2286
nassimzrikem, FM,2293,2466
nastaj, WGM,1770,2167
nastasia28, WFM,2304,2326
nastassjamatus, WFM,1970,2035
nastya_rakhmangulova, WGM,2350,2790
nastyahn, WFM,2564,2564
nastyking37, CM,2481,2520
nastypanda, NM,2556,2569
nat74, GM,2519,2632
nata_jibuti, WFM,1903,1993
nataberok, IM,2463,2487
natalia_pogonina, WGM,927,1200
nataliek07, WFM,1273,1278
natalya_buksa, IM,2587,2661
natalymonroy, WIM,1748,2079
natasharegan, WIM,1723,1984
natelleka, WFM,2431,2431
natesolon, FM,2582,2727
nathan_filgueiras, IM,2531,2585
nathanhoover, NM,1992,2062
nationalobesityepidemic, NM,2515,2531
natovi77, CM,1727,2078
natrost2000, WFM,2542,2616
natura_naturans, FM,2363,2524
nature_blonde, WIM,2253,2496
naty139, WIM,2156,2338
nau64, FM,2331,2400
navak2009, CM,2693,2809
navi_nazarpro, CM,2735,2792
navin_kanna, IM,2195,2522
navnp04, NM,2611,2620
navyblue1, NM,2234,2365
nay-lin-tun, CM,2058,2021
nayemhaque22, FM,2453,2495
naytunkyaw, IM,2423,2433
nazar-nazar, FM,2512,2655
nazipaiki, IM,2514,2742
nazranakhan074, WFM,1718,1993
nbanob, CM,2252,2252
nbi1, NM,1769,2017
nbk90, IM,2471,2673
ncatt, WFM,2542,2580
ncchamp, NM,2250,2456
ncdaddy, FM,2090,2316
ncdogan, FM,2666,2658
nchess96, WIM,2191,2191
ncofre98, FM,2651,2704
ndahura, CM,2417,2426
ndriqonasaraci, WCM,1401,1611
ndrvici, CM,2012,2089
neathanp, CM,2183,2183
nechemia_kasimov, NM,2007,2265
nechepurenkorv, FM,2659,2662
nechitaylo_nikita, FM,2271,2380
necromon, FM,2610,2622
nedjulpie, IM,2672,2746
needmoreflow, WGM,2633,2797
neevklid2001, WFM,2247,2293
nefariousnebula, NM,2098,2245
nefas, NM,2238,2423
nefelv, NM,1978,2097
neferpitou27, GM,3063,3141
neftegor, IM,2457,2651
negrosas, FM,2804,2879
neil_doknjas, NM,2554,2569
neilarmstrong191, FM,2572,2580
neilbhav, NM,2449,2564
neimar24, IM,2632,2718
neipa, FM,2313,2361
neistoviupryam, NM,2424,2600
neithor1984, NM,1986,2191
neklan, IM,2082,2191
nekochabo, IM,2894,2933
nekoo04, WIM,2525,2526
nekotyanof, IM,2686,2789
neldus123, CM,2314,2323
nelissatt, WCM,925,1352
nellichka, WIM,2061,2160
nelsi, NM,2517,2538
nelsito1452, FM,2258,2318
nelsoncopa, CM,1562,1978
nelsonlinda, FM,2767,2780
nelunika, WIM,1899,1937
nemanjavukcevic, FM,2390,2545
nemequittepas, GM,3035,3058
nemesios, FM,2335,2335
nemo_nobody, FM,2438,2458
nemofishy, GM,2737,2843
nemonescio, CM,2266,2330
nemsko, WGM,2171,2547
nemsourek08, FM,2728,2774
nemtsevigor, FM,2365,2421
nenad2911, FM,2416,2470
nenad_coach, FM,2449,2449
nenadrobulj, FM,2476,2533
neonninja73, CM,2651,2692
neosupremacy, IM,2900,2921
neoternemo, IM,3052,3052
neri_gaite, WFM,1960,2205
nerzgul, CM,2046,2255
nesterovsky, GM,2810,2842
nesty_javi_chess, IM,2726,3028
neuguenzburg, FM,2560,2560
neurisdr, GM,2663,2829
neusaaridas11, WCM,1657,1689
nevenjakupovic, FM,2204,2272
nevergiveuppp, NM,2599,2611
nevermind242, FM,2345,2473
neverw84m8, IM,2573,2685
nevigaming, FM,2297,2364
nevorlegov, GM,2922,3025
new_eagle, WIM,1972,1972
new_otherland, CM,2516,2523
new_player_0010, WCM,2173,2343
newbornnow, GM,2791,2960
newchess1213, CM,2388,2494
newchesscorner64, CM,2481,2627
newcuenta, FM,2355,2483
newdent, WCM,1948,2203
newlight1, NM,2529,2562
newplayerorishe, FM,2513,2537
newyeargirl, WIM,2321,2463
newyorkchicago, IM,2521,2692
newyorkmouse, FM,2755,2751
newzorro, GM,2550,2836
nexoknight11, CM,2405,2442
next_touch, IM,2705,2769
nezh2, CM,2115,2321
nezhmet, IM,2586,2592
nezhmetdinov2020, IM,2741,2778
nezuko432, GM,3135,3167
nf3b31-0, IM,2809,2832
nfchess13, FM,2652,2762
nfds, FM,2519,2759
nfogaras, CM,2110,2210
nfork, FM,2323,2393
nfrost00, FM,1814,2116
ngc772n11, NM,1843,1926
ngheanquetoi, NM,2205,2205
nguyenduchoa, GM,2540,2743
nguyenhlb, CM,2507,2559
nguyenmyhanhan, WIM,2311,2296
nguyenquanganh3112, CM,2676,2749
nguyenxi, GM,2658,2774
nhdoug, NM,1894,2084
nhn_08, WFM,2496,2406
ni-hua, GM,3006,3006
niaz1966, GM,2293,2594
nibbets, FM,2306,2321
nicaragua_chess, FM,2224,2224
nice_2_m8te_u, FM,2750,2780
nicecream18, WFM,2150,2208
nicegg, CM,2266,2286
nicholas_ilic, FM,2447,2491
nicholastakano, NM,2406,2579
nichyne, FM,2496,2570
nick0p, NM,2459,2616
nick12772, NM,2421,2529
nick1996pa, FM,2304,2377
nick_nisperos, NM,2324,2412
nicki2013, CM,2745,2828
nickmatta, FM,2563,2594
nickvet, IM,2780,2846
nicky1405, CM,1548,1884
nicky_mf, WFM,2244,2244
niclox, IM,2800,2872
nicochasin, IM,2943,2943
nicoderboss24, FM,2369,2494
nicolai1950, FM,2663,2712
nicolaik, IM,2415,2415
nicolaimaxime, FM,2908,2918
nicolas_chess10, CM,2575,2625
nicolas_delacolina, NM,2748,2738
nicolasbatista3, FM,2435,2500
nicolassrc, CM,1518,1520
nicolasulaneobelassi, NM,2325,2443
nicolevalladar, WCM,1766,1964
nicolik, IM,2611,2815
nicollem13, WFM,2283,2357
nicolochessit, FM,2558,2594
nicotira2, NM,2453,2581
nidjatmamedov, GM,2801,2819
nigeldwarf, NM,2713,2814
nigelfat, GM,2985,3041
nigelshort, GM,2871,2979
nigerianprodigy, IM,2246,2413
night_player, WFM,2189,2305
nightingaleblade, IM,2729,2729
nightlord1, NM,2277,2433
nightofzero_on_fire, FM,2639,2872
nightowlcalculator, CM,2537,2575
nigirisushies, FM,2466,2554
nihalsarin, GM,3216,3285
nihilistiq, NM,2601,2601
niilo1, FM,2450,2475
nijat_a, GM,2742,2742
nikachu, NM,2169,2336
nikajurisnicolas, WNM,1463,1475
nikavolkov, CM,2789,2809
nikfil2013, CM,2372,2502
nikhiil_m, CM,2426,2463
nikhileshk, FM,2259,2432
niki_2003, WCM,2132,2169
nikita_klepikov, FM,2396,2440
nikita_urusov, FM,2139,2418
nikitadovbnya2008, CM,2306,2426
nikitaka16, FM,2749,2749
nikitakhoroshev, IM,2849,2924
nikitarychagov, CM,2406,2406
nikitashandrygin, FM,2837,2926
nikithebest, FM,2632,2632
niklasschmider, IM,2628,2651
nikola-fiveminuteschess, IM,2738,2766
nikolagry, FM,2808,2802
nikolaiskousen, FM,2132,2271
nikolaj_6, IM,2705,2718
nikolaj_katishonok, FM,2376,2413
nikolajborge, IM,2543,2659
nikolakis2014, GM,2743,2800
nikolama2000, WFM,1898,2046
nikolas1408, GM,2630,2761
nikolastheiss, NM,2478,2624
nikolay_milchev, IM,2207,2345
nikolayvorontsov, IM,2497,2567
nikolinakol, WFM,2024,1892
nikoloztsomaia, FM,2597,2658
nikos1955, IM,2504,2504
nikotheodorou, GM,3087,3237
niktlt, GM,2579,2740
nikushimmi, NM,2803,2819
nils_03, IM,2703,2703
nilufaryakubbaeva29, WGM,2590,2636
nimajavanbakht, IM,2623,2724
nimamideje, IM,2448,2668
nimmy-a-george, WIM,2401,2402
nimrod_veinberg, IM,2836,2873
nimven, WFM,1798,1977
nimzochesser, FM,2045,2150
nimzorocks, FM,2453,2485
nin0b, FM,2232,2350
ninaguilar, WFM,1725,1775
ninetowine, WCM,2122,2122
ningningwang, WCM,1887,1982
ninguno46, IM,2708,2708
ningyzhou, WCM,2405,2472
ninhvo, IM,2800,2903
ninjatrick, CM,2730,2835
ninjaturtle04, WGM,2575,2583
ninocanina, WFM,1996,2007
ninodg, FM,2494,2609
ninokalayci, WCM,1922,1922
ninomaisuradze, WGM,2408,2473
ninullia, WGM,2436,2529
niraj619, CM,2529,2567
niranjannavalgund, FM,2565,2578
nisemayumayu, WFM,2019,2040
nishaonyoutube, IM,2234,2288
nishyuu, WFM,2090,1975
nissegusten, IM,2206,2270
nitalucian, NM,2362,2536
niteshch, CM,2359,2382
nitpicker, FM,2343,2397
nitzan_steinberg, GM,2897,2983
niu9988, CM,2007,2007
niusha, WCM,1964,2129
nivra4300971, CM,1773,1821
nj123456, CM,2478,2535
njal28, GM,3100,3231
njpanda, WCM,1890,2060
nllo777, FM,2664,2810
nm2019, WCM,2092,2207
nm_antelacus, NM,2251,2374
nm_diasattack, FM,2277,2385
nm_koval, NM,2274,2410
nm_vanessa, NM,2051,2155
nmbraveheart0820, NM,2365,2407
nmchessadhd, NM,2208,2208
nmchesstoimpress, NM,2375,2410
nmchesstoimpress_stream, NM,2321,2239
nmcraigheirigs, NM,2048,2060
nmd0402, CM,2738,2751
nmjeevank, FM,2711,2861
nmjonathantan, NM,2461,2662
nmluissilva, FM,2339,2566
nmluo, NM,2399,2399
nmmustang6000, NM,2202,2401
nmofpuppets, NM,2257,2342
nmorales21, WIM,1857,1977
nmpdk, NM,2272,2470
nmshanmeruga, NM,2505,2505
nmwannabe101, NM,2096,2181
nmxv, NM,2471,2707
nmzanette, NM,2361,2418
no-regret, FM,2655,2665
noahritzerveld, FM,2247,2305
noam_vitenberg, FM,2567,2641
noamapplesauce, NM,2098,2336
noblerone, NM,2669,2669
noboakevin1999, IM,2703,2719
nobody267, WCM,1884,1922
nobodyperfect13, IM,2161,2459
nocheatingkid, NM,2596,2725
nochewycandy, NM,2832,2870
nocnypako, IM,2752,2891
nodariousbig, IM,2927,2950
nodi26, IM,2638,2646
nodrawbeforemove64, FM,2531,2568
nodrawnub, IM,2529,2605
noela1512, WFM,1942,2029
noeladricula, CM,1467,1701
nogallonoparty, NM,2601,2601
noghay, IM,2759,2759
nogoalokente, FM,2497,2505
noguru, FM,2383,2479
nohethto, NM,2833,2934
noki102, NM,2512,2658
nomadknights, FM,2586,2638
nomel07, CM,2356,2422
nomercy_ukr, NM,2431,2486
nomessi, IM,2525,2532
nomoneyhoney, FM,2544,2544
nomyas41, IM,2625,2650
nona_d, WIM,2123,2186
noname372k, NM,2495,2705
noncrediblefrenchdefense, WFM,2505,2615
nondrovski, IM,2372,2384
nonmaster99, NM,2473,2500
nonsopolo1, FM,2182,2294
noobmaster176, GM,3123,3130
noobsiaya, NM,2295,2479
noomerccyy, NM,2715,2858
nooneknowsbetter, CM,2356,2371
nor1lsk, IM,2828,2871
noraa8, NM,2460,2565
noranup, FM,2500,2667
noret, NM,2162,2295
norival, GM,2634,2717
norman-who, NM,2151,2425
norman927, NM,2417,2485
normweinstein, IM,2552,2670
northbound30, NM,2600,2772
northpigeon, FM,2281,2344
northremembersns, IM,2580,2671
northridgehawk, NM,2447,2496
norwaytoadog, CM,2331,2425
nosoggybottoms, IM,2702,2702
nostradamus123, FM,2495,2643
not-a-rapper, NM,2503,2503
not_2dayy, FM,2374,2662
not_built_different, CM,2176,2367
not_najdorfs_player, WCM,2395,2571
notfischer, NM,2263,2361
notfmjoshyet, CM,2036,2086
notthebishopsacrifice, FM,2633,2688
nottodaysir, CM,2701,2705
notyetfinish, GM,3066,3092
nouali_mohamed, FM,2525,2698
noukii, GM,2834,2962
nouma78, GM,2461,2561
nousecomp, FM,2283,2391
novaaugusta, NM,2342,2362
novabbeseiungenio, FM,2665,2800
novak_pezelj, IM,2724,2754
novakcabarkapa, IM,2730,2899
novakdjokovic142, IM,2865,2866
novakratko, CM,2472,2600
novendrapriasmoro, GM,2900,2930
novocane, CM,2334,2490
novoselovroman, FM,2682,2726
novoselski, IM,2427,2496
novozhilovsemen, FM,2920,2937
nowayjosey, GM,3100,3147
nowinchess, CM,2246,2351
nozdrachev_leonid, IM,2576,2665
nozdrachev_vladislav, IM,2872,2932
npaipal, FM,2386,2425
npaleveda, NM,2009,2096
nrbi44, FM,2143,2275
nrvignesh, GM,2853,2899
nrvisakh, GM,2945,2974
nss13, FM,2604,2636
ntbt_dhs, IM,2761,2853
ntdvan12, GM,2971,2979
ntmh281, WGM,2475,2538
nuadvaga, NM,2210,2377
nubair1198, IM,2807,2939
nubairyt, IM,2842,2845
nuestro64, WCM,1271,1789
nuharilwan, WFM,1508,1604
nuidisvulko, GM,2518,2660
number9, FM,2478,2662
numberonefan, GM,2952,3025
numerianus, IM,2538,2538
nunezfanny2001, WFM,1620,1662
nunezravelo, FM,2197,2516
nurali3012, CM,2532,2613
nurelina12, WCM,2223,2275
nurgyulsalimova, IM,2690,2836
nurmitv, FM,2700,2792
nuscha3, WFM,2256,2319
nusratalo, WCM,2138,2156
nutflush, CM,2075,2238
nutibara, IM,2516,2524
nutsontheboard, CM,2175,2282
nuvas, GM,2915,2962
nuzelazacarias, WCM,1308,1408
nw_tynka, WGM,2070,2235
nwcapa, NM,1897,2153
nwchess2016, CM,2186,2186
nxrby, FM,2414,2546
nyameba, CM,2266,2313
nycjack1, NM,2495,2614
nylvor, FM,2708,2713
nyqui, NM,1959,2177
nz_trains, CM,1820,2076
nzt72, FM,2674,2686
o123c, FM,1772,1772
oachesspro, FM,2441,2463
oanachessmalta, WFM,2057,2160
obidobad, IM,2431,2569
obispus, CM,1714,1957
obito24, FM,2732,2893
obiwinkkenobi, CM,2253,2023
obligatepawnivore, NM,1864,1872
obliviate12, GM,2697,2914
oblomoffnet, FM,2708,2715
occhio-vivo, NM,2069,2092
oceanracer03, NM,2135,2324
ochsenfroschgambit, FM,2475,2512
ochukov, FM,2136,2171
ocmoen, FM,2092,2183
octachamp, IM,2619,2651
octoberbreeze, CM,2356,2521
octopus_assassin, FM,2330,2474
odarne, NM,2427,2441
odaskramstad, WCM,2361,2396
odchessworld, FM,2826,2826
odcj, IM,2528,2576
oddodddodo, NM,1522,1833
odeggard, CM,2169,2196
odreamchess, FM,2833,2833
oezs95, IM,2474,2600
ofgameron, CM,2404,2404
og_62, CM,1837,2183
oganromchess, FM,2533,2688
oggy1984, FM,2512,2581
oglazaoskar2005, FM,2510,2731
oglob71, IM,2538,2593
ogpin, FM,2303,2313
ogreberbere, CM,2179,2193
oh-nahhh, FM,2012,2314
oh_no_my_queen9, FM,2331,2378
ohajek96, CM,2636,2636
ohanyaneminchess, GM,2879,2959
ohusbands, IM,2655,2700
oiam03, WIM,1914,2047
oibaf1975, FM,1733,1788
oiiuuko, FM,2105,2221
ojevwe, CM,2170,2232
ok97, GM,2887,2946
okkotsuyuta03, FM,2442,2503
okriak, IM,2761,2851
oksikodoni, NM,1945,2185
ol3ks2, IM,2537,2537
ol_bilych, IM,2780,2869
olaala, WIM,2489,2536
olakenn, FM,1936,2116
olalila, WIM,1855,1914
olawsson, FM,2146,2206
oldbutgold22, WCM,1727,1738
olderson, FM,2456,2588
oldfish64, GM,2310,2376
oldfreezeham, FM,2275,2329
oldguy2, FM,2214,2255
oldguysrule1956, NM,2335,2368
oldsoldiere, NM,2666,2657
oldterminator, CM,1792,1816
oldweakgm, GM,2691,2917
oldzed, NM,2000,2000
ole83, WGM,2002,2542
oleg_papayan, FM,2609,2707
olegkrivonosov, IM,2729,2799
oleksandr_bortnyk, GM,3111,3192
oleksandrprokhorov, NM,2300,2509
olfer, FM,2201,2335
olga-belka, WFM,2355,2367
olga_girya, GM,2603,2674
olga_lelekova, WIM,2148,2252
olga_ustinova, WFM,1795,2443
olga_zhuravleva, WIM,2347,2419
olgavasiliev, WIM,2435,2505
olgerts_indricans, NM,2396,2571
olghita64, WGM,2239,2307
olgoi-khorkhoi, CM,2602,2602
olifantcz, WGM,2287,2425
oligan22, WGM,2455,2564
oligator83, NM,2354,2377
olimpusmaximus, GM,3053,3185
olintoarthur, NM,2181,2268
olita21, IM,2071,2203
oliver98, FM,2500,2615
oliver_cromvel, FM,2223,2353
oliver_wartiovaara, FM,2610,2720
oliveratomchess, FM,2537,2651
olkaa, GM,2609,2746
olkarchess, CM,2621,2659
olksuna, GM,2808,2821
olliear, FM,2572,2680
olomi007, GM,2628,2714
olsbom, IM,2520,2540
olya_oblachko, WFM,2330,2369
olya_penkrat, WFM,2100,1388
olympusmons95, GM,2698,2768
omar-noaman, IM,2678,2680
omarnoman, IM,2707,2735
omeed_87, NM,2607,2651
omeganebulapegasus, IM,2759,2827
omeletking, FM,2505,2505
omer1997, IM,2615,2629
omerkhanfm, FM,1949,2169
omid-jarrahi2452, IM,2199,2370
omidnoroozi21, IM,2568,2754
omisoc, IM,2126,2401
omk124, FM,2716,2761
omranalhosani22, IM,2730,2862
omulcafea, FM,2490,2526
onatb, IM,2450,2453
ondoko, FM,2215,2395
ondozim, FM,2472,2472
onedar, WCM,2012,2008
oneeyedguest, FM,2634,2693
onegust, FM,2567,2679
onelastbreath, FM,2366,2432
onemoreuser, GM,2827,2845
oneofmyturns, IM,2811,2811
oneshot007, FM,2459,2618
onetowin, CM,2103,2189
onetrickpony_82, FM,2418,2586
oniichanuwu7, IM,2729,2854
onionriverpatzer, NM,1829,2129
onkoud, IM,2433,2369
only_10_min, FM,2371,2512
only_strong_moves, FM,2842,2983
onlyflagnoskill, CM,1998,2070
onlyggwheniwin, NM,2521,2525
onlytime4, WGM,2117,2409
onnoelgersma, FM,2699,2701
onter8, WFM,1550,1566
onthequiet, CM,2481,2620
onurcinarengin7, CM,2448,2592
onwgs, CM,2191,2499
onyshchuk_v, GM,2966,2998
oogee, FM,2391,2432
oogwaygetsgirls127, FM,2377,2321
oparingrigoriy, GM,3014,3104
opening2000, GM,2756,2771
opening_prep, FM,2627,2745
oppiezippy, NM,2349,2590
opqrc, FM,2582,2693
optikbaskan, IM,2500,2566
optimus_prime120, FM,2207,2127
optimusprimebr, CM,2073,2243
orackbbama, NM,2403,2461
orange_ghost, IM,2756,3037
orange_mode, IM,2581,2623
orangepelt, FM,2200,2209
orassahh, FM,2673,2673
oratoricalgenius, NM,2702,2803
orby314, NM,2365,2525
ordekalog, IM,2777,2865
orest_vovk, FM,2704,2788
orestn, FM,2466,2552
organdzievhren, FM,2451,2637
ori99, WFM,1771,2127
orishuas, CM,2497,2501
oritaichman, FM,2705,2733
orkan85, IM,2502,2651
orkhan_eminov, FM,2623,2680
orkinyo12345, IM,2493,2690
orlandohusbands, IM,2379,2712
orlovachess, WCM,1531,1755
ornulfo, NM,2318,2404
orphanator2009, FM,2597,2645
ors1984, IM,2558,2592
ortizanahi2001, WIM,2506,2616
ortizfrancisco, NM,2489,2491
ortznoi57, NM,2282,2445
orujov2008, FM,2821,2826
orujov_2008, CM,2157,2248
orwaid, NM,1942,2246
orzechowski_jacek, NM,2249,2338
os55555, CM,2330,2361
oscar-i, FM,2059,2317
oscar-luna, NM,2316,2406
oscarang, NM,2291,2435
osensei, WFM,1970,2056
osh1ro, FM,2709,2724
oshanamozart, CM,2046,1802
osielchesslover2011, FM,2154,2277
oskariot, GM,2911,2872
oskychess, GM,2589,2639
osoriofernando, CM,2438,2458
ossipoff, NM,2572,2657
ostrovskiy-marshalls, IM,2340,2375
ostrykaktus, FM,2319,2482
othergabe, NM,2497,2571
otiliabaciu, WFM,2036,1976
otrov-11, CM,2522,2622
otrovnipacov2405, FM,2386,2436
otsz, FM,2800,2800
ottorubingh, FM,1962,2183
ouaret_abdelouhab, IM,2261,2344
ourdudeness, FM,2102,2410
oursemare, GM,2493,2536
outblitzed, WCM,2210,2227
outlucked, FM,2000,2000
outofaces, GM,2681,2865
outpostqueen, WIM,2163,2251
outsmiter, NM,2512,2512
overfrost, NM,2407,2407
overman1, CM,2323,2362
overschat, FM,2208,2541
ovrthehill, NM,2764,2772
ovsiannikov_maxim, FM,2522,2542
ow321, NM,2753,2753
owl_towel, NM,2044,2206
oxygen64, FM,2527,2565
oykuince, WCM,2243,2264
ozates, FM,2617,2790
ozelot, IM,2641,2693
ozen_metehan, CM,2520,2542
ozimov13, CM,2422,2427
ozzie_c_cobblepot, NM,2506,2506
p-e-t-r-0, IM,2200,2988
p-wang, IM,2337,2376
p0ubelle, WIM,2011,2264
p10neer, CM,2381,2413
p4ad, FM,2571,2740
pablo1067, CM,2137,2373
pabloadrobruquez, CM,2356,2356
pabloid62, FM,2300,2341
pablolafuente, GM,2501,2501
pabloricardi, GM,2523,2598
pablovik, NM,2202,2202
pablozarnicki, GM,2678,2720
pabmar70, FM,2350,2474
pachonpower, FM,2534,2603
pacifique, NM,2564,2643
pacomitaco999, NM,2431,2596
padam19, IM,2790,2875
padenie_zvezd, GM,2808,2823
paff_morris_twitch, CM,2540,2574
pai-mei, FM,2324,2519
paimpolexpress, IM,2803,2874
paingmoe, FM,2157,2178
painlessfrench, WCM,1498,1582
paintrain08, CM,2557,2632
pakarma, FM,2447,2652
pakmaster, FM,2370,2509
pal_mar, WFM,1938,2232
paladin61, IM,2476,3004
paladin_ll, FM,2226,2368
palipali, WFM,1902,1983
palmateo, FM,2357,2426
palombie, FM,2564,2698
palosteden, FM,1994,2022
pamapseba, NM,2150,2238
panateniense, NM,2135,2137
pancevski, IM,2543,2618
pancontomate12, CM,2413,2383
pandaguy4000, CM,2421,2465
pandamaster3000, NM,2552,2562
pandazero, WGM,2677,2677
panevezys, GM,2785,2864
pangtao, IM,2801,2813
pankajfm, FM,2303,2456
panmichel1996, FM,2706,2709
pantata007, CM,2480,2480
panter1307, FM,2220,2407
panterov, CM,2303,2366
paolochess15, FM,2000,2000
papa12341234, IM,2824,2905
papabearpdx, NM,1599,1741
papaiedudu, NM,2303,2511
papakwnnov, FM,2512,2479
papaoutai, IM,2541,2601
papapizza, IM,2721,2802
papapizza_old, FM,2232,2268
paparama_1917, FM,2695,2700
paparovgr, WFM,2360,2522
papasmurfwithglasses, FM,2418,2460
paperotto610, FM,2262,2381
papipapita, IM,2806,2826
papullon, GM,2355,2407
papusoibatran26, IM,2397,2524
paradise10, CM,2526,2940
paragonfighter, NM,2645,2722
parajuli_rajendra, CM,1646,2010
paralinch, GM,2914,2979
parallax_mastermind, FM,2709,2809
paranoyak, FM,2514,2604
parawanda, CM,2517,2573
parcerita1, WGM,2113,2254
parhamov, GM,3211,3261
pariasortega, CM,2148,2195
parimarjan, GM,2532,2582
parintele_chess, FM,2205,2306
parkas, CM,2244,2481
parmen_gelazonia, FM,2541,2755
parmigiano, WIM,2178,2214
parmupill123, FM,2545,2663
parnali1611, WIM,2266,2422
parnian_gh, WCM,2153,2430
parthenope, WFM,1829,1864
partiallysquared, FM,2509,2568
particle-accelerator, GM,2964,3003
partyinth3usa, CM,2243,2333
partykings, FM,2601,2601
partytime1180, FM,2579,2663
parvizgasimov, IM,2219,2545
pashinskiy_mikhail, FM,2427,2525
pasmendjambvirgulptipon98, FM,2502,2529
passacaglia23, NM,2459,2515
passedpawnmustpushed, NM,2248,2334
passportplease, FM,2637,2742
passy234, FM,2530,2530
pastaaontwitch, GM,3034,3168
pasteta13, FM,2561,2583
pastore1978, FM,2281,2529
pastouche06, IM,2575,2646
patagonico2020, CM,2050,2245
patatablava123, WCM,2045,2350
patbensch, FM,1816,2126
patchi0423, NM,2447,2575
patently_parochial_panda, CM,2397,2464
pathfinder1234, NM,2300,2308
pathoma, FM,2517,2517
patient_chess_master, CM,1952,1768
patolindo, NM,2263,2371
patricius007, FM,2636,2681
patrisiii123, CM,2302,2498
patrykb8, CM,2401,2456
patt-trick, FM,2542,2666
patty43, WIM,992,992
pattycastillo, WFM,2036,2132
patzel09, IM,2820,2887
patzer-reloaded, FM,2603,2667
patzer1ndisguise, FM,2476,2567
patzerfromeagan, FM,2025,2200
patzernation, NM,2200,2260
patzerplay, NM,2487,2522
patzerslasher, IM,2513,2513
paul66666, GM,2561,2697
paulachess, WFM,2264,2324
paulaepb, WIM,2294,2513
paulaner88, FM,2308,2371
paularossi99, WFM,2406,2438
paulbishop7, CM,2326,2382
paulewski, CM,2463,2632
paulfromspb, GM,2840,2840
pauliukevicius, FM,2589,2589
paulkoris, FM,2527,2562
paulmacklin, FM,2548,2548
pauloba, WFM,2028,2062
paulocesarcosta_sad, NM,2322,2335
paulofanha, CM,2111,2134
paulphoenix87, GM,2802,2802
paulrusan, FM,2096,2377
paulvelten, GM,2907,2934
paulz64, IM,2455,2589
pavalamalli, WGM,2473,2536
pavan_putra_maruthi, FM,2809,2890
pavanmagician, CM,2181,2200
pavel_chernyshov, FM,2520,2540
pavel_mir, FM,2500,2501
pavel_skatchkov, GM,2736,2736
pavelalexandru07, FM,2531,2539
pavelchernomordik, FM,2503,2573
pavelchessyoutube, FM,2595,2723
pavelgovciyan, IM,2394,2436
pavelmaletin, GM,2857,2917
pavelmartynov, FM,2628,2721
pavelvavric, FM,2533,2702
pavelyurkov777, FM,2144,2363
pavet, IM,2685,2814
pavlitas17, IM,2397,2456
pavlov_sergey, IM,2665,2692
pavlovdanila, FM,2742,2771
pawelczarnota, GM,2842,2931
pawn0209, WFM,2326,2385
pawn1sland, NM,1921,2050
pawn_chainer, FM,2516,2516
pawndissection, FM,2357,2374
pawneatingzombie, NM,2174,2335
pawnexpert, FM,1044,1200
pawngobblerx2000, IM,2565,2698
pawnhopper316, NM,2465,2465
pawnmedley, IM,2488,2504
pawnn, NM,2364,2370
pawnosaurus, NM,2086,2197
pawnpusher1245, CM,2395,2438
pawnpusherschessaccademy, CM,2330,2571
pawnsoverpieces02, FM,2623,2677
pawnstar6870, WCM,2235,2279
pawnstorn, NM,2393,2463
pawnwonder, IM,2509,2527
payto1, IM,2807,2835
payyappat, FM,2461,2604
paz477, FM,2075,2295
pazwa, FM,2557,2543
pbatch, FM,2462,2479
pchelkinvk, CM,2638,2669
pds7603, IM,2168,2557
pdybala10, IM,2791,2791
pe0312, WFM,1896,1976
pe0la, IM,2960,3026
peace_b_ird2015, WCM,2004,2112
peace_power, CM,2406,2505
peacefulwarrior888, GM,2990,2992
pearl1988, WFM,2440,2489
pebblespeanutcashew, CM,2366,2434
pechen_yeltsina, FM,2592,2858
pecuricam, FM,2216,2340
pedrada88, IM,2562,2618
pedram1975, FM,1419,2376
pedro_gines, GM,2816,2888
pedro_nascimento85, NM,2095,2164
pedrogil25, FM,2548,2637
pedroholly22, FM,2401,2560
pedrosuarez, CM,2517,2562
pegaso529, CM,2348,2416
peixe64, FM,2606,2674
pekos64, IM,2096,2230
pelingorki, FM,2564,2654
pellegrino_chess, NM,2391,2550
pelmerch, FM,2584,2611
pelonacongarapata, WCM,1438,1935
pelopidass, IM,2560,2915
pelusiansky, FM,2685,2761
pemered, FM,2267,2417
penafiel-josselyne02, WCM,2144,2152
pencil-in-a-bar, IM,2880,2937
pendragon619, IM,2038,2419
peng_li-min, GM,2853,2951
penguiinqueen, WGM,2344,2440
penguingm1, GM,2995,3149
penguinisanoob, CM,2279,1698
penguinpacks, NM,2551,2652
pentlife, FM,2431,2431
penyulambat, IM,2739,2779
peodoblat, FM,2348,2372
peonasesino_hdz, CM,2327,2343
peonrojo150, FM,2634,2730
pepechess12, CM,2151,2208
pepecuenca, GM,2756,2833
pepekan, IM,2367,2531
pepita111, WFM,2102,2341
peptancorina, IM,2360,2615
perdomov, CM,2243,2309
perecke, IM,2571,2767
peretyatko, GM,2718,2760
perez-billinghurst, NM,2331,2556
perfchess, IM,2200,1843
perfectioninallmaster11, WCM,1965,2051
perimir, FM,2496,2588
perodjetlic, FM,2377,2377
peroncio, IM,2746,2789
perplexingperfection, GM,2981,3071
perpz, WFM,1939,2110
persanyibarnabas, FM,2400,2206
persian_elephant1, NM,2342,2390
pertinhez76, CM,2117,2320
perunbarglowski, FM,2754,2790
pervincaperiwinkle, WCM,1728,1799
pesandu_liyanage_1, FM,2617,2621
pesaruba, CM,1895,1943
pescadoazul, NM,2592,2768
peshkach, FM,2871,2902
peshkanavalnogo12, FM,2496,2613
pestgm, GM,2909,2938
pestilentpigeon, WFM,1968,1968
petardrenchev, GM,2419,2549
petarsdjuric, FM,2111,2340
pete1988, FM,2215,2508
petearrpan, FM,2356,2537
petearrrpan, NM,2281,2473
petelael, NM,2051,2164
peteracs, GM,2523,2538
peterconstantinou, FM,2000,2000
peterheinenielsen, GM,2533,2533
peterjjackson, NM,2157,2280
peterleko, GM,2829,2829
peternsw, CM,1860,2099
peterpantz, FM,2451,2459
peteryehmd, NM,2133,2320
peteseeger, FM,2333,2441
petincash, FM,2540,2540
petr577, FM,2458,2595
petr_natacheev, FM,2267,2310
petr_valerievich, FM,2543,2630
petrakejzar96, WFM,2177,2344
petrakon, WCM,1722,2035
petrisoradrian1992, IM,2354,2472
petrkostenko, GM,2533,2556
petrolulsah, FM,2256,2342
petroniy_arbitr, WIM,2417,2513
petronov, FM,2223,2261
petrostein, FM,2208,2278
petrosyan_tigran, IM,2665,2731
petrov_nikita, GM,2271,2377
petrova_yulia, WFM,1653,1701
petrovic_aleksa, FM,2732,2732
petrpalachev, FM,2765,2855
petrsoucek, FM,2168,2337
petruha123, FM,2614,2614
petrvelicka, GM,2377,2439
petthecat, NM,1974,2123
petukhov_dmitry, FM,2534,2673
petztante, IM,2448,2572
pezyr, FM,2759,2887
pfalcon1949, NM,2037,2148
pfren, IM,1836,1875
pg6player, CM,2502,2511
pgelis, NM,2267,2456
pgradalski, FM,1993,2226
pgrj, CM,1564,1564
pgw-in-sf, GM,2785,2800
ph1ller, CM,2516,2844
phankhiem2007, CM,2644,2649
phantom19801127, NM,2511,2586
phantom671, GM,2684,2686
phantomanton, NM,2682,2710
phelathegreat, IM,2508,2554
pheonixking2000, IM,2994,3071
phernand09, NM,2271,2447
philekhoob, CM,2478,2560
philippelinster, FM,2407,2441
philippians46, GM,3171,3215
philipplerch, FM,2108,2141
phillips_roy, FM,2025,2212
philofive, FM,2331,2471
philos_85, FM,2335,2465
philosopherrr, FM,2599,2776
phobos19, NM,2319,2411
phoenix_sjh, WGM,2566,2573
phoenixfire8, IM,2521,2664
phonysallly, FM,2704,2723
photochess, WFM,1732,1974
phqbophobia, NM,2354,2550
phrasalverb, FM,2816,2891
phriex, CM,2566,2634
phurba13, CM,2330,2361
phuzer, FM,2627,2633
piacramling, GM,2257,2500
pianochess147, IM,2456,2557
pianoskater, WCM,2182,2257
piccadilly123, CM,2345,2500
picev, IM,2364,2365
pichi2004, IM,2526,2526
pichonazo, IM,2610,2661
pichr_27, CM,2625,2637
picturesquecheck, FM,2532,2549
pidzsy, GM,2552,2676
piekarski64, NM,2091,2239
pierrotface, FM,2539,2591
pietromola75, FM,2218,2395
pifion, IM,2647,2680
pig-filth, FM,2338,2391
piggu, NM,2620,2799
pigson7th, IM,2665,2686
pihu_123gupta, WCM,2308,2376
piinuma, NM,2273,2627
pikachu742, WCM,1585,2041
pikku_myy73, WFM,2521,2321
pilgrim23, FM,2340,2348
piliposyanrobertchess, IM,2879,2895
pille85, FM,2248,2327
pilopa, GM,2785,2890
piluso1984, FM,2280,2403
pinasoprano, CM,2353,2465
pinata04, FM,2059,2059
pinduca1, NM,2369,2369
pineapplepawn555, WFM,1981,1896
pineapplepenn, WFM,2428,2600
pinedaboris, FM,2334,2334
pinelone, FM,2446,2506
pingah9, FM,2536,2612
pinguino120, NM,2370,2432
pink-ostrich, NM,2423,2569
pinkapplechess, WCM,1850,646
pinkdiffenbachia, NM,2402,2640
pinkdragon1997, IM,2599,2567
pinkito, FM,2385,2519
pinoywoodpusher, NM,2278,2318
pinpinall, FM,2822,2922
pintacara, FM,2446,2702
piongu, IM,2515,2541
piotreek2010, CM,1622,1697
piotrek1979, NM,2487,2573
piotrold, CM,2284,2460
pipin-1115, WCM,1845,1970
pirc88, FM,2700,2700
piriflillo, FM,2705,2717
pirlo1, FM,2510,2517
pirosballon5, CM,2355,2355
pirulillo, FM,2312,2466
piscatorox, CM,2202,2366
piscopower, IM,2508,2508
pisher, FM,2625,2729
pitopisback, FM,2332,2507
pitopitocuatro, CM,2325,2438
pitterson, IM,2197,2466
pittiplatsh, GM,2666,2660
pitzalpepe, NM,2639,2742
piwan, IM,2512,2767
pixelaress, FM,2755,2746
pizavolio, CM,2376,2376
pizzabiteabite, WCM,2021,2065
pizzalover2502, CM,2633,2693
pizzetti, NM,2106,2289
pjatoba, FM,2508,2565
pjotrr, FM,2207,2434
pkclub, GM,2607,2752
planetaajedrez, FM,1849,2127
plasm712, NM,2507,2692
platinumdi, NM,2100,1869
platy3, GM,3006,3073
play_everybody, CM,2400,2514
play_late_no_sleep, FM,3000,3000
playablecharacter, NM,2500,2556
playatchesscom, FM,2209,2223
playchesssimple, IM,2461,2686
playchesstokilltime, IM,2597,2654
playerorkinyo, IM,2640,2669
playforwinalways, CM,2521,2521
playgood28, NM,2402,2385
playingsomechess, GM,2337,2349
playingwhilesick, NM,2625,2793
playpositional, GM,2692,2816
plimsol, IM,2410,2508
plittl, IM,2355,2355
pliukha_mikhail, NM,2791,2805
ploddingpawn, WFM,2303,2440
plorpz, IM,2828,2849
plotnikovpavel, FM,2543,2643
plouarzel, IM,2562,2754
ploxoi, NM,2475,2538
plumalka, WGM,2642,2649
pluusje, FM,2242,2412
plymouthargyle, CM,2242,2360
pma83, CM,2523,2559
pminear, NM,2298,2469
pnamarasinghe, NM,2303,2303
pnepaul, NM,1876,2083
png2025, IM,2525,2571
pnwcc-ahe, IM,2883,2890
pnwcc-dboskovic, IM,2338,2567
po6don, FM,2457,2507
poaslan, IM,2952,3042
pochti_trezv, FM,2200,2378
pocketpivot, FM,2652,2679
poetepe, FM,2330,2415
poeticpetals, WIM,2400,2451
poghosyan_suren, FM,2191,2689
pogosian_manvel, FM,2275,2539
poisonpawn64, CM,2408,2408
poiuytrewq8, IM,2518,2543
poiuytrewqa, FM,2238,2356
pojamed12, FM,2505,2505
pokahontass, WIM,2195,2313
pokemon0227, NM,2388,2540
pokeypuppy, FM,2054,2118
pokochajszachy, CM,2514,2514
polandhussars, FM,2599,2683
polaroidsmiles, WFM,2205,2220
polemistis, FM,2317,2457
poli133, WIM,2087,2108
polinakarelina, WFM,1934,2077
polinayanch, WFM,2004,2004
poliplaza, NM,2603,2623
polish_fighter3000, GM,3112,3210
polishforce3000, CM,2581,2623
politeplayer, FM,2330,2405
politov_pavel, FM,2368,2435
poliziano, IM,2527,2592
pollitochicken, CM,1861,2077
pollo2016, GM,2532,2660
polloisra, FM,2234,2524
polotnik, IM,2665,2780
polskadot, IM,2855,2855
polstastisch, FM,2545,2432
poluprovodnik01, WFM,2321,2411
pomberito2, CM,2511,2609
pomegranate988, GM,2758,2814
pomeraniandog, WIM,1915,1925
pomeziachess, CM,1900,2214
pomoc, WGM,2111,2203
pomp523, CM,2601,2604
pompey831, GM,2510,2531
ponchthemeister, WIM,1988,1988
poneis_malditos, NM,2606,2636
pontiac-bandit-99, NM,2553,2596
ponyqueen07, WCM,2156,2301
ponzianipower, NM,2208,2219
pooh2012, NM,2754,2754
pop_inactive, IM,2857,2874
popmilan95, FM,2900,2905
popopuiyt, FM,2334,2467
popov_ivan, GM,2794,2938
popov_m, IM,2590,2689
popovbm, FM,2518,2625
poppingcheckmates, NM,2801,2801
poppy73, WIM,2344,2344
poptonespil, FM,2375,2470
popzoka, FM,2145,2319
porosen, WFM,1740,2008
porque123, NM,2552,2564
porrokolo, FM,2819,2853
portugalskaya-raketa, FM,2724,2757
poseidon1989, GM,2662,2873
poseidon5191, GM,2730,2749
positionalgenius, FM,2531,2718
positionalpanther, FM,2703,2703
positionalqueensacrefice, CM,2290,2308
positionaltactician43, FM,2449,2517
pospisku, FM,2456,2754
postalex, FM,1813,1905
potap1923, GM,2420,2420
potapovam, WIM,2770,2775
potosino1970, GM,2701,2859
potpiedude, NM,2516,2641
poucin, IM,2553,2659
poummba, IM,2512,2639
pournami_s, WCM,2254,2268
pouya21, GM,2879,2957
powerbars300, IM,2602,2602
powerchessutah, CM,2105,2325
powermove, WFM,2019,2193
powerofapoint, IM,2819,2869
powerofchess09, CM,2680,2696
powerthinking2650, IM,2541,2588
poxerstar, FM,2391,2496
ppa-pro, NM,2000,2009
ppokerchess, IM,2542,2542
ppupkin, CM,2162,2272
pr1105, FM,2484,2624
prachiti01, WFM,2397,2455
practical-play, CM,2557,2630
practice_tailung, CM,2428,2451
practicemakesok, NM,2825,2883
practicemakesperfect90, CM,2500,2558
practitivity, IM,2143,2171
pradeepthi, WCM,2308,2308
praguequeen, WGM,2210,2490
prakash510, NM,2727,2702
prakharbajaj21, CM,2527,2585
pranazen, NM,2102,2189
prascar, IM,2608,2574
praschess, IM,2615,2823
prasenjitdutta1980, FM,2130,2383
praslov, FM,2378,2422
pratyusha18, WGM,2147,2632
prause, FM,2170,2276
praveenb2002, GM,2855,2943
precisepatzer, CM,2501,2501
predatoru, GM,2615,2739
predo63, FM,2582,2690
predragnikac, IM,2215,2489
preempted, FM,2419,2483
premetfugas, NM,2321,2321
premierchess64, NM,2342,2513
preobrazhenska_d2011, WFM,2561,2600
prerijskikojot, FM,2143,2260
presidentloek, FM,2457,2520
prestizh94, WFM,1991,2087
prettyflyy, IM,2718,2753
prettyprincess2002, GM,2939,3001
pretzel2, NM,1923,2283
prianshdas000, FM,2500,2543
pricedaniel33, NM,1838,1908
prime-morty, FM,2570,2719
primegiroud, CM,2033,2139
primussanguisseptimus, GM,2996,3114
princec7, IM,2938,2938
princecharming92, FM,2366,2477
princemurad09, FM,2604,2629
priya387, WIM,2200,1539
priyadarshini_m, WFM,2030,2070
priyansh_2011, NM,2426,2479
prizant_academy, GM,3183,3191
prlpl, WFM,2029,2285
probablybad04, CM,2501,2643
problematique_99, FM,2639,2693
prochessbr, NM,2488,2644
prochesscoach, FM,2848,2869
prochesswicth, NM,2647,2647
prochn, FM,2551,2559
prof_karga61, CM,2600,2644
prof_osvaldo, NM,2164,2256
profava, FM,2422,2570
profcalculus, FM,2167,2240
profedechess93, CM,2601,2732
profesore123, FM,2513,2542
profesorsrdjan, FM,2322,2322
professionalwinner_2025, CM,2819,2858
professor_fm, FM,2612,2667
professorchess101, IM,2801,2947
professorshadoko, IM,2359,2359
professorsrule, FM,2600,2655
profligate149, NM,2178,2404
profluiztomaz, NM,2330,2522
profofchess, IM,2533,2617
profsimao, FM,2431,2456
profterrieux, IM,2631,2750
profylactic, IM,2517,2594
profylax, GM,2447,2480
progresso2016, FM,1941,2209
prohorov2010, FM,2621,2621
promacherrrr, IM,2946,2946
promen1999, GM,2883,3099
promising_talent, CM,2275,2315
promotedpawn101, WFM,1562,1642
promotingknight, WFM,1765,1980
prophetofthelord, NM,1305,2009
prophetreborn, IM,3000,3018
prostochendir, NM,2290,2443
protectiago, NM,2059,2205
protectivecarrot, FM,2424,2559
proteuo, FM,2493,2530
provotorov_alexandr, IM,2493,2465
proxy6, WGM,2263,2347
prugno, FM,2077,2202
prxcess_brownie, WFM,2262,2262
pryhodko_olexander, FM,2481,2436
przemekpiotrowski, FM,2649,2743
przemyslawskalik, IM,2231,2578
psakhislev, GM,2299,2342
pseudobenkoo, FM,2904,2904
pseudoss, CM,2200,2172
psvidler, GM,2863,3079
psych0cookie, GM,2851,2967
psycho_cowboy, GM,2401,2541
psychokiller48, FM,2753,2817
psychonerd5, CM,2426,2430
psyducky, WFM,2353,2091
ptsdzzq, FM,2759,2801
publicaccountcze, GM,2216,2561
pudor, CM,2378,2603
puertoviejo, IM,2415,2415
pullakuski, CM,2399,2391
pumpkin_in_moonlight, WIM,2276,2376
pumukli, WFM,1719,1993
punkmonkz, NM,2058,2309
pup_chief, FM,2133,2395
pupilomito, NM,2269,2402
purepower12, CM,2702,2744
puricfm, FM,2450,2559
purple_passion, WFM,1988,1988
purpleunicorn2853, WCM,2251,2251
purpurice, NM,2700,2846
pursuitofhappyness2, GM,3158,3194
purton, FM,2457,2502
puru33x, CM,2010,2073
purush64, FM,2207,2421
purusottamchaulagain, CM,2160,2236
purvakuilis, FM,2202,2451
pushdapawn, CM,2410,2485
pushingpawnsnyc, NM,2354,2528
pushingsomepieces, WFM,2236,2319
pushyourpawns0, FM,2546,2440
pusnas, WFM,2142,2194
pusteblumme, CM,2148,2192
putra48, FM,2677,2684
puz2010, FM,2595,2944
puzzlebot_1294, CM,2586,2893
pvorontsov, GM,2831,2855
pwbxy, FM,2396,2620
pyrihroman, FM,2904,2951
pzcs, FM,1939,2194
qashashvilialexandre, GM,2200,2409
qaswara1977, FM,2349,2541
qcorn, NM,2544,2583
qd-ad, NM,2591,2758
qdlatyzg, CM,2254,2327
qeeqer, IM,2601,2612
qglen, FM,2694,2814
qiaohu_henry, NM,2357,2390
qib_wang, NM,2563,2564
qing29, NM,2350,2461
qingaunlee, FM,2338,2373
qingdom, CM,2193,2319
qkid2024, NM,2700,2700
qnmeng, WIM,2709,2827
qowcrazy, CM,1723,2440
qqwow, NM,2602,2602
qscrgn24, FM,2281,2500
qsjtgx, IM,2866,3015
quaide7, FM,2318,2331
quantumwizard137, WIM,2309,2332
quaritch79, NM,2386,2529
quaternitychess, GM,2793,2826
quattroporte300, WFM,2583,2583
quazimodon, FM,2546,2546
queburumba, IM,2153,2291
queen_2007, WCM,2128,2306
queen_iryna, WIM,2305,2460
queenant89, WCM,1307,1607
queenazo, WCM,1796,1901
queenbach, WIM,1841,1871
queencrusher_10, WCM,2105,2276
queenelnara, WFM,2205,2463
queenkriz, WFM,1619,1649
queenlilo, WIM,2079,2128
queens001, WCM,978,1022
queensandpawns, CM,2605,2671
queentrapmcc, FM,2337,2450
queenzlander60, CM,2306,2306
queladri, CM,2456,2574
quemirasboboandaparaalla, GM,2942,3098
quercusrobur22, NM,2214,2220
querqus, IM,2383,2405
quesadaluise, GM,2947,2947
quesfr, FM,2187,2321
questto22, FM,2601,2642
quexpega, NM,2491,2613
quiet_desperation, NM,1533,2502
quietsunset, GM,2992,3052
quincasborb, FM,2070,2313
quinten94, IM,2594,2751
quintilianor, GM,2869,2869
quirkyquokka6969, NM,2755,2764
quitforever, FM,2245,2608
quizden37, GM,2911,2972
quparadze, IM,2567,2640
quvnoq_muxlis, CM,3006,3006
quynhduong2208, WCM,1629,1752
qvalda, FM,2525,2568
qvuong25, WCM,1930,1873
qwaserpl, FM,2497,2505
qwe69, CM,2267,2323
qwerasdf8008, CM,2059,2203
qwertpoiuy999, NM,2503,2605
qwerty_cool_123, FM,2519,2600
qwertz618, CM,2485,2497
qy8vx, NM,2479,2554
r-172, IM,2183,2304
r12thehills, NM,2124,2236
r2d2pty, FM,2515,2572
r31415, NM,2731,2749
r_yankovsky, IM,2758,2843
raahilmullick, IM,2464,2464
raana75, WFM,2341,2341
rabachess, GM,2518,2532
rabbinicalwarrior, NM,2483,2673
rabbit-33, NM,2529,2593
rabeekongo, FM,2505,2505
rabguaya201, GM,2844,2851
raceking, GM,2535,2719
rachess976, WFM,1737,2165
rachidhuilda, CM,2416,2509
racingchesslive, FM,2550,2596
racinggoals123, WCM,1924,2001
rackermanz4, WFM,1923,2023
rackris, WFM,1579,1687
racquetball1, CM,2094,2198
radical_3dward, IM,2785,2987
radicalradomir, NM,2537,2556
radioactivewalrus65, FM,2732,2801
radislav_atanasov, NM,2334,2442
radislav_atanassov, NM,2295,2290
radojeiriz, FM,2212,2356
radosc, FM,2615,2615
radoslavkaranovic, FM,2221,2399
radzio1987, GM,2898,2951
raem25, FM,2466,2466
rafael_ventura, FM,2308,2545
rafaelcorado, CM,2540,2548
rafaelfiggo, FM,2544,2650
rafaelvaganian, GM,2631,2716
rafafigueroa, NM,2301,2308
rafajumps, CM,2254,2267
rafalbrc, CM,2271,2350
rafat-issa, IM,2624,2624
raffaello123, FM,2413,2625
ragco, FM,2391,2466
ragedusk, FM,2471,2471
raghunandan, IM,2951,2951
ragingknightnc, NM,2703,2703
ragnaroek66, GM,2534,2762
ragnarok68, FM,2260,2342
rahaf-faqeeh-2001, WCM,1139,1440
rahmanadel, FM,2822,2755
rahmanyahia, IM,2148,2344
rahulgshetty, IM,2401,2457
rainbow2014, WGM,2491,2516
rainer59k, CM,2071,2176
rainfall17, WFM,1647,2184
rainforestt, FM,2594,2594
rainhav, WIM,1783,1897
raining_taco, NM,2116,2056
rainlofichess, FM,2525,2533
rainmond, GM,2775,2927
rainspistols, IM,2501,2507
raisingspartans, FM,2494,2529
raja3401, GM,2787,2901
rajapanjwani, IM,2551,2588
rajasurya89, WFM,1796,1838
rajdeeps, IM,2602,2639
rajdhani_exxpress, IM,2831,2865
rajesh1464, FM,2506,2517
rajeshbb, CM,2462,2462
rakesh, IM,2500,2568
rakhimzhan_alen, FM,2627,2757
rakhmanov_aleksandr, GM,2869,2916
rakitic2010, FM,2695,2746
rakshi2005, WGM,2520,2593
raleuzirb, CM,2703,2703
ralf61, GM,2514,2654
ralfaya, FM,2500,2539
ralfwin, FM,2365,2685
ralnsy, CM,2223,2223
raloloit, WFM,2421,2510
raluca_sgircea, WIM,2328,2337
ramakalapati, WFM,1963,2201
rambo1stblood, CM,2385,2408
ramboob, FM,2082,2256
ramil_faizrakhmanov, IM,2906,2933
ramla2020, IM,2526,2651
ramonmanon0g, NM,2437,2533
ramosha, FM,2737,2801
ramses135, IM,2607,2697
ramu_k_fm_ft, FM,2243,2279
ramyrescoelho, WFM,2233,2401
random_mango, CM,2533,2566
randomguy_plays_chess, CM,2232,2342
randomkiblitzer, NM,2389,2502
randomnoob04, FM,2770,2845
randomo, FM,2419,2446
randomoracle, FM,2419,2590
randompatzer123, FM,2709,2709
randy296, NM,2104,2170
raneshratnesan, CM,2414,2414
range_rover, IM,2154,2158
ranihamid18, WIM,1534,2005
ranindu2003, IM,2769,2932
rantomopening, CM,2557,2852
ranu540, CM,1702,1815
rap_woyska, FM,2458,2613
raphaei, GM,2688,2705
raphcamora, IM,2552,2583
rapidblitzz, NM,2274,2316
rapiddefeat, NM,2330,2535
rapidman01, CM,2743,2780
rapidoylancero, CM,2212,2269
rapt1958, FM,1864,2053
rasand, WFM,2027,2116
rase, FM,2728,2821
rasenkage, NM,2121,2256
rashad_zeynalli, FM,2701,2807
rashidloya, NM,2219,2350
raskolnikov6, FM,2518,2639
rasmus_thogersen, FM,2223,2436
rasmussvane, GM,2959,3069
rasool78, CM,2284,2379
rassanti, FM,2428,2670
raswi, FM,2305,2479
rat20005, FM,2107,2107
ratami, FM,2117,2373
rational_believer, FM,2213,2563
ratkovic_miloje, GM,2758,2858
ratkovicpetar, FM,2461,2710
ratnakaran, IM,2614,2639
rau4ever, CM,2414,2454
raud100, CM,2515,2610
raudra_dhari, FM,2737,2750
raugintabulba, CM,2485,2564
raulov51, FM,2203,2310
raulperezguerra, FM,2484,2503
raunaksadhwani2005, GM,3146,3146
rautz, FM,1938,2000
ravengelic, NM,2485,2747
ravihegde989, IM,2273,2477
raviteja81293, IM,2672,2879
rawnsdale, NM,2509,2569
ray_yang, FM,2162,2337
raymondcarver, IM,2609,2671
rayquazaxx, CM,1933,1988
rayrobson, GM,2828,2899
razan_sh, WFM,1902,1942
razephyr, CM,2416,2659
razorbladeteddy, NM,2127,2199
rbkaissa, FM,2423,2444
rbkkings, WCM,1660,1944
rboss82, CM,2374,2400
rcc_2024, NM,2439,2496
rcmz, NM,2197,2330
rcone, CM,2368,2507
rcsa007, IM,2405,2405
rd4ever, GM,2937,2940
rdarruda, FM,2480,2594
rdclayton, NM,2396,2530
rdeux42, GM,2554,2574
rdmguy01, FM,2521,2627
reader777, IM,2958,3045
ready4abattle, NM,2316,2460
readyskate, FM,2922,3068
real_karma, NM,2202,2530
real_oceanstorm, GM,2819,2821
real_sp00f, CM,2079,2385
real_taiatai, NM,2565,2732
realavtofan, NM,2673,2619
realblindmuddy, FM,2260,2483
realburq, CM,2503,2526
realcontender, NM,2259,2355
realcyberbird, FM,2495,2575
realfusilli, NM,2111,2259
reality-stone, GM,2778,2858
realitystar, IM,2702,2706
realjerusalem, FM,2452,2603
realmenambitious, CM,2653,2646
realpascalc, GM,2740,2797
realperangel, GM,2777,2777
realsteel2008, FM,2619,2713
reb, NM,2015,2458
rebecajimnz, WFM,2360,2415
rebeljohnny, CM,2642,2645
rebequeen08, WCM,2120,2133
recargado, IM,2545,2608
recombinant, NM,2505,2544
red_riding-hoood, WFM,1917,2241
redbandit87, NM,2479,2518
redbullet64, NM,2338,2397
redchessman, NM,2412,2337
redemption2022, NM,2307,2590
redfirepanda, FM,2514,2604
redfist87, IM,2707,2739
redgrob, CM,2369,2376
rednova1729, GM,3054,3114
redwolf03, FM,2663,2727
redzishchess, FM,2484,2578
reevecanada, IM,2901,2917
reflexia64, IM,2201,2455
regenda, FM,2242,2292
reggaeambassador, FM,2750,2750
reggaeknight, CM,2187,2013
region_07, FM,2506,2626
regolita, WIM,2039,2113
regular_legs, GM,2573,2669
regzryt, IM,2632,2829
rehsinupd, WIM,1604,2082
rehtori, NM,2260,2419
reigningmvp, FM,2565,2650
reinaldor, CM,2504,2518
reinaldovera, GM,2183,2332
reinisuz, NM,2609,2667
reitsukumo, NM,2494,2609
rekcefhaon, FM,2667,2709
rekin87, CM,2418,2434
rekopchess, IM,2243,2278
rekosheten, FM,2421,2502
relaxx87, GM,2680,2835
relentless_rook, NM,2094,2138
rellikrahs19, NM,2246,2295
relocoelro, CM,1898,2013
remcospr, CM,2487,2657
remi04, IM,2914,2981
remontada2017, GM,2843,2938
remontada_reloaded, IM,2200,2200
removedusername932580259, FM,2851,2911
removsky, IM,2565,2753
remuloaguiarfreitas, CM,2273,2378
remyalasmar, WCM,1983,2203
renaesaashabunnycat, WCM,1179,1400
renanbrandao, NM,2171,2300
renanreis, FM,2390,2366
renansoares1972, CM,2202,2251
renathy, WFM,2459,2459
renatoforf, FM,2166,2158
renatoghica, NM,2187,2253
rend1987, IM,2878,2878
renedube, CM,1598,1781
reneebrambilla, WNM,1707,1329
renegade_hitman, NM,2235,2221
renehp, FM,2428,2646
renier07, GM,2715,2753
reniite, WFM,2297,2399
renzogm, FM,2704,2704
reprunnadezda, WFM,1923,2033
resentiment18, GM,2982,3034
resha1988, IM,2859,2879
resignify, NM,2316,2417
resnullus, WFM,2278,2327
resolute31524, WNM,2111,2275
resourchess, CM,2433,2486
respectful_dave, CM,2505,2545
ressidentevil, FM,2493,2493
ressidentevil1, FM,2200,2200
rest007, FM,2379,2380
restartingchess, NM,2560,2693
retired_im, IM,3003,3003
retropwr, FM,2601,2605
returnofthechessanimal, NM,1922,2149
returnofthelagger, NM,2678,2697
revan_2002, IM,2808,2878
reversgagnant, FM,2417,2521
revisor, GM,2897,2948
revivingheart, FM,2589,2622
revroli, CM,2159,2317
revuckij_vladimir, IM,2088,2206
rexomnibusfaex, FM,2517,2651
rexterminator, GM,2832,2908
reyesbraulio, FM,2042,2297
reylockeado, FM,2582,2503
reyna_fr, WCM,1048,1488
reynaajedrez, WIM,2013,2107
reynold9402, FM,2230,2458
reyson01, FM,2512,2536
rezacz, FM,2525,2582
rezamahdavi2008, IM,2944,3084
rezi_chkuaseli, NM,2304,2426
rfelgaer, GM,2797,2934
rfurdzik, NM,2149,2318
rgachess77, CM,2345,2441
rgkkk, IM,2419,2505
rgoltsman, CM,2234,2457
rgsmaster, IM,2436,2421
rh152, NM,2505,2509
rhemmy, IM,2483,2520
rhesh29, CM,2401,2451
rhinobritos, GM,2971,3086
rhinoceros2015, IM,2667,2829
rhinos1, CM,2074,2237
rhl_b, CM,2456,2540
rhpdalton, NM,2429,2493
rhrt, CM,2234,2516
rhungaski, GM,2652,2744
rhwr, NM,2405,2427
rhythm9, FM,2205,2306
ri4mi, NM,2631,2631
riankapriaga, FM,2426,2462
riazantsev, GM,2827,2915
ricardinho16, NM,2525,2619
ricaurtelopezj1955, FM,2211,2272
richard-scheftlein, FM,2544,2548
richard_black, FM,1810,2049
richard_zweifel, CM,2221,2289
richardabates, IM,2356,2398
richardbitoon, GM,2546,2785
richardcwang, IM,2624,2721
richardleyvap, IM,2683,2829
richardmaster, FM,2541,2545
richardshtivelband, NM,2426,2589
richardwe, IM,2474,2631
richarzard69, NM,2334,2550
richbe1, NM,2336,2354
richbestest, IM,2350,1936
richied2601, CM,2088,2382
richkasa, NM,1853,1853
richomi, FM,2386,2417
richy_94, FM,2572,2742
rickkrewson, NM,1699,2069
rickod1, FM,1544,1911
rickstereo, FM,2428,2631
rickywsb, NM,2324,2466
rickyzhou, GM,2920,3036
ricsi1012, FM,2456,2551
riddhi_07, WCM,2062,2111
ridethesky89, NM,2402,2448
ridnani1, CM,2497,2538
ridnani2021, NM,2603,2608
rigbychess, CM,1699,1822
rigorousearners, IM,2904,2955
rih, WIM,2001,2001
rijeka1999, IM,2202,2364
rikchessmx, FM,2310,2492
rikikits, GM,2909,3018
riku-gan, FM,2831,2923
rikyshi, NM,2420,2543
ril1997, FM,2720,2752
rile-man, FM,2585,2683
rimbaudarthur, FM,1805,1948
rinas_oleg, FM,2249,2401
rinesasaraci, WCM,1512,1569
ringouz, NM,2800,2800
rinisal8833, WCM,1791,1934
rinky12, WFM,2168,2086
rinoasadey, WNM,2203,2336
rinqed222, NM,2331,2404
rionelg, CM,2246,2472
riospm, FM,2425,2623
ripol, IM,2375,2476
riptide27, IM,2347,2602
rise_18, WCM,1997,2028
rish_97, IM,2701,2900
rishpal27, FM,2321,2321
riskydecision, IM,2601,2644
ristingho, FM,2469,2622
ristovic, FM,1856,2151
rital44, IM,2674,2845
ritanovikova, WCM,2226,2347
ritatorres, WCM,1888,2098
ritterfork, NM,2380,2418
ritual2003, FM,2867,2936
ritvarsreimanis, IM,2671,2766
ritvik1901, FM,1626,1641
riya_savant, WFM,2155,2174
rizabregu, CM,2360,2408
rjra94, CM,2424,2476
rk12387, NM,2117,2428
rkoepcke, NM,1729,1729
rkracht, CM,2076,2517
rks4g, CM,2300,2414
rloriogcf, CM,1759,1759
rmichiels, FM,2270,2241
rmsiva, WFM,1112,1284
rn2, GM,2152,2211
rnanjo, IM,2612,2716
rng2200, NM,2017,2263
rngm29, WCM,1607,1379
rngtmn, NM,2317,2474
rnick89, IM,2494,2494
roaccutane, NM,2725,2798
roachelley, WGM,2714,2722
road2gm3000, NM,2545,2684
road_to_3000_training, CM,2418,2461
roadto25hundred, FM,2240,2391
roaring_lion23, CM,2351,2362
roarthelion, WNM,1969,2080
robbertpolgar, FM,2556,2682
robbykevlishvili, IM,2774,2867
rober85val, CM,2342,2385
robert_chessmood, GM,3054,3103
robert_e2009, FM,2647,2683
robert_oros, FM,2451,2451
robert_sava, CM,2489,2548
robert_shlyakhtenko, IM,2152,2152
robertdowneyjr111, FM,2845,2856
robertfontaine, GM,2729,2801
robertgwaze, IM,2485,1584
robertjfischer71, FM,2607,2767
robertkreisl, IM,2333,2341
robertoalejandro10, FM,2772,2772
robertojbm, IM,2893,2929
robertorochamao, CM,1897,2188
robertoservat, IM,2608,2608
robertosuardi, CM,1944,2006
robertprieb2007, CM,2529,2529
robertris, IM,2728,2815
robertskytte, CM,2222,2264
robertxbob, NM,2240,2355
roberz12, FM,2720,2769
robin-side, FM,2606,2654
robin_ahmedmahatab, CM,2136,2280
robin_cool, NM,2752,2809
robin_mahatab, CM,2114,2115
robinswinkels, GM,2666,2674
robking, NM,2197,2347
robledo0, NM,2256,2328
robperesian, FM,2396,2539
robram, NM,2444,2628
rochaaaaaaaaaa, FM,2363,2504
rochan_to_danke, FM,2414,2437
rochefort_10, FM,2709,2699
rock700chess, NM,2504,2608
rockdollfanfan, WFM,2139,2293
rocket10jan, FM,2688,2793
rockstar0902, IM,2696,2714
rockytraining, NM,2556,2560
rodalquilar, GM,2858,2892
rodchenkov_vitalij, FM,2258,2682
rodgaard1, IM,2459,2604
rodgy, NM,2524,2534
rodinmihail, NM,2644,2639
rodneyoscar, IM,2516,2603
rodokininev, NM,2574,2706
rodp92, NM,2617,2687
rodrigodbf, FM,2353,2396
rodtwinkz, IM,2796,2838
roedor, CM,2454,2555
roelandpruijssers, GM,2704,2799
roenko_artur, NM,2402,2476
rofflekohn, NM,2279,2330
rogapa, GM,2714,2831
rogarcia1, WIM,2515,2520
rogeliooscarsanchezb, CM,2055,2084
rogerbuland, NM,1499,2000
rogeriomuller, NM,2325,2517
rogue_king, NM,2210,2448
rohan_agarwal, NM,1634,2314
roi_dartagnan, NM,2343,2357
roisbel_99, FM,2188,2430
rojonr, FM,2693,2807
roka7, FM,2578,2600
roki-roki-rock-nroll, IM,2434,2618
rokis13, IM,2672,2874
rokomotion, NM,2427,2578
rola92, WFM,1831,1910
roland_garros_2024, CM,2334,2366
roland_inho, FM,2322,2395
rolanddeschain, GM,2979,3011
rolandonolte_pcap, IM,2633,2652
roldieyi, CM,2407,2460
rollercoaster29, WFM,2747,2772
rolyku, FM,2401,2480
romadk, NM,2500,2586
romamo, NM,2085,2164
roman_0202, CM,2554,2570
roman_2112, IM,2485,2638
roman_ovetchkin, GM,2658,2797
romanherrmann, CM,2389,2580
romeo-milu, IM,2039,2383
romeofantiquity, NM,2321,2372
romkachess, NM,2550,2711
rommel_ganzon, NM,2397,2544
romn69, FM,2465,2412
romster06, CM,2254,2376
romulocardoso, NM,2500,2628
ron_weasley_chess, FM,2646,2708
ronaldbrizuela, FM,2615,2711
ronartest77, FM,2496,2626
ronbuckmire, FM,1913,2005
rondo_capriccioso, FM,2470,2572
ronitlevitan, WFM,2290,2410
ronwhenley, GM,2106,2135
roofless, NM,2267,2309
rooie2016, IM,2178,2300
rook_solid2002, FM,2462,2606
rooke6, FM,2209,2393
rookoco, GM,2591,2809
rookpower2004, WFM,2604,2604
roos96, WIM,2017,2065
root_21, FM,2765,2851
root_m5, IM,2545,2548
rory-gilmore, IM,2723,2760
rosangela, WFM,1636,1691
rose107, WCM,2242,2292
roseatwell, FM,2410,2469
rosedolphin, NM,2629,2676
rosemoon90, WIM,2201,2201
roseofbattle, NM,2542,2579
roseychess, NM,2656,2824
rosh1610, FM,2581,2705
roshka_yevgeniy, IM,2827,2835
rosraev, CM,2252,2418
rossinantes_old, FM,2417,2577
rotesmoor, CM,2290,2330
roughage, NM,2493,2617
rouven1977, NM,2071,2333
roven1234, CM,2200,1907
rowan-atkinson, FM,2650,2772
roxannyzoldyck, WFM,2253,2295
royal-gambit, NM,2336,2336
royalcollegechess, FM,2128,2234
royalhogs, CM,1918,2272
royprantikchess, IM,2703,2731
roza_idrisova, WFM,1954,2255
rozabaku, WFM,2478,2532
rozabakutwitch, WFM,2131,2188
rozhkov_v, FM,2487,2536
rozum_ivan, GM,2787,2787
rpcousins, NM,2373,2480
rpragchess, GM,3189,3197
rquery98, IM,2815,2842
rr190, WFM,1823,1834
rrainlessbobot, FM,2776,2933
rrbv, WFM,1612,1784
rrgchessmaster05, NM,2522,2641
rryiq, CM,2391,2487
rs-9, FM,2647,2721
rsalcedoiii, IM,2641,2776
rsnr, IM,2951,3034
rst2003, IM,2801,2803
rsv83, FM,2202,2289
rtchess367, CM,2307,2505
rtdrtd67, NM,2329,2406
rtfrancisco, FM,2581,2641
rtutic, FM,2375,2380
ru_b9, NM,1666,2096
rubencasafus, FM,1995,2143
rubenscezila, FM,2480,2659
rubenulaneo, CM,2127,2314
rubhani, IM,2500,2653
rubicapa, NM,2394,2525
rubiking, NM,1938,2128
rubinstein_akiba, FM,2847,2869
rubinstein_student, FM,2900,2952
rubinsteinsmonster, FM,2547,2547
rubix-time, FM,2653,2665
ruchess27, WIM,2452,2539
rud_2008, FM,2801,2816
rud_makarian, IM,3043,3149
rudolfjun2005, FM,2510,2510
rudus, IM,2375,2471
rudyst06, FM,2610,2646
ruffumup, NM,1947,2098
rugbyclub, CM,2296,2309
ruibae18, NM,2234,2420
ruifeng, GM,2901,2923
ruitertje, FM,2443,2542
rukdropov, NM,2036,2150
ruleoftwo, CM,2683,2725
rumo75, FM,2360,2392
rumo_a_3200, NM,2263,2391
rumpel-vk, GM,2572,2655
runner, IM,2703,2707
runno, FM,2362,2565
runsearch, CM,2291,2352
rupebear, FM,1587,1639
rupereza, FM,2719,2808
rupeshjswl7, FM,2459,2537
rupeshreddyy, CM,2447,2495
ruppertpumpkin, IM,2662,2758
ruprecht_der_knecht, FM,2501,2585
rurep26, FM,2661,2876
rururkowiec, FM,2701,2848
rusalka1022, WFM,1973,2045
rushing_mane, WCM,2352,2357
ruslan_0807, CM,2514,2563
ruslan_kurayan, IM,2595,2637
ruslann88, CM,2232,2394
ruslansezdbekov, FM,2727,2864
ruspakhom, FM,2513,2517
russell_potter, NM,1211,1336
russian_berezka, CM,2701,2704
russiandollar, FM,2418,2567
russiantenor, FM,2538,2630
russlo, CM,2210,2260
rustumpalov, FM,2543,2596
ruthlessslayer0607, WCM,2277,2277
ruti29, WCM,1600,1074
rutricks, IM,2866,2890
rutvij09, IM,2568,2568
ruud96, FM,1836,2162
ruvat, NM,2412,2445
ruzhka, WIM,1640,2182
ruzigura, CM,1638,1661
ruzomberok, IM,2561,2684
rv0-nsr, WCM,1913,1914
rvmalg, CM,2460,2431
rxxa_00, WGM,1529,1807
ryada, WFM,2240,2464
ryan2chess, NM,2426,2443
ryan_sowa, NM,2686,2738
ryan_young, NM,2358,2559
ryan_zhong, FM,2419,2675
ryanmito, FM,2420,2532
rybka1989, GM,2750,2776
rychessmaster1, FM,2774,2908
rydenzero, NM,2536,2594
rydlj, FM,2421,2590
ryepez75, NM,2186,2355
rymuselmun07, GM,2911,3059
rynos0411, NM,2700,2700
ryosuketakahashi_fc3s, IM,2896,2941
rytenko_v, IM,2564,2783
ryuk605, GM,2980,3075
ryukchess81, FM,2510,2620
rz0, GM,2514,2646
rzayevb, IM,2636,2778
s-dshubin, NM,2419,2525
s-e-w, FM,2348,2352
s-fazulyanov, FM,2468,2790
s-lots, FM,2485,2524
s1mple_007, IM,2610,2815
s2004k1993, NM,1841,1951
s2pac, GM,2905,2946
s4p0ud, CM,2555,2555
s_stefi, WCM,1977,2001
s_trofimov, IM,2530,2530
sabidago, WFM,1940,1964
sabinafoisor, WGM,2362,2515
sabinobrunello, GM,2690,2857
sabkad4ddy, IM,2613,2663
sabra182, NM,2152,2234
sabrina_ballerina, FM,1972,2125
sacbutt, NM,2403,2414
saccona_silvano_m, NM,2216,2359
sacdaruck, CM,2310,2352
sachiniranasinghe, WIM,1986,2011
sachwa, CM,1954,2185
sacrifice, CM,2307,2370
sacrifice_kzn, FM,2004,2185
sacrifices333, IM,2671,2727
sacrificesavant07, CM,2176,2176
sacrifoice, NM,2283,2399
sacsacmate, IM,2742,2851
sadigmammadov_003, IM,2584,2624
sadikhov_ulvi, GM,2751,2817
sadykov_ramil, FM,2841,2937
saevecors, NM,2081,2104
safabensaid, WFM,1843,1973
safar_from_afar, IM,2015,2461
safarichesser, WCM,677,1431
safikiet, NM,2462,2573
safin_safar, CM,2366,2466
safyahmadkanz, CM,2637,2688
sagar_raina, IM,2237,2318
saguriguerra, FM,2540,2595
sahajgrover, GM,2836,2881
sahaneelash, IM,2677,2772
sahara88, WGM,2409,2448
sahibsinghknight, FM,2901,2945
sahpufjunior, GM,2569,2585
sahs66, FM,2306,2430
saiagni_98, IM,2526,2637
saidov_b, FM,2898,2917
saif_malek04, CM,2704,2704
saihanthiha, FM,2551,2666
saikrishnareturns, IM,2747,2872
sailorknight, NM,1643,1964
sainasalonika, WIM,2269,2298
saint_666, FM,2848,2964
saisidhu2009, CM,2188,2222
saisree, NM,2596,2643
saitama_c, FM,2542,2621
saitama_hero, FM,2073,2530
sajith_peiris, FM,2148,2407
sajkochess, FM,2402,2553
sakkikuska, FM,2537,2668
sakksok_k, CM,2258,2351
sakkvilag2, IM,2114,2378
sakshi_chess1, WIM,2524,2547
sakura123, WFM,1795,1887
sakuraharuno2009, WCM,1936,2060
salahdinasaad, FM,2044,2139
salahyousry, FM,1945,1987
salem-ar, GM,3122,3172
salgadochess91, GM,2755,2965
salgadolo, CM,2146,2228
saliheke, FM,2652,2652
salimalamri2020, FM,2125,2163
salinnikov, IM,2569,2667
salke014, FM,2613,2618
salliven, FM,1850,2076
sallyabbas18, WFM,1680,1824
salomez, WGM,2377,2449
saloni1204, WIM,1969,2194
saloni1299, WIM,2261,2349
saltkettle, CM,1461,1776
saltyrook-7, FM,2502,2521
saltywater07, WCM,1466,1596
salva-dali, FM,2757,2854
salvattidiego, NM,1941,2261
salzburg1756, CM,2262,2436
salzikis, FM,2263,2440
sam1189, FM,2860,2905
sam_chessmood, GM,3039,3039
samandar004, FM,2776,2840
samantha_ross, WGM,2216,2421
samatsa, FM,2620,2620
samcopeland, NM,2434,2576
samdanov, FM,2437,2554
sameer555, IM,2535,2578
sameermansour, IM,2349,2400
sameermansuor, IM,2205,2339
sameermujumdar, NM,2565,2693
samehsadek, FM,2518,2579
samhawkins, GM,2932,2944
samheymann, CM,2341,2379
samiamsam_iamsamiam, NM,1942,2122
samidescalona2002, FM,2794,2966
samigullina, WFM,2294,2319
samirliberec, FM,2338,2374
samirsen, NM,2131,2251
samisahi, IM,2913,2816
samk52, FM,2100,2100
sammalvuo, IM,2504,2467
sammed_shete, IM,2635,2848
sammydaniels34, NM,2541,2541
sammysquires, CM,2149,2278
samolo, GM,2677,2919
sampaguita08, WFM,2620,2647
samrevita, WFM,2238,2260
samssky, FM,2610,2737
samuraichessman, NM,2064,2116
samuraisofchess, CM,2689,2729
samvel_khachatryan, CM,2323,2392
sana1027, WFM,2075,2099
sanachess1027, WFM,2000,2013
sanan_sjugirov, GM,3062,3106
sanatan9999, WFM,1692,1874
sanbruh, CM,2408,2534
sanda81, WGM,1943,2342
sandager, NM,2203,2236
sandkorn108, CM,2186,2346
sandpacer, NM,2667,2754
sandrawim, WIM,2153,2310
sandro970, FM,2604,2652
sandro_mikanovic, FM,2436,2490
sandrodf, IM,2600,2623
sandromareco, GM,2903,2923
sandropozo, GM,2616,2801
sandstad, FM,2452,2511
sandwichosaumon, FM,2642,2796
sandykay2016, WCM,1665,1785
sanitationengineer, GM,3017,3007
sankalp_gupta2003, GM,2960,3011
sanqui14, FM,2426,2541
sanroto99, FM,2444,2444
sansanathalia, FM,2615,2635
sanslimite, FM,2371,2504
santiagocazaux, NM,1994,2032
santig8, FM,2270,2516
santirayo2009, FM,2622,2630
santoblue, GM,2968,3081
santolanboys61, FM,2323,2400
santosalberto1987, IM,2550,2614
sanyassin2, IM,2494,2570
sanyukina, CM,2158,2167
sanyura, WGM,2751,2911
saparyag, WFM,2370,2379
saqochess_coach, FM,2726,2829
sara_khm, IM,2618,2714
sara_olendo, WNM,2474,2510
sarablackpanther, IM,2733,2826
saracinderim, IM,2925,2901
saradin78, FM,2364,2527
sarahahaa10, WCM,2018,2065
saraisitave, WGM,2216,2421
sarajevski, NM,2105,2199
sarajkov, CM,2176,2240
saraswathii, WFM,2525,2515
sarbalia, FM,2493,2493
sardaukar-2, IM,2917,2931
sarfk, NM,2113,2302
sargelssrdc, FM,2642,2642
sargis_06, FM,2693,2655
sargismv, FM,2546,2663
sargissyansargis, FM,2512,2553
sargsyan_shant, GM,3057,3136
sariedrez, IM,2644,2696
sarochachuemsakul, WFM,2403,2467
sasak, NM,2403,2559
sasha1011, WCM,979,1200
sasha2109, WFM,2246,2274
sasha_solovev_777, CM,2249,2418
sashadav97, IM,2680,2778
sashakuzhilniy, CM,2658,2673
sashastrong, NM,1515,2181
sasko1234, FM,2612,2646
saspassky, WIM,2407,2362
sassassasss, IM,2424,2647
sassy_strawberry, CM,2506,2551
satea_husari, IM,2386,2432
sathvavaan, IM,2803,2857
sathvikadiga, IM,2768,2879
satoshi95, CM,2431,2431
satr51pr, CM,1882,2035
satrancokulu, FM,2092,2254
satscho, FM,2481,2522
sattarov_bobur, IM,2828,2879
sau6on, FM,2342,2718
saucypizza, NM,2200,2325
savagelittlemole, WIM,2538,2693
savagemedusa, WCM,2396,2452
savastoisavljevic, WFM,2023,2212
savchess06, NM,2623,2647
savelijtartakover, GM,2949,2933
saveliy_golubov, IM,3126,3184
saveljevvladislav, FM,2599,2651
savelli60, CM,2113,2137
savethach, WCM,2003,2072
savinspm, CM,2086,2266
savitha1030, WGM,2626,2689
savitha2530, WGM,2294,2376
savke_capitano, FM,2131,2631
savva09022009, FM,2645,2645
savva_krasavva, GM,3030,3049
sawkitoo, CM,2563,2631
sawyer2908, IM,2609,2609
saxar85, GM,2764,2818
sayan_m, NM,2099,2275
saylormoon, WGM,2342,2401
saymone, IM,2607,2641
sayonaraponytail, WGM,2608,2709
sayspade4vip, IM,2626,2820
sbd1, NM,1866,2029
sbellinc, CM,1869,1911
sboshaon21, CM,2097,2173
sbouchet, CM,2548,2557
scabies1, NM,2390,2423
scacchiparlanodasoli, CM,2730,2779
scale007, FM,2502,2502
scandidestroyer, IM,2674,2703
scarabee43, IM,3005,3048
scarifplayer, WGM,2311,2355
scarpachess, FM,2322,2703
scarymonster99, CM,2532,2676
scenicregal, NM,2093,2205
schach_bruna, WFM,2015,2066
schach_the_monkey, NM,2400,2400
schachbrettchen66, WFM,2061,2495
schachkatze2000, FM,2685,2690
schachlana, WFM,2328,2411
schachlatan64, IM,2638,2677
schachmalanders, CM,2486,2486
schachmatttv_daniel, CM,2297,2403
schachmatttv_tobi, FM,2778,2783
schachpanda_youtube, CM,2256,2310
schachschnecke, GM,2605,2659
schachsensei_yt, FM,2529,2551
schachspielerr, IM,2795,2917
schack-hugo, FM,2533,2586
schackelina, WFM,1649,1706
schackspelaren, IM,2371,2433
schaken1976, FM,2162,2304
schatje06, FM,2661,2692
schattman, FM,2534,2579
schekachikhin_maksim, IM,2651,2754
schemato, FM,1866,2376
schevannes, WIM,2412,2412
schieberspieler, FM,2614,2660
schlechter1874, FM,2404,2406
schmakattack, IM,2891,2896
schmelzberg, CM,2102,2112
schmetterlingd, FM,1941,2198
schmiss, IM,2076,2187
schoenbrunn, CM,2157,2319
schondeln, FM,2463,2497
schoolmeester, IM,2811,2887
schracke, CM,2200,2273
schroedingerstiger, GM,2706,2904
schroodinger-cat, CM,2496,2499
schubakov, FM,2482,2521
schuivernl, FM,2316,2410
schwarli, IM,2000,2144
schwarzschidl, NM,2537,2618
schwarzspringer, NM,1918,1990
schwindelaar, CM,2439,2462
schwindle, NM,2686,2686
scientificmouse, FM,2767,2758
scim, GM,2612,2665
scofieldmichael01, FM,2816,2853
sconko, FM,2359,2392
scoopbh, NM,2234,2266
scorpio199999, WFM,2268,2311
scott-fox21, NM,2403,2435
scottt, NM,2000,2000
scotuspotus, GM,2287,2399
scrambled_36421, CM,2411,2684
scrambleyourbrain, NM,2605,2747
scrapnel, GM,2711,2815
scriabin, FM,2245,2380
scylla_138, CM,2328,2410
sdfjsdfnjsdjf, IM,2213,2213
sdv_013, FM,2700,2700
sdvkam, FM,2448,2511
sea-needle, FM,2521,2533
seal_island_puffin, CM,2296,2328
sean1223, FM,2348,2409
seanwinshand, IM,2854,3063
seanyearwood, CM,1857,1970
seanyearwood18, CM,1918,1918
search-of-harmony, IM,2756,2785
searchforbobby1, NM,2162,2442
seasidesunset, CM,2306,2367
seastar, WFM,1984,2216
sebaspector, CM,2285,2460
sebastian_almagro, FM,2386,2475
sebastianmarinp, FM,2352,2478
sebastianschnell, CM,2327,2341
sebazzano, CM,2341,2351
sebbymeister, NM,2374,2412
sebsep, FM,2532,2668
secret_guy, FM,2554,2775
secret_level, GM,2846,2862
secretagentmonk, WCM,2078,2104
secretgm, GM,2666,2756
secrethawk, CM,2437,2539
secretroses, WCM,2249,2249
secretsatsuma, NM,2601,2640
secretsuperstar7, WIM,2539,2556
secretworker2027, FM,2583,2853
sedlak83, GM,2594,2704
seductiveprincess, CM,2559,2668
seedtotree, NM,2610,2615
segatov, NM,2131,2415
segonbermuda, CM,1552,1812
seiya_the_king, CM,2026,2059
sek_konstantin, IM,2754,2875
sekar24, FM,2642,2715
sekstro, FM,2146,2174
selapegoacualquiera, CM,2152,2253
selectbench, FM,2289,2299
self_service, NM,2344,2565
selfishshellfish, FM,2652,2823
selvas123, IM,2900,2900
sem1901, FM,2549,2629
semangelaf, FM,2502,2506
semchik90, NM,2480,2563
semen16, IM,2709,2760
semenov_dmytro, IM,2489,2489
semetey, IM,2657,2713
semion03032009, FM,2804,2844
semyon_khanin, GM,2987,3011
senecacrane, FM,2273,2473
senn71, FM,2448,2448
senornadie, GM,2994,3054
sensei555, FM,2317,2340
senseijulio, GM,2683,2774
seochesspie, IM,2832,3074
seoulserenity, CM,2409,2455
sephan, FM,2563,2563
seppppppy, NM,2288,2492
sequillion, NM,2094,2146
serafima, WFM,1745,1937
seramoral, FM,2670,2671
serbia_belgrade, CM,2356,2369
sere99, FM,2631,2706
serefra99, FM,2603,2617
sereiaza, GM,2758,2716
serena-maria, WIM,2320,2408
sergeantpluck, FM,2439,2439
sergei_silivanov, FM,2332,1964
sergeikim, FM,2659,2684
sergeishevelev, IM,2452,2456
sergejs_klimakovs, FM,2610,2660
sergey071164, GM,2524,2647
sergey85rodchenkov, IM,2537,2621
sergey_70, GM,2503,2632
sergey_erenburg, GM,2594,2657
sergey_kasparov, GM,2666,2800
sergeybabenko-uk, FM,2447,2522
sergeygostev1984, FM,2511,2550
sergeykarjakin, GM,3023,3023
sergeyshtyka, FM,2517,2529
sergi0medina, NM,2136,2271
sergienko_sergey, IM,2310,2501
sergioangel74, CM,2261,2275
sergiochess83, GM,3004,3011
sergiogarciafuentes, FM,2299,2419
sergiogmi, NM,2011,2054
sergiomoralesg, FM,2511,2578
sergiopatagonia, FM,2304,2439
sergiotrigo, FM,2434,2620
sergisanch, FM,2396,2507
sergivila, FM,2554,2556
sergo055, FM,2705,2773
sergoy, GM,3124,3137
serhanberat_ozdemir, FM,2660,2719
seriosha, FM,2298,2417
serkansoysal, IM,2515,2730
serlanselot, FM,2107,2294
serlock, IM,2538,2579
serly25, WFM,2025,2079
sermarkpr, IM,2625,2625
sernini, CM,2427,2309
serrer, FM,2346,2346
sertalzin, FM,2073,2181
sertas, CM,2214,2320
sertoespj, CM,2511,2517
sesleria, NM,2102,2200
sestertii, GM,2547,2681
sestremera, IM,2192,2451
setandgame, GM,2681,2692
sethu0025, GM,2891,2950
setne007, NM,2081,2354
sevarabaymuratova, WIM,2115,2158
sevenstar82, GM,2586,2735
sever81, IM,2332,2425
severomorskij, GM,2965,2980
sewin16, FM,2536,2672
sewlins, WIM,2388,2397
seyidoff_2010, CM,2382,2415
sfaradit, FM,2554,2611
sganerdene, IM,2929,2968
sgchess01, GM,3100,3104
sgq, WFM,2097,2167
sh1l1ysh41m0n, CM,2348,2447
sha_moo, WFM,2145,2152
shaaksiv, FM,2736,2901
shaconage, NM,2536,2674
shadhur_chess, CM,2672,2728
shadow_master99, IM,2587,2590
shadowandwaves, WCM,2056,2289
shadowjolteon, NM,2617,2617
shadowking71, FM,2987,3002
shadowvoyager, FM,2701,2701
shadyh9, FM,2377,2477
shahaliyev, IM,2673,2816
shahdad2007, FM,2492,2635
shaheus, FM,2231,2460
shahinyan_chessmood, IM,2853,2960
shahmatkanal, CM,2637,2662
shahxaibkhan, NM,2506,2545
shailendrabajpai, CM,2485,2517
shaina-sif, WFM,2200,2414
shakkivainaa, FM,2157,2195
shalamberidze, IM,2413,2428
shalfhide, FM,2200,2377
shaman91, NM,2666,2915
shamatava_nick, FM,2611,2660
shambala777, IM,2333,2405
shambleschess06, FM,2498,2514
shamshank, WCM,2000,1433
shanemelaughcm, CM,2555,2620
shankland, GM,3016,3096
shankovskyi, IM,2504,2632
shant_sargsyan, GM,2200,3052
shapkinanatoliy, NM,2755,2807
sharafiev_azat, IM,2580,2697
sharan_rao, IM,2594,2656
sharankovg, CM,2499,2551
sharanya2006, WIM,2454,2533
sharapovevgeny, GM,2667,2707
sharathrk6, NM,2576,2643
sharingo07, WIM,2169,2169
shark2314, NM,2420,2420
sharkaholic, CM,2526,2548
sharkanto55, IM,2736,2734
sharkarton, IM,2659,2659
sharkblueking9879, CM,2424,2432
sharon1407, WFM,2119,2177
sharpchess22, GM,2855,3051
sharpcube, FM,2551,2636
shata1974, WGM,2348,2510
shatranjmaster4, NM,2438,2442
shaunpress, FM,1856,2085
shav3184, IM,2494,2566
shay241202, WCM,1564,2030
shaya01, FM,2332,2358
shayporat, IM,2022,2514
shazilthegoat2006, FM,2828,2971
shazuli9878, FM,2292,2579
shcufnairolf, FM,2431,2431
sheep_to_sheep, NM,2458,2461
sheldons73tshirt, WGM,2950,2900
shelley_xu, WIM,2046,2046
shellymilly, WCM,2072,2182
shemilah80, WCM,1647,1647
shemka2006, FM,2776,2898
shensai, IM,2300,3020
shepa2017, IM,2569,2662
shepherdboy, IM,2472,2478
shepi13, NM,2488,2505
sheralipattnaik, WCM,2316,2352
sherlock00007, FM,2188,2210
sherlockvn, WFM,2140,2334
sherry_ali, WCM,1116,1399
shevson, GM,2321,2501
shevtsjenko, FM,2453,2467
shield12, GM,3061,3097
shieldingoff, FM,2293,2338
shiirav, GM,2675,2722
shiki_chess, FM,2528,2594
shimanovalex, GM,2958,3032
shimastream, GM,3055,3116
shimloi, FM,2072,2072
shimogatactician, NM,2589,2607
shineatchess, IM,2318,2533
shiner22, CM,2475,2413
shiningdiamond, WCM,1587,1587
shiningfire, WFM,1912,1912
shiningstar-07, FM,2703,2753
shinobi-1987, FM,2112,2118
shinya_kojima, IM,2297,2486
shinymaster1, IM,2758,2696
shiraaaaazi, NM,2210,2432
shirouemiyaubw, GM,2939,3008
shirovin, CM,2105,2245
shishimaru31, CM,2788,2820
shishkana, NM,2438,2488
shishyashatranj, GM,3029,3093
shivacalypso, FM,2567,2603
shivagami, WIM,2217,2353
shivakaka, FM,2428,2428
shivananda1964, FM,2432,2539
shivenkhosla, IM,2382,2573
shivi_002, WFM,2126,2414
shmat92, IM,2783,2809
shnitez, FM,2634,2653
shoels, IM,2530,2562
shohrehbayat, WFM,2063,2238
shokuedi, FM,2505,2544
shokuninmoves, IM,2713,2713
shoooting_star, IM,2744,2834
shoorly, IM,2632,2741
shootingstar9287, WCM,1908,2001
shootnik64, CM,2083,2183
short_exact_sequence, WCM,1870,2139
shoshall, NM,2171,2341
shosti-73, IM,2895,2895
shota_azaladze, IM,2722,2854
showtp, FM,2601,2651
shoytan, GM,2650,2678
shrek4life02, FM,2708,2864
shreyansshah123, CM,1805,2200
shrilla, NM,2506,2506
shriyanasmallya, WCM,1714,1858
shruboon, NM,2400,2431
shtembuliak, GM,2860,2985
shubh_ze_great, FM,2478,2478
shubinkirill2003, IM,2890,3031
shuifeng90, GM,3180,3180
shukh_nikolay, IM,2594,2684
shukran0131, FM,2569,2647
shumy, IM,2629,2629
shurikman, FM,2510,2544
shushik, WFM,2536,2583
shuvalov, CM,2667,2758
shuvatkin_vladimir, FM,2446,2478
shyam, GM,2834,2865
shyamchess, CM,2223,2307
shymek, CM,2401,2492
siamonsays, NM,2519,2550
siansell, IM,2642,2720
sibearwood, CM,2292,2322
sibelephant, GM,3071,3239
siberian_husky_chess, CM,2140,2394
sic_transit_gm, GM,2616,2739
sicalyra, WIM,2406,2541
sichess100, CM,2248,2253
sicilian_maestro789, FM,2769,2875
siciliannaga, IM,2825,3008
sicilianpanzer, FM,2472,2505
sicilianthedragon, NM,1969,2038
siciliantm, NM,2143,2179
sicksickmate, NM,2643,2620
sicupira, NM,2339,2397
sid_98, IM,2730,2762
sidarun, NM,2450,2463
sidebyrnes, FM,2384,2400
sidneymankind, FM,2424,2451
siegbert64, CM,2261,2321
siemba, FM,2101,2632
sifisoncube01, FM,2087,2166
sigappi30, WFM,1575,1575
sigmaturtle2011, CM,2389,2571
sigurdurdadi, FM,2324,2402
sigvah, CM,2246,2351
siirk3, FM,2479,2598
silasesbenlund, IM,2168,2298
sildgutten, WIM,2428,2428
silencerbaba, CM,2155,2429
silent-killer100, FM,2611,2735
silent_killer63, FM,2626,2638
silent_soldier1122, NM,2198,2285
silentdeath42, FM,2498,2515
silentknight1410, CM,2315,2324
sillyb250, IM,2653,2653
sillygoosemonster, GM,2912,2952
sillypiggy2024, WFM,1724,2069
sillysarah1988, WFM,2142,2176
silvederione, NM,2525,2594
silver_shadow98, WIM,2523,2484
silverback96, FM,2228,2367
silvercat1992, WCM,2251,2387
silvercityindigo, NM,2395,2580
silvermist15, WGM,2444,2479
silversik, CM,2750,2827
silverswords13, FM,2608,2615
silviascarpa, WFM,2173,2173
silviocp, IM,2006,2237
silviusgrotius, NM,2904,2947
silviustiberius, NM,2907,2945
sim06, FM,2485,2544
simantoff, FM,2659,2705
simaopdias, FM,2458,2443
simon2049, FM,2577,2286
simon_1986, FM,2550,2644
simonachess, WIM,2376,2399
simonb4a, FM,2119,2274
simoncelli15, CM,2218,2514
simonknightrivendell, NM,2126,2169
simonsimanjuntak, NM,2017,2199
simple_loop, IM,2552,2552
simplechess, FM,2308,2308
simplekill, NM,2255,2216
simplerxiao, FM,2401,2605
simplydevina, WFM,2602,2643
sina-movahed, GM,3030,3204
sina101, NM,2545,2552
sina_movahed, IM,3044,3136
sindarovjr, CM,2715,2758
singenoirrr, FM,2429,2477
siniauski, FM,2494,2764
sinisterknight8, FM,2633,2637
sinistersnake, NM,2811,2852
sinquefield, FM,2525,2587
sinsyubgon, CM,2505,2728
sinurat, FM,2266,2439
sion2200, NM,2412,2572
sipahipower, NM,2548,2558
sipkeernst, GM,2700,2759
sippp, IM,2828,2912
sir_frankie_crisp, FM,2117,2316
siraanush, WIM,2092,2181
sircountgarius, IM,2522,2539
sirheltaskelta, CM,2198,2198
siri20, FM,2718,2718
sirinbaba33, CM,2639,2714
sirjohn13, IM,2917,2909
sirlancelott33, FM,2319,2319
sirstrateg, FM,2727,2842
sisis82, FM,2619,2619
sissahungrychess, NM,2377,2547
sitorasmart, WFM,1850,2141
sizdemiantalyaya, CM,2364,2481
sjakkerntobi, CM,2530,2651
sjam1987, IM,2589,2660
sjam6687, IM,2770,2822
sjandy, GM,2646,2732
sjevtic, FM,2380,2502
sjoerd893, FM,2574,2584
sjtsjogoljev, CM,1956,2097
skagoogle, IM,2741,2860
skakackonj, FM,2385,2473
skandachampion, WCM,2448,2528
skat2704, FM,2480,2705
skatchkov_v, FM,2814,2827
skaternesto, NM,2341,2452
skeadam, NM,2201,2243
skembris_spyridon, GM,2310,2401
skeyman, NM,2311,2322
skhanyisopersivaal, CM,1781,1839
skibiditoiletlover94, FM,2547,2469
skiff134, IM,2719,2742
skiidiivv, FM,2162,2288
skiiier, FM,2477,2545
skillcam, CM,2626,2635
skills94, CM,2223,2379
skilmirf, IM,2552,2633
skinerd6, FM,2267,2443
skinnypuppy8, NM,2349,2399
skipper009, NM,1721,1872
skippinglaptop, CM,2275,2457
skkeyan1309, IM,2779,2796
skkyfall2005, FM,2829,2920
skoularikii, IM,2689,2889
skslaviaorlova, CM,1529,2139
sky-net, CM,2044,2138
skybloues, FM,2613,2672
skychen007, NM,2327,2364
skyethestar, WCM,2026,2046
skygreatness, FM,2727,2771
skzt, GM,2538,2580
sl0m, NM,2058,2122
sl2000, NM,2389,2604
sl4werthanyou, IM,2854,2863
slackadaisacal, GM,2812,2814
slava50, NM,2586,2586
slave-trajkoski, FM,2543,2650
slavenok, FM,2753,2807
slavenpastar, IM,2735,2794
slavisamilanovic, IM,2418,2523
slavkoazaric, FM,2051,2348
slavonac1988, GM,2646,2652
slawomir_kurpiewski, CM,2081,2249
slayertrash, IM,2508,2508
slayyy_200, WCM,2183,2227
slederes, NM,2390,2511
sleeping_in_the_fire, FM,2510,2528
sleepless_knightmare, NM,2420,2518
sleipnor, IM,2438,2438
slide-away, IM,2692,2791
slidingknight2775, FM,2837,2862
slim_fit, IM,2500,2692
slimnico, NM,2625,2663
slimshady, CM,2191,2477
slingshot90, IM,2575,2613
slipak, GM,2292,2325
slipperyspeedster, IM,2751,2770
slmctk, FM,2402,2591
sloppydogg, IM,2557,2645
slorovel, FM,2795,2851
slovafn, CM,2500,2542
slovak_fighter2000, FM,2711,2768
slovenskizmaj, CM,2604,2669
slovineanu, IM,2556,2639
slow_jamz, NM,2652,2712
slowdgehammer, FM,2628,2658
slowdumb, WGM,2747,2783
slowfeasus, IM,2590,2723
slowpatzer, NM,2636,2761
sm_sharon, CM,2096,2307
smabye, IM,2794,2836
small_dragon, WFM,2466,2545
smallbaba, NM,2672,2821
smalltownhero, IM,2647,2745
smallvillekent, NM,2505,2519
smalugu, NM,2052,2177
smarandap, WIM,2114,2154
smarksbay, FM,2266,2461
smart-dolphins, NM,2441,2480
smarterchess, NM,2450,2494
smartrocks, NM,1463,2130
smashbrain64, WIM,2419,2502
smashdatresignbutton, NM,2337,2368
smashknight, CM,2436,2455
smatthews64, IM,2444,2456
smaug914, WCM,2350,2411
smealow, CM,1858,1990
smexov, CM,2213,2290
smiechu, CM,2597,2639
smile2005, FM,2423,2575
smilecoach123, IM,2690,2695
smilingice, WGM,2418,2480
smirnov_pavel, GM,2743,2917
smirnovalexandra, FM,2634,2667
smirnovtimofey2000, FM,1977,2643
smittenlava, CM,2265,2360
smok56, IM,1847,2009
smoking_crow, IM,2644,2843
smol_val, FM,2030,2200
smoothasahedgehog, IM,2725,2813
smoothbaron, FM,2411,2497
smotherhubbard, FM,2410,2435
smpynsvs, CM,2349,2379
smshk35, FM,2422,2583
smtheweirdone, GM,2247,2511
smugzz, NM,1752,2074
smurf1983, NM,2000,2000
smurfblayd, FM,2731,2744
smurfette78, IM,2832,2855
smurfo, GM,2610,2668
smyslovsfan, FM,2278,2367
sn00ppawn, NM,1818,2065
snail28, IM,2251,2678
snap_man, NM,2526,2526
snape, CM,2417,2548
snavr, GM,2511,2511
snchin, NM,2502,2502
sndp24onz, WFM,1755,1898
sneakiest_of_snakes, NM,2078,2336
sneakygm124, FM,2757,2767
snegokhod, FM,2554,2641
snekkerandersen, FM,2771,2820
sniper_boy, FM,2507,2507
snj2024, NM,2019,1786
snorlax, IM,2708,2747
snorre85, IM,2601,2601
snowball-03, IM,2660,2766
snowbore, NM,2207,2313
snowflake, IM,2915,3042
snowlord, FM,2956,3044
snowyk, IM,2323,2408
soadvi, NM,2571,2735
socaljuniorchess, NM,2272,2345
socoloco, NM,2142,2299
sodastream007, CM,2666,2666
sodikus, IM,2176,2366
sofaceindisguise, FM,2757,2957
sofia_blokhin, WFM,2341,2336
sofialunamon, WCM,2029,2029
sofie1010, WCM,1832,1943
sofiia_hryzlova, WIM,2496,2533
sofirop, WCM,1892,1929
sofrevskal, WFM,1626,1787
soilsurf, FM,2112,2210
sokidze, GM,3019,3057
sokoloco, GM,2799,2856
sokolov_a_m, FM,2409,2364
solar_ao, WCM,2354,2434
soldierofgod1, FM,2617,2632
soldierontheboard2134, FM,2478,2553
soledadense88, NM,2511,2521
solidj, CM,2102,2121
solingen2020, GM,2563,2573
soloadelante, GM,2995,3026
soloctavian, FM,2674,2782
soloderisas, FM,2685,2788
solofon, FM,2646,2668
solovaleaganar, FM,2651,2651
solozhenkina_e, WGM,2409,2491
soltan49, CM,2511,2643
soltanicir, IM,2687,2772
soluckythough, IM,2691,2736
solumon, WCM,1800,1451
solver75, IM,2326,2340
solverzs, CM,2002,2066
som2310, GM,2929,2967
somalianwarrior2006, IM,2808,2954
sombrini, IM,2304,2616
someone41210, CM,2007,2225
somethingawesome7, WFM,1924,2181
sommerpower, IM,2441,2523
somtor, IM,2528,2530
son-of-caissa, FM,2711,2795
son_of_sultan, GM,2592,2764
sona_999, WIM,2243,2357
sonaliruttu, WFM,2183,2194
sondremelaa, FM,2623,2753
sonenanguyen, WFM,1983,2090
soniahris, WFM,2314,2359
sonicdravise, FM,2648,2693
sonnnenblume, WIM,2031,2128
sonnyzc, WIM,2028,2153
sonofholygod, FM,2611,2776
sonson28291, FM,2287,2342
soolking67, IM,2544,2723
sophienikoladze, WIM,2185,2315
sophist4life, NM,2461,2622
sopiko91, IM,2520,2664
sopo-tereladze, WIM,2391,2554
sorch29, NM,2356,2596
sordis, NM,2510,2658
sorito, FM,2522,2527
sorryiris, FM,2247,2286
sosat98, GM,2826,2888
sotangbastos, NM,2405,2419
sotochess, FM,2447,2702
sotskyalexander, IM,2343,2363
souhardo, IM,2680,2744
soul_mortall, CM,2579,2603
soumeow, IM,2374,2435
soumeowstreaming, IM,2181,2276
soundsfishy, NM,2263,2473
soupeochoux, IM,2549,2635
sourisblanche, GM,2400,2000
sous007, FM,2569,2647
soylatte17, WFM,1696,2052
soyuztm4, FM,2388,2419
spacegirl987, WCM,2145,2168
spalir, IM,2490,2861
spaminacan, NM,2141,2237
spanishchesscoach, IM,2818,2903
sparklechess, WIM,1677,1899
sparkleflame, WCM,2336,2356
sparkychesstiger, NM,2232,2272
spartacusdm, FM,2667,2685
spartakus1975, GM,2724,2794
spartancarl81, NM,2272,2363
spartantiger2025, NM,2411,2427
spaski2004, FM,2901,3012
spaskozhuharov, IM,2656,2719
spasskl, GM,2764,2891
spectralsoul, IM,2862,2915
spectre93, IM,2611,2623
speed-o-sonic, CM,2578,2738
speed4fun, IM,2914,2914
speedaddict, NM,1359,1664
speeddemon001, FM,2584,2696
speedoflight0, GM,2977,3188
speedofsound7, WFM,2185,2280
speedskater, GM,2962,3060
spela91, WFM,2048,2275
spellingchecker, CM,2167,2193
spencenzug, NM,2472,2472
speshka, WGM,2758,2821
spicy_spassky, CM,2345,2382
spicycaterpillar, GM,3161,3161
spicychurros, CM,2568,2645
spicyprime, FM,2620,2652
spicyyychicken, IM,2587,2617
spiderkraken, FM,2692,2715
spinaltap, IM,2743,2765
spirals5, NM,2368,2516
spiritof_stlouis, NM,2299,2593
spiritofwonder, GM,3019,3019
spiritpresent, GM,2813,2849
spitsyn-aleksei, FM,2531,2712
spizella, FM,2265,2397
spjacobi, FM,934,1961
splane, NM,1800,1829
splendidkid, IM,2896,2955
splittbrain, IM,2186,2243
spo98, IM,2571,2650
spocksy, CM,2319,2509
spok_tudor, CM,2700,2700
spongebob_03, WCM,2467,2366
sportbilly13, FM,2354,2552
sportskidirektor, FM,2330,2615
spotbet, FM,2426,2553
sprinc1, FM,2389,2504
spring199, WIM,2340,2417
springare, NM,1596,2250
springer_fighter2, FM,2581,2650
springring, WFM,2274,2328
spriteball, FM,2542,2547
spytihneva, WFM,1940,2189
squash_1, CM,1847,2008
squeakingsquirrel, WCM,2278,2322
squiresque, NM,1183,1200
squirlolz, IM,2671,2712
squishey, CM,2308,2347
squishyminions, WCM,1807,1925
srawberryfields, NM,2453,2516
srchesschilango, CM,2348,2425
srdr8290, NM,2555,2651
sri5996, WIM,2326,2429
srijitpaul, IM,2620,2697
srinavasan, GM,3133,3197
sriprae, WFM,1508,1668
srisshhhtea, WIM,2487,2562
srqt2023, WFM,1453,1453
ss003, GM,2475,2563
ssgm49, WCM,2149,2156
sslayne, CM,2376,2376
ssrija97, WGM,2311,2322
ssunu, WFM,2113,2209
st-sandavagur, IM,2822,2856
st0ck_f1sh_1, CM,2554,2584
stacey2020, WGM,1731,1731
stackstorm, CM,2470,2527
stalri, IM,2540,2674
stalyansky, CM,2371,2491
stamatolog13, IM,2635,2694
stameny, IM,2534,2572
stamma1, NM,2003,2065
stan97, NM,1544,1835
stan_king, NM,2293,2348
stanislavnovikov, GM,2808,2824
stanislavsev, IM,1964,1964
stanyga, GM,2789,2805
stargazer2003, CM,1748,1748
starkynz, CM,2331,2509
starlightfade, NM,2463,2576
starozhil, GM,2615,2644
starsandducks, NM,2700,2700
starworld123, GM,3004,2988
stasblednov, IM,2288,2282
stasiek18, IM,2615,2664
statsmasternz, CM,2406,2419
stavangeref, IM,2402,2486
steegersee, IM,2611,2611
steepedgames, NM,2475,2578
stefanamilutinovic, WFM,2396,2476
stefanoskazantzoglou, CM,2446,2597
stefansachy, IM,2621,2665
steffenp1, IM,2305,2315
stefy02, WFM,2400,2573
stegariuvlad, CM,2803,2826
steinerpro12, CM,2213,2408
steka121, IM,2402,2634
stela28, WFM,1787,1808
stelasfw, WFM,1605,1788
stellarchess, NM,2561,2793
stepanosinovsky, CM,2324,2501
stephan97, CM,2216,2428
stephenajwhatley, CM,2372,2478
stephendedalus83, GM,2927,2927
stephenfan, CM,2622,2704
steven_pennock, NM,1370,1788
steven_rojas, IM,2591,2642
stevis5, NM,2473,2680
stier_master, CM,1839,2200
stiffmaster1, IM,2600,2681
sting2010, CM,2203,2203
stingyman, CM,2000,1900
stockfisher_hbk, IM,2742,2740
stockholmmissile, IM,2770,2798
stockscammer, IM,2501,2576
stolencandy13, NM,2689,2741
stollenmonster, CM,2937,3024
storchnoi, NM,2002,2103
stormeman100100, IM,2539,2610
stormgiant58, CM,1796,2026
stormline, NM,2013,2107
stormpasser, IM,2547,2719
stormstrategist, CM,2636,2638
stormtrooper90, IM,2567,2718
stormyweather4, NM,2809,2865
storne89, GM,2873,2879
stosk, WFM,2373,2425
stouuf, IM,2703,2845
strange3333, CM,2953,3105
stratacticos, CM,2106,2166
strategysensei007, GM,2720,2774
stre_sebt, WFM,2130,2168
stregachess, NM,2135,2191
strelec64, GM,2502,2559
strength1234, GM,3003,3003
strewww, IM,2429,2526
strongestgolden, CM,2374,2586
strongestrookie1, CM,2388,2465
stroppystitcher, WCM,1459,1729
struppi, IM,2611,2642
stuffings101, IM,2321,2451
stukanmartin, IM,2797,3019
stunningarbage, NM,1950,2024
stupeas, CM,2251,2263
stupid11, GM,2214,2423
stuwdrey, GM,2681,2721
su1704, GM,2733,2748
subbi64, CM,2200,2485
subham777, NM,2702,2771
submarino2020, IM,2262,2299
subtlemoves, WCM,1595,1595
succenna, CM,2124,2258
sucof4reve, NM,2088,2127
sudehereklioglu, WFM,2142,2148
sufianchess, IM,2119,2351
sujanalohani, WFM,2351,2460
sukhugloria, WCM,1500,1589
suleiman777, CM,2536,2558
suleimanova_chess, WGM,2047,2258
sulfatoferroso, NM,2122,2124
sultaic, CM,2528,2544
sultanasharminshirin, WIM,2056,2116
sultanofshatranj, IM,2349,2665
summer-storm, WCM,1990,2184
summernika, NM,2717,2649
sumoborka, WIM,2250,2228
sumohawk, GM,2341,2441
sumopork, GM,2912,3009
sun_chan_lee, WCM,2434,2459
sundarkidambi, GM,2424,2424
sundip07, IM,2317,2317
sunedutoit6, WIM,1539,2013
suneebaker, IM,2247,2360
sunerr, NM,2339,2599
sunnika, IM,2262,2422
sunnilee, WCM,2161,2196
sunny_star, WFM,2183,2341
sunrise777, IM,2810,2811
sunrises006, WCM,1314,1500
sunshine050, WCM,1193,1495
sunysha, IM,2525,2593
supe4chess, CM,2406,2422
supelyel, NM,2468,2552
super_emi_26, IM,2873,3025
superawesomesarthak, NM,2345,2417
superblitz, NM,2520,2520
superblysse, GM,2561,2561
superboemer, CM,1705,1995
supercaballo20, IM,2840,2853
superchess02, GM,2866,2989
superetual, GM,2505,2505
superfast64, NM,2523,2552
superfer98, CM,2510,2534
supergiuly, WFM,2344,2391
supergpatzer, NM,2263,2321
supergreentea, IM,2768,2776
superitalo13, CM,2207,2286
superjem123, IM,2790,2911
superjesus88, IM,2618,2757
superkiriks777, IM,2437,2475
supermagnum, CM,2111,2252
supermanaa, CM,2523,2544
supermoli2300, CM,2410,2685
supermousebr, NM,2257,2367
supernotar, IM,2769,2901
superperrazo, IM,2572,2579
superpower2700, WCM,2100,2314
superstructure, IM,2580,2580
supertfc, IM,2330,2469
supervolvo, IM,2069,2069
superyoa, WIM,2111,2149
supremeshadowdragon, IM,2740,2753
supremetactician, NM,2433,2559
supzuroke, CM,1899,2334
suraj240704, NM,2548,2644
surefinewhatever, WFM,2391,2483
surgele23, WCM,1831,1348
suri2021, IM,2382,2403
surprisewithsacrifice, CM,2350,2421
suryaganguly, GM,2908,3019
susal_de_silva, IM,2753,2880
susan64, WFM,1998,2136
susik_gaboyan, WIM,2286,2495
suundalaisumberuul, CM,2446,2705
suz-arte, NM,2311,2453
svandik49, IM,2651,2678
sveger1312, WFM,1932,1932
sven_tica, IM,2755,2795
svepr, WCM,1671,1981
svet99, WIM,2484,2484
svet_1502, CM,2200,2300
sveta10, WIM,2415,2504
svetlayordanova, WIM,2219,2352
svetlin_mladenov, IM,2332,2534
svijayalakshmi, IM,2427,2664
sviridov_valery, NM,2933,3042
svmind, NM,2321,2364
swaggy_medina, WCM,1641,1760
swamichaturanga, NM,2082,2129
swapchess90, GM,2695,2877
swapchesspathshala, GM,1265,1265
swarnapuri, IM,2842,2855
swati4chess, WGM,2365,2414
swayamsm, GM,2672,2714
swedishwarrior011, CM,2300,2438
sweety2888, WCM,1987,1998
swenga, WFM,2173,2433
swiftymcbishop, NM,2305,2321
swimmerchess, IM,2792,2983
swiss_fighter, IM,2931,3002
swisspower96, GM,2599,2774
switlave, IM,2339,2617
swordbilledhummingbird, NM,2646,2663
swordsman_17, IM,2814,2872
sychev_klementy, GM,2994,3065
sychev_on_youtube, GM,2887,3035
sydi, CM,2158,2254
sydneycarton97, CM,2306,2416
sylvanaswindrunner, WGM,2676,2676
synctel, NM,2048,2166
syntactic_sugar, NM,2226,2260
syrbatman, IM,2798,2926
szachulec75, CM,2253,2301
szachuspl, NM,2598,2710
szazados1, CM,2239,2382
szcz0015, IM,2270,2426
szefru, WFM,2416,2471
szfinx11, GM,2618,2657
szparu, IM,2876,3009
sztgabor, CM,2307,2307
t-jam, IM,2326,2454
taabling, IM,2283,2537
tabarex, CM,2229,2257
tachyonic77, IM,2527,2528
tactic, NM,2771,2930
tactical-attack, NM,1953,2065
tacticaljesus, NM,2700,2700
tacticalsam94, CM,2485,2501
tacticalspeedman, CM,2571,2661
tacticotacotacoh, IM,2290,2302
tacticthunder, IM,2959,2971
tacticusbd, GM,2527,2573
tactwiz, NM,2153,2231
tadeaskriebel, IM,2679,2859
tadejsakelsek, IM,2394,2455
tae_gyeong_kim, WCM,1606,1658
taekwondoking, GM,2814,2886
tagir45, IM,2566,2805
taglit, CM,2250,2405
tagmatarxis, GM,2841,3008
taichungchess, NM,2168,2378
taildeitali, CM,2467,2500
tairurovira, WIM,1896,1987
takate20, NM,2715,2761
taktikmonster, IM,2635,2638
tal-baron, GM,3002,3002
talaicito, NM,2358,2403
talcapa, NM,2179,2210
talcrifice, NM,2665,2744
taleofyore, IM,2571,2685
taleslascando, NM,2051,2252
talibovv06, IM,2919,3009
talisayin, NM,2043,2105
talitofelix, CM,2485,2525
tall-guy, NM,2217,2217
tallman53, CM,2471,2557
talsian, CM,2288,2380
talstactician, NM,2410,2432
talyamania, CM,2518,2529
tamarozi99, NM,2126,2185
tamiat, WCM,1405,1200
tamnguyen2, NM,2264,2327
tan275, WIM,2255,2318
tander95, CM,2418,2470
tandercat, NM,1949,2106
tangytacos, NM,1694,1925
tania_s, IM,2556,2567
taniayt, IM,2289,2521
tanima007, WFM,2009,2081
tank209209, NM,2000,2233
tantaan, WFM,2477,2513
tanzja, WGM,2296,2507
tapson67, WFM,2469,2626
tapu2, IM,2736,2904
tapuah, GM,2988,3015
taqesyahmarcos, WCM,1509,1306
taran2004, CM,2457,2607
targeta, IM,2633,2734
tarhercule, GM,2660,2703
tarlev_konstantin, GM,2890,2890
tarno17, WCM,2169,2294
tartody, GM,2710,2791
tash_boy, GM,2808,2835
tashik, GM,2530,2616
tasicv, CM,2395,2521
tastyfrenchfries, CM,2542,2565
tatjanavasilevich, IM,2719,2721
tatm247, IM,2553,2553
tatosarane, IM,2467,2467
taufikhalay, IM,2190,2326
tav_2009, NM,2454,2459
tavi001, CM,1560,1839
taxidermist, GM,2519,2763
taykagm, GM,2565,2622
taylornunc4pierd0, CM,2306,2406
taylorprime, CM,2328,2328
tbalabayev, IM,2453,2487
tbergh98, NM,2365,2509
tc2304, NM,2555,2613
tcincinato, WFM,2307,2313
tdaly123, NM,2386,2391
tdf98pantani, GM,2783,2811
tea99, WIM,2569,2627
teacher4chess, WFM,2157,2148
teamcanadalive, NM,1835,1835
teamglud, GM,2537,2640
teamsmolo, CM,2200,2184
tedbelanoff, NM,2282,2436
teemu_v, NM,2048,2076
teidi96, NM,2314,2484
teillery95, CM,2225,2328
teju0607, WIM,2355,2363
tekushka, IM,2451,2546
telarubo96, NM,2400,2560
televisionishere, WFM,2330,2385
telez66, WCM,1469,1712
tematicon, NM,2311,2434
tembo79, IM,2675,2603
temiksmozg, GM,2703,2756
templovillamarin, CM,2351,2366
tenamu, WGM,2326,2512
tenazbestia, WGM,2567,2569
tenchess28, CM,2515,2615
tenismaster, GM,3021,3021
tennessee07, NM,2526,2629
tenorespinto, IM,2526,2565
tenzingshaw, NM,2201,2258
teoeo, NM,2338,2416
teran05, CM,2452,2444
teratera13, CM,2151,2158
terbezs, WIM,2601,2601
terencefletcher1234, IM,2800,2626
teresin05, WIM,2507,2546
terex11, CM,2549,2549
terezana, NM,2520,2566
terezarodshtein, WGM,2184,2201
terios, NM,1769,2178
terminator-men, IM,2403,2403
terminator5901, CM,2489,2502
terminator_pc, IM,2778,2778
terorptica, GM,2739,2977
terrapin33, NM,2172,2345
tesla17, NM,2630,2702
tesla37, GM,2943,3062
tetris4jeff, GM,2528,2528
tetrix83, GM,2667,2729
tetyana08, NM,2375,2440
texie1, NM,2449,2600
tf24, WFM,1442,1663
tfang94, NM,2415,2552
tgpgoat, CM,2627,2714
tgrade, GM,2335,2335
th3d4rkness, NM,2159,2318
tha_poker_face, NM,2295,2297
tha_shadow_of_lupin, NM,2433,2442
thaboelias8, CM,1990,2158
thakanieloutis, NM,2498,2651
thalaiva, GM,2471,2646
thalesbond92, NM,2248,2298
thamizhan, GM,2629,2750
thandaaw, WFM,1999,2109
thanhnghia, CM,2513,2517
thatsallshewrote, GM,2834,2998
thaugremista, WFM,2047,2393
thaur, CM,2090,2248
thaytoancovua, CM,2012,2319
the, NM,2750,2892
the-do0on, CM,2018,2147
the-holographic-universe, CM,2187,2198
the-magician-of-usa, WCM,1960,2080
the-marauders-map, CM,2625,2655
the-new-reality, GM,2802,2810
the-patron, IM,1484,1484
the-rock-man, IM,2900,2935
the1catalan, CM,2251,2289
the__arrow, IM,2233,2272
the_berserk_musketeer, IM,2836,2841
the_bestplayer, IM,2716,3077
the_blue_pill, IM,2363,2517
the_chess_child, IM,2885,2971
the_chess_coach, NM,2462,2496
the_drake, NM,2489,2489
the_filthy, NM,2210,2486
the_gavriely_variation, CM,2294,2332
the_glorious_chesscular, CM,2600,2600
the_great_kratos, CM,2549,2604
the_impost0r, GM,3074,3102
the_jagermeister, IM,2604,2669
the_legendarysniper, CM,2421,2446
the_machine04, IM,2853,2948
the_namelessss, WFM,2060,2200
the_princess_moon, WFM,2367,2451
the_real_jerome_genzling, NM,2327,2417
the_sneaky_weasel, CM,2435,2565
the_traitor, IM,2452,2484
the_unbeatable_one, IM,2645,2738
thealphalion86, WCM,2553,2559
thean0maly, NM,2300,2339
theanoint, WCM,1578,1822
theater64, WIM,1923,2126
thebeaglez, IM,2785,2843
thebear214, CM,2474,2500
thebeast2900, CM,2303,2457
thebeautifulmind1, WCM,1655,1744
thebigboss04, GM,2897,2921
thebigsqueeze, NM,2288,2417
thebilb, IM,2664,2705
theblindman1980, NM,2184,2299
thebraincrusher, CM,2671,2796
thebutcher, IM,2805,2808
thecastlehunter, CM,2479,2514
thecatdoglady, WFM,2223,2263
thecavemanchess, IM,2741,2864
thechampion_18, CM,2741,2774
thechesschannel, NM,2560,2663
thechessjackle, IM,2148,2206
thechesskitchentwitch, IM,2409,2473
thechessnoob12345, CM,2573,2657
thecount, GM,2717,2830
thecourseoisildur, CM,2724,2805
thedragonking101, NM,2343,2400
thedragonslayer1, NM,2163,2292
thefakescotch, NM,2093,2231
thefasterpanda, WCM,1862,1898
thefirstchess, WFM,2469,2475
thefr0zensun, IM,2165,2351
thegadfly1897, GM,2776,2935
thegandhiofchess, IM,2663,2685
thegreat_hannibal, IM,2854,2695
thegreatauk, CM,2198,2263
thegreendog, NM,2445,2609
thegreyhound, NM,2181,2318
thegrobmaniac, CM,2247,2247
thehappyfarmer, WGM,2536,2546
thehumble_1, NM,2234,2331
theindianattacker, NM,2394,2394
thej11, GM,2505,2606
thejeremyellison, CM,2020,2022
thekingoftheforest, NM,2399,2474
thekingwolf_1, NM,2483,2545
theknightbefore, NM,2647,2727
thelegend759, IM,2646,2721
thellamalord, NM,2427,2544
thelondon_don, CM,1948,2016
thelonepika, NM,2425,2533
thelouisvuittondon45, NM,2343,2429
theloyalwolf, IM,2960,2982
thelyingdutchmen, CM,1897,2035
themachine123lamaqui, CM,2211,2550
themagicmaik, NM,2517,2590
themandaiorian, IM,2960,3110
themarauders, WFM,1897,2124
themightybishops, CM,1955,2201
thenextlevelfan, IM,2616,2751
thenightmare_2903, CM,2179,2280
thenile, CM,2209,2209
thenomnomfactor, IM,2700,2700
theoldreb, NM,1897,2151
theoneandonly18, NM,2025,2115
theoneandonlyhedgie, NM,2237,2335
theonetrapman, CM,2837,2845
theonetrueim, IM,2362,2384
theopera, NM,2603,2680
theoslade, NM,2504,2603
thepeacefulpanda, NM,2683,2764
thepeasant98, CM,2161,2230
theperplexed, NM,2238,2238
theprofessor13, IM,2958,3004
theproguy88, CM,2362,2405
theprosecution1, IM,2850,2850
therealgmochey, IM,2890,2942
theredking89, GM,2814,2992
therigos, IM,2575,2708
therobot72, GM,2636,2614
thesacredhorse, CM,2450,2457
theshakyrock, GM,2872,2919
theshreggisback, CM,2301,2305
thesilmarils, GM,2840,3032
theslowhandspecial, CM,2250,2356
thesoundoftheocean, WFM,1777,2041
thespiderlion, NM,2513,2549
thestoicstoic, CM,2287,2487
thesupera12, NM,2591,2600
thetruth, NM,2571,2571
theultimatehunter, NM,2522,2514
thevish, GM,2620,2620
thewiscoindian, NM,2305,2423
thewolfspur, IM,2335,2444
they_not_like_me-kl, NM,2544,2631
theytookourjobs, NM,2301,2367
thezendo, CM,2315,2315
thingone11, NM,2306,2425
thinkingsquares, GM,2902,2902
thipsay, GM,2567,2610
thisjuan, CM,2194,2329
thistooshallenpassant, IM,2849,2835
thisunaa, CM,2082,2242
thjop, IM,2675,2840
thmester, CM,2095,2129
thomas_fiebig, IM,2517,2702
thomas_rr, GM,2591,2610
thomaslegend, CM,2280,2314
thomine, WFM,1605,2034
thork, CM,2505,2512
thormento16, NM,2307,2651
thornbird2020, WCM,1879,1893
thox_xo, WCM,2208,2251
threemind, CM,2291,2433
thucanh, CM,2064,2312
thundareon, GM,2909,2918
thunderbolt135, GM,2833,2894
thunderbolt1909, GM,2445,2451
thunderbolt_02, IM,2699,2737
thymathgeek, NM,1847,2109
tiagomangialardo, NM,2118,2272
tianachess, WGM,1961,2260
tianzel, CM,2352,2368
tibmat, IM,2707,2732
tiborio, CM,2026,2216
tiburon2020, IM,2472,2604
ticbye, NM,2411,2491
ticobello, WGM,2334,2432
ticokiller, IM,2106,2231
tictacfm, IM,2604,2701
tidyclam, WCM,2554,2554
tiger415, NM,2447,2645
tigergenov, GM,2025,2341
tigerlilov, IM,2705,2726
tigertiggy, NM,2393,2479
tigertom4444, NM,2600,2647
tiggermeister, NM,1751,1992
tightpok, GM,1728,1856
tigra, GM,2749,2916
tigrangharamian, GM,2878,2905
tigre2020, IM,2561,2583
tigre95, NM,2288,2368
tigrito_1, CM,2619,2525
tigrvshlyape, GM,2868,3041
tigurones, IM,2428,2656
tihanaivekovic223, WFM,2528,2529
tijanamandura, WGM,2626,2652
tikhon_popov, CM,2785,2875
tikoberidzee, WCM,1844,2089
tiktakov, CM,2577,2713
tilahun-abel-mathewos, CM,2050,2086
tilted, NM,2328,2351
tiltedrizzler_5, NM,2365,2436
tiltfishnr1, IM,2500,2535
timaina, IM,2800,2925
time2pretend, IM,2635,2789
time2win777, NM,1370,1875
timedothwasteme, NM,2619,2619
timespacecraft, IM,2514,2655
timetopush, IM,2432,2572
timgrutter03, IM,2784,2857
timk131, NM,2000,1377
timofeevar, GM,2885,2938
timothy-xie, NM,2619,2629
timsel999, GM,3056,3080
timurdushatov, CM,2426,2460
timurgareyev, GM,2773,2937
tinkytoodles, CM,2365,2389
tintreach, NM,2538,2597
tiocridineno, NM,2405,2461
tioloko, IM,2697,2716
tipibeka, WFM,1916,2158
tiradini007, CM,2254,2303
tiramatto, NM,2428,2555
tiranorc_mosulac, IM,2715,2724
tiranosauriorexxxx, CM,2316,2310
tirantes, GM,2460,2525
tiredofdancing, GM,2887,3088
titan013, GM,2766,2996
titanvibe07, IM,2740,2741
titarovvasiliyoutube, CM,2544,2655
titomagno_64, NM,2078,2345
titus369, NM,2664,2684
tizpa96, CM,2537,2609
tjallkompall, GM,2903,2903
tjtabernilla_imus_12, NM,2329,2295
tjychess, GM,2995,3063
tk161, GM,2895,2913
tk_z, NM,2511,2520
tkchess_2008, CM,2240,2364
tmnunn, NM,2470,2470
tmr88, WIM,2242,2357
tmtw, NM,2263,2307
tnknightmoves, IM,2312,2361
tntanggg, CM,2522,2597
toad, NM,2354,2354
tobias_koelle, IM,3101,3090
tobikxz, CM,2222,2092
tocantins_to, NM,1967,2188
tocras, GM,2902,2902
today_good_day, WFM,2125,2240
toddbryant, NM,2359,2505
toddrumph, NM,1881,2010
todimensionelle, WFM,2161,2205
todoesmente, CM,2100,1712
todoverso2020, NM,1915,1939
togahcuwemmig, NM,2414,2515
toivok3, IM,2892,2950
tokapo77, NM,2359,2359
tokyovice, GM,2571,2731
tolia123, WFM,2425,2446
toligor, IM,2653,2638
tolya2, IM,2497,2553
tolyanius, CM,2661,2784
tomas252, IM,2500,2468
tomaspolak74, GM,2586,2604
tomassachy789cz, CM,2298,2353
tomesao, CM,2567,2645
tomescuv, IM,2477,2581
tomilen, WGM,2445,2652
tomkdaskrtz, CM,2837,2840
tomliu777, IM,2512,2610
tommygear1, CM,2012,2051
tommyshelby93, IM,2767,2789
tomnia7807, WCM,2259,2299
tomobeast, CM,2217,2338
tomoe_nage, NM,2479,2513
tomohawk52, IM,2062,2062
tompalov, IM,2328,2422
tompolgar, NM,2346,2373
tomsk1, IM,1984,2238
tomskantans, GM,2785,2812
tomytoteph, IM,2669,2663
toninhojit, NM,2587,2611
tonton, IM,2152,2152
tony15051987, IM,2587,2743
tonycapuozzo, CM,1910,1912
tonychess32, NM,2510,2663
tonydavis123, CM,1800,1689
tonynichols, NM,2236,2242
tonyq11, NM,2177,2506
toog, IM,2614,2713
toogoodatspellchess, CM,2311,2472
toomanychessdlc, CM,2303,2415
toooldtooslow70, IM,2652,2711
topalovkramnik, IM,2588,2599
topblitz, IM,2827,2827
topce, CM,2511,2534
topgeahr, IM,2885,2943
topotun, GM,2902,2923
toraigaa, IM,2255,2286
torbae, IM,2429,2527
torfredrikkaasen, IM,2901,2973
tormikull06, CM,2259,2281
tormoz, GM,2868,2957
tornadotamasko, IM,2689,2849
tornikesanikidze, GM,2766,2768
toro1234, IM,2847,2855
torosyan_chess, CM,2672,2781
torquayunited99, IM,2344,2344
torsten64, CM,2135,2246
tortorchess, WCM,2264,2343
toshali, WFM,2271,2386
tosherrr, NM,2485,2505
tot-pro, CM,2360,2463
totallynotanalt, NM,2219,2219
totoro9, WGM,2519,2573
totsukablade, CM,2451,2451
touching3200, IM,2504,2504
tovchess, NM,2083,2152
tovmasianvardges, IM,2676,2859
toxic_haste21, WFM,1644,1732
tplovetiramisu, NM,2724,2823
tpros, NM,2628,2738
tptagain, GM,3047,3125
tractormoo, NM,2238,2374
trade_union, IM,2040,2406
trader19, NM,2353,2353
tradjabov, GM,3154,3154
trahtarbelarus, IM,3013,3019
train_your_dragon, NM,2594,2673
trainer1957, CM,1869,2116
trainerdejan, IM,2900,2906
training_camp2024, CM,2200,2066
trajkonedev, GM,2567,2622
traktor666, IM,2648,2769
tralipton, CM,2174,2384
tramontanaaa, WIM,2309,2546
trananpe, CM,1777,1896
tranjminh, GM,2864,2991
trankuilizer, GM,2611,2784
transagenda, NM,2413,2372
transponster, GM,2990,2990
tranthanhtu, CM,2390,2588
trapper4, NM,2136,2285
travelingwchess, CM,2101,2177
traviscottofficial, NM,2762,2911
traxx, IM,2693,2693
treadstone_71, NM,2303,2397
treasurechess777, NM,2500,2570
treebeard54, IM,2800,2883
tregubovp, GM,2630,2718
treinadorbr, NM,2429,2499
trendle, IM,2679,2789
trenerchos, IM,2572,2625
treopolsa, WIM,2078,1214
trevorxp, CM,1855,2241
tribaldancer, GM,2999,2999
trickov, IM,2446,2446
tricksonly, IM,2497,2616
trickster_fam, CM,1914,2006
trickyninjaqueen, WFM,2099,2282
trickytrapchess, NM,2359,2472
trig_king, GM,3023,3023
triggerpawn, NM,2032,2204
tristancalistri, IM,2270,2359
tritonus01, IM,2276,2399
trituekinhbac, WCM,2323,2344
trojansac, IM,2831,2858
trollpig, CM,2520,2527
trollthunder, IM,2428,2471
troloboy1234, CM,2274,2322
trompoloco2024, IM,2575,2580
troublemaker-09, WCM,2039,2069
trovita84, WFM,2266,2445
trriinu, WFM,2223,2302
truecagnusmarlsen, CM,2184,2321
truetellerfromkz, IM,2743,2743
trulyhumbledundergod, NM,2709,2757
trustnofuture, IM,2786,2786
tsaruk_maks, IM,2879,3012
tslapana, WIM,2324,2438
tsschessulover, IM,2805,2805
tsubasa, IM,2462,2556
tsvet2005, IM,2859,2946
tsveta_galunova, WIM,2024,2338
tswaggerlolzz, WCM,1554,1645
tsyhanchuk_stanislav, IM,2556,2668
tuatara, CM,2258,2345
tudis_road_to_3k, CM,2566,2642
tuditz_uu, CM,2470,2518
tudoranton, IM,2477,2637
tufferguy, NM,2555,2691
tugrik1969, IM,2411,2639
tuksz, GM,2896,2961
tulachess999, GM,2396,2068
tulinius_jensen, CM,2513,2508
tulipaz, NM,2502,2538
tulipnoir, NM,2402,2497
tunadrol, IM,2612,2643
tunartank, CM,2823,2901
tungchessvn, IM,2346,2420
tungnguyenlam, CM,2184,2363
tungsteno_2025, NM,2429,2429
tunisianking, IM,2187,2411
tuongminhcute, WFM,2256,2453
turayev_shahruh17, NM,2900,2900
turbopicklec24, CM,1975,2075
turbosteen, CM,2030,2200
turbulency, CM,2702,2712
turfsteker777, IM,2930,2945
turkage, NM,2528,2528
turkchess1905, GM,2915,2948
turquoise_2701, CM,2374,2378
turtlein, NM,2224,2224
turtlepawn20, WFM,2126,2126
tuschesscm1, IM,2771,2843
tutanero97, CM,2487,2548
tutifrutty, WFM,2246,2350
tuttocalabria, IM,2431,2464
tuursome, IM,2035,2401
tuzibaba, IM,2507,2612
tvjosue, IM,2677,2756
twangbio, CM,2422,2536
twannibal, GM,2742,2820
twiceblessed, IM,2673,2721
twickenham2014, NM,2442,2576
twitch_elhamblitz05, GM,3044,3105
twixirookendings, CM,2489,2535
two_towers_krakow, IM,2585,2602
twojupiters, GM,2966,2980
twx4, CM,2179,2262
txprogger, NM,2045,2339
ty_twadd, NM,1787,1972
tygra8, CM,2313,2375
tylityli, WFM,2361,2442
tynano, WIM,2080,2314
typethreewaffles, NM,2368,2554
typicality, NM,2197,2240
tzerminator, IM,2549,2572
u-art, IM,2652,2656
u2165149677570, NM,2397,2585
u217-16-8, IM,2738,2817
u2ro, CM,2104,2245
u335394862, CM,2537,2562
u690025571, IM,2684,2684
u827883, NM,1833,2333
uandersson2000, GM,2458,2561
ub_thequeen, WFM,2154,2280
ubertyce, CM,1875,2039
ucanthandledenker, IM,2575,2741
ucitelot, GM,2529,2683
uclachess, NM,2461,2461
ucv86, IM,2420,2497
udarudar, IM,2259,2482
udithj22, CM,2423,2430
udysseus1, GM,2694,2785
uf_10, WIM,2516,2566
uggm_manuel, CM,2347,2365
ukchessbomber, IM,2750,2816
ukr_master, NM,2642,2650
ulia_escha, WFM,2585,2586
ulises2013, IM,2936,3030
uliseshb, NM,2397,2403
ulkaf961, WGM,2464,2532
ultimateboys, IM,2869,2895
ultimatedegree, IM,2509,2560
ultralordspongebob, GM,2835,2905
ultramodernist, NM,2312,2394
ulvi95, GM,2773,3045
ulysees, IM,2625,2635
umarovsabir, IM,2441,2441
ummanmanda, NM,2219,2531
umngqusho, IM,2502,2608
umutataakbas, IM,2900,2906
umutbekiragaoglu, NM,2495,2623
umuterdemgunduz, IM,2649,2787
un3xp3ct3dlyun3xp3ct3d, IM,2767,2795
un_tal_mihail, CM,2354,2491
unbreakable7, WFM,2062,2184
unbreakablepawn35, CM,2521,2521
undefeater_anu, CM,1860,2050
undercoveropeningexpert, IM,2500,2500
underdog83, NM,2606,2606
underdogchss, GM,2526,2629
undertaker2001, IM,2769,2814
undisputed29, CM,1884,1885
undisputed92, GM,2631,2750
undomiel13, WFM,1445,1445
unfazed7777, IM,2695,2702
unikman, CM,2468,2533
univio, CM,2530,2551
unkiyto, IM,2893,2910
unknow2011, IM,2639,2657
unknown1soldier, GM,3035,3134
unknownmagician, CM,2512,2742
unpolarizing, NM,2032,2356
unseeinghammer, GM,2244,2436
unstoppable_dragon, CM,2214,2406
untouchablez, GM,2108,2161
untouchablsky, IM,2560,2587
untucopalatimba, WFM,2119,2271
uommibatto, NM,2088,2273
ural58, IM,2555,2638
ural_bogatyr, IM,2564,2657
urano56, NM,2508,2547
urhopeless, IM,2531,2550
urutodo, NM,2507,2507
usbista, CM,2386,2414
uselessduffer, IM,2513,2545
user1908523, WCM,1928,2014
username1974, IM,3001,3001
usnm_joseaquinojr, NM,2496,2501
usualsuspectt, WCM,2292,2351
uthoang, WFM,2218,2277
uthra18, WFM,1916,2161
utsavp, IM,2416,2494
uurknightmare, GM,2773,2936
uwasejose, WFM,1541,1541
uzbektiger1963, GM,2541,2544
uzkuzk, NM,2449,2658
v4l3_dds06, WCM,1569,1761
vaathi_coming, GM,2962,3018
vaathi_raid, CM,2500,2632
vadim_biliy, IM,2403,2403
vadim_galchenko, NM,2592,2617
vagliosagan, CM,2537,2624
vagoff, CM,2017,2120
vahe_danielyan, IM,2713,2786
vaishali2001, GM,2812,2773
valdenicio, NM,2304,2404
valemava, IM,2256,2517
valentin_baidetskyi, IM,2920,2982
valentindragnev, GM,2879,2913
valentinra, IM,2429,2688
valepaza, WIM,2101,2275
valera_b5, NM,2968,3014
valerieruchinskaya, WCM,2329,2372
valeriygrinev, IM,2649,2745
valeron76, IM,2557,2567
valeron87, IM,2498,2501
valger, GM,2926,2926
valik3504, IM,2710,2760
valorant64, IM,2933,3004
valparaiso37, CM,2494,2590
valy02chess, WFM,2277,2469
vanderbruggen, CM,2179,2381
vanea_03, GM,2869,2895
vanessadesca, WNM,1944,1957
vanessagazola, WCM,2107,2133
vangulio, IM,2538,2616
vaniavindy, WNM,2035,2211
vanimpe, IM,2538,2647
vanina1989, GM,2671,2863
vanvurel, CM,2355,2355
vanych, GM,2716,2730
vaporwaffle94, CM,2400,2481
varacalli, IM,2423,2546
varinius, CM,2551,2569
varshi_chess, WGM,2413,2444
varskelis, GM,2839,2911
vartemiev, GM,2722,2808
varunkrishnanchess, IM,2788,2848
varvara_poliakova, WFM,2631,2650
vasblesk, IM,2819,2851
vasilijevladacki, IM,2653,2739
vasilisfragkos, CM,2581,2592
vasily_im, IM,2654,2664
vasily_papin, GM,2708,2795
vat55, IM,2719,2725
vavrajesh, IM,2646,2646
vazland, CM,2242,2258
vb84, GM,2808,2810
vbbraining, GM,2840,2914
vbezman, IM,2412,2454
vbhat, GM,2563,2609
vcs, IM,2808,2883
vect0rs, NM,2311,2494
ved1703, CM,2800,2784
vedantvarasada, CM,2473,2487
vegan4animals, NM,2468,2607
vegasicilia, GM,2751,2763
vehe, CM,2261,2341
velemajstor767276, IM,2640,2793
velis23, IM,2639,2651
vellottiwizard, IM,2865,2924
venetiasiva, WCM,1900,1502
vennyice, NM,1731,1976
ventdelest, CM,2131,2283
venus02, IM,2424,2595
veralevel, IM,3006,3006
veranebolsina, WGM,2405,2501
veravujovic, WFM,2361,2406
vercinka, WIM,2284,2293
verdenotte, GM,2872,2957
verony64, WGM,2181,2298
verrbaa, WIM,2450,2523
vertex_player, CM,2524,2575
verybadlybald, CM,2528,2573
verymasculineegirl, GM,2827,2959
veryoldmuchslow, GM,2834,3076
vesalhamedinia, WIM,2488,2517
vesapesa, WFM,2225,2278
vesnatesting64, WCM,2702,2702
vesper2018, IM,2654,2760
veueza9808, WCM,1150,1381
vfeliciano, WIM,2046,2172
vgyogi, NM,2163,2183
vhtspeedrun, NM,2519,2519
vi11603, CM,2446,2463
vi_los, WFM,2560,2560
vi_pranav, GM,3246,3265
viaje, IM,2515,2502
vica56, GM,2101,2417
vice64, IM,2661,2698
viciousseal, CM,2251,2303
vicioustitas, GM,2961,2918
vicmary2005, WFM,2219,2283
victor-ryder, CM,2602,2668
victor222244, IM,2516,2563
victor_0liveira, CM,2552,2561
victorfcqnk, CM,2141,2206
victoria_kaslan, WCM,1597,1712
victormago, NM,2492,2558
victoryches1407, CM,2158,2239
victurillu, CM,2161,2228
viczilla, NM,2347,2572
viditchess, GM,3013,3148
vidityt, GM,3026,3024
viennacaver, IM,2477,2511
viestur21, GM,1941,2504
vigg-sama, NM,2310,2375
vignesh2809, WFM,2207,2311
vigorito-ne, IM,2496,2646
vihaandumir596, CM,2352,2394
viki_017, WGM,2257,2384
vikingiv, IM,2530,2551
viktor_matviishen, GM,2801,2998
viktoriani, WIM,2218,2249
viktoriyatarasova, WIM,2349,2506
viktorskliarov, IM,2711,2777
vinavr, NM,2337,2448
vincent_vega95, IM,2834,2916
vincentkeymer, GM,3242,3277
vincentmasuka, GM,2586,2660
vincevincevince09, NM,2713,2737
vinceyoung15, NM,2288,2338
vinimarques, IM,2083,2371
vinniethepooh, GM,2978,3059
vinnkratos, CM,2716,2835
vinodbhagwat1976, CM,2241,2375
vinodchess1981, CM,2324,2429
vinuka_wijerathna, CM,2549,2576
violetflower04, WCM,2417,2454
violord, GM,3142,3150
viper3m, NM,2111,2151
viraldus, IM,2782,2828
virgo15, GM,2731,3001
virre_firre, CM,2607,2617
viruschidai, CM,2235,2287
visa, CM,2405,2460
vishalsareen, IM,1872,2213
vishbutnotanand, CM,2211,2376
vishenka_na_torte, WCM,998,1042
vishnuprasanna, GM,2771,2844
vision_64, WCM,2335,2418
viskop09, WFM,1683,1757
viswa_shaji, WCM,1532,1626
vitachess79, WIM,2309,2393
vitachulivska, WGM,2338,2573
vitaliybernadskiy, GM,2886,3033
vitaliychayka, IM,2402,2730
vitaly_sivuk, GM,2811,2811
vitalyong, GM,2518,2585
vitarasik, GM,2613,2819
vitnik2020, NM,2269,2443
vitorbronson, NM,2568,2609
viviania, GM,2898,3015
viviheinrichs89, WCM,1781,2060
vivjs, WFM,1846,1846
vizafogo, IM,2643,2706
viziruk, GM,2321,2321
vizumatv4hoda, GM,2883,2916
vjbaker, NM,2533,2542
vjecspec, CM,2601,2724
vjkarious, IM,2417,2518
vlad0924, NM,2371,2490
vlad10898, IM,2911,2946
vlad_akselrod, IM,1980,1990
vladasviridova, WFM,2166,2661
vladdobrov, GM,2899,3011
vladgoncharov, NM,2574,2708
vladimir_2020, GM,2758,2786
vladimir_petrov, IM,2313,2490
vladimir_zakhartsov, GM,3015,3105
vladimirbelous, GM,2848,2933
vladimirbugayev, NM,2360,2461
vladimirklasan, IM,2025,2025
vladimirminko, IM,2494,2616
vladimirpotkin, GM,2601,2742
vladimirsmirnov, IM,2557,2773
vladimirssvesnikovs, IM,2440,2396
vladislavkovalev, GM,2841,2975
vladislavtkachev, GM,2039,2079
vladjianu, GM,2575,2757
vladoboch, IM,2545,2623
vladshere, CM,2587,2629
vladyslav_puchka, NM,2414,2518
vlazinq, NM,2610,2720
vmalhotra14, CM,2449,2468
vmd306, NM,2220,2434
vmikhalevski, GM,2763,2827
vnamb, NM,1848,2152
vnebo, IM,2773,2861
vneimer, IM,2382,2567
vodkajunior4, CM,2230,2404
vohiraa, IM,2205,2342
voicelessfeather, NM,2244,2300
vojtastr, IM,2629,2763
vojtechplat, GM,2940,3043
volkanyirik, NM,2504,2526
volodar_murzin, GM,3074,3080
volodja49, GM,2637,2645
volodymyrmolyboha, NM,2617,2678
voltice, CM,2135,2684
voltos67, WFM,630,847
volunteers1998, NM,2181,2336
volvo-ex90, CM,2371,2371
von_eschenbach, IM,2429,2657
vonechess, CM,2326,2357
vorenus_lucius, GM,2529,2531
vovachesss, CM,2875,2950
vovan1991, GM,2393,2608
vovanchik0991, GM,3006,3006
vovkcoach, GM,2802,2883
vozlo, CM,2293,2387
vpantev, IM,2315,2760
vqbt-tpnd, NM,2661,2817
vqquyencft, CM,2480,2513
vrekhson, NM,2363,2363
vrml20, NM,2761,2814
vrolijk, GM,2867,2867
vroni-pfefferoni, WIM,2040,2084
vrush_1310, WFM,2519,2624
vsanduleac, GM,2644,2733
vsaravanan, IM,2319,2470
vse_po_kaify, WFM,2603,2636
vserguei, GM,2780,2886
vtb-81, CM,2097,2216
vtdulmh, WFM,2337,2337
vugar_manafov, IM,2913,2933
vugarrasulov, GM,2995,3073
vuk2000, IM,2853,2968
vulcan_o, WCM,1490,1660
vuqaresedli, GM,2521,2539
vusatiuk_vladimir, IM,2636,2636
vwnv7, WGM,2387,2503
vyacheslav_n, IM,2498,2604
vylagos, CM,2347,2377
vyotov, GM,2565,2712
vzf, IM,2196,2439
vzmz, GM,2558,2732
w-buffalo, CM,2660,2664
w1lly_wonka, CM,2371,2454
w_amadeus, IM,2941,2964
wa172039, WFM,2040,2040
wabuti, WFM,1327,1606
wadsy27, IM,2697,2817
wagnerbi, CM,2198,2245
waldochess, NM,2070,2289
walijah27, WCM,1988,2064
walkingcreep, IM,2619,2747
walkinghobbit, NM,2127,2283
walkovermate, NM,2306,2437
wallowss, WFM,2506,2513
wanderingknightly, GM,2940,2944
wanderingpuppet, NM,2575,2666
wanderlust40, IM,2140,2354
wang2007, NM,2370,2405
wang5ter, NM,2371,2550
wangd, NM,2586,2579
wanmirrion, NM,2289,2435
wannabe2700, IM,2627,2806
wannabeblondie, WFM,2004,2004
want2lose, GM,2957,3034
wanvis, NM,2442,2584
waqas_ahmad, NM,1556,1730
warchess21, IM,2093,2262
warlordx, IM,2573,2715
warotkananub, CM,2608,2639
wasawarrior1, GM,2218,2226
washmachine, IM,2699,2801
waspofborneo, CM,2245,2371
wastefuljustice, IM,2444,2488
waterfall055, CM,2690,2703
waterisgood1, IM,2677,2750
watermelonattackk, CM,2492,2700
watermelonclash, IM,2791,2912
wave333, WFM,2107,2107
waybackboy, IM,2621,2723
waytoogeeked, NM,2506,2556
wcachess, IM,2334,2461
wcm-mexicana, WCM,2358,2459
wcmariel, WCM,1265,1485
wcmdominictoretto, WCM,1412,2074
wcmelw1, WCM,2102,2134
wcmsayunigihansa, WCM,1909,1963
wea_pawn, IM,2357,2433
weakandslowchess, CM,2187,2257
weareinluck, IM,2719,2719
weasy6, WFM,2177,2375
weebwithme, CM,2507,2549
weezhun93, CM,2357,2451
weinzy, IM,2230,2293
weirdaje, WFM,1816,1816
welwitchia5, CM,1937,2067
wendytheting, WFM,2084,2192
wenever28, NM,2134,2229
weng_pogi, GM,2205,2372
wenoname, IM,2236,2351
weqo, NM,2497,2534
werkagabi, CM,2149,2188
werta08, WCM,1800,1680
wesalmoshtael, CM,2352,2632
weshallallbehealed, NM,2430,2547
wfanasta, WFM,2193,2345
wfm_sara_adel, WFM,2211,2242
wfmloritamwango, WFM,1939,2244
wgmanna, WGM,2361,2424
wgmcarlaheredia, WGM,2064,2518
whalepineapple88, NM,2483,2483
whatisbynavshde, WFM,2406,2406
whatodohere, IM,2526,2577
whatsuppppppxdd, IM,2825,2840
whatupy0dog, NM,2505,2599
whimsicaljam, CM,2297,2297
white_bull, NM,2172,2297
whitebishop097642, WIM,1744,1921
whitecapital80, IM,2462,2492
whitechocolate04, CM,2384,2554
whitedemon, IM,2510,2654
whitefalcon_2, WGM,2351,2344
whiteglovethief, IM,2593,2692
whitekiwi, WFM,1882,2025
whiteknight2612, IM,3000,3000
whitelotus1923, GM,2997,3028
whiteoak, WIM,2320,2323
whiteshirt_boi, GM,2762,2932
whiz_x47, CM,2271,2271
whocanitbenowa, IM,2890,3001
whodee11, NM,2417,2697
whogeeyao, NM,2404,2560
whooopsididitagain, GM,2935,3015
wiciu492k, CM,2576,2636
widbifs, IM,3014,3014
widowmaker122, CM,2259,2267
wiily_wonka, CM,2591,2656
wiktoriapol, CM,2441,2448
wild_cat99, WIM,2639,2697
wildbizon, IM,2773,2784
wildcactus, WFM,2249,2249
wildcoyote2, NM,1907,2067
wildjoker2016, CM,2553,2557
wildontwitch, WFM,2412,2524
williamrdavis, NM,1653,2075
williembarreto, CM,1929,2056
willixm, NM,2573,2715
willyam13, IM,2521,2545
willychess95, IM,2609,2837
willzeitnot, NM,2812,2812
wilsonpalencia, IM,2474,2500
wilsonpalencia21, IM,2736,2736
wilsy19, WFM,1985,1992
wimannarudolph, WIM,2536,2536
windblowm, NM,1865,2000
winehouse83, NM,2588,2634
wingston, NM,2073,2161
winguselessking, IM,2769,2890
winividivici, GM,3138,3163
winme1ifucan, IM,2603,2794
winniethepooh04, WFM,2329,2565
winnietpooh, NM,1967,1989
winningboy1234, NM,1874,2135
winningbutnotreally, NM,2565,2582
winortilt, NM,2407,2460
winstonsilvakov, NM,2311,2311
wintervault, CM,2380,2459
winw1n, WGM,820,2323
winw1n14, WCM,1358,1365
wisdomgame, WGM,2422,2463
wiselife66, NM,2292,2308
witaliss, IM,2562,2584
witty_alien, CM,2489,2495
wittyali, CM,1219,2160
wizard456, GM,2909,2945
wizardbar, IM,2620,2653
wizardof64, NM,2603,2720
wk_willianhille, NM,2772,2788
wmirbv, CM,2641,2651
wnstop, IM,2785,2868
woalaa, IM,2755,2851
wohen2, CM,2329,2370
wolfbewwi, IM,2733,2846
wonderchampion, WCM,2336,2454
wonderful_switzerland, CM,2627,2775
wonderfuldino, GM,2906,2923
wonderfultime, GM,3071,3146
wongyc, CM,2226,2247
woodlandmagic, GM,2798,2964
woodpecker108, WCM,2276,2308
woodpusher52, NM,2618,2858
woodyland85, IM,2627,2629
woodywoodpecker007, NM,2300,2434
wookash888, CM,2107,2226
woolworthsmanly, IM,2667,2839
worcesteryork, IM,2461,2622
worldclass80, CM,2229,2229
worldwar66, GM,2720,2791
wormpaca, IM,2730,2730
worriedegg, IM,2949,3066
worse_than_tuka, IM,2802,2806
wotgenie, CM,2608,2707
wraku89, GM,2618,2744
wrongking, GM,2418,2453
wry-lopez, IM,2308,2308
wt97, NM,1987,2094
wudileige, GM,3004,3050
wundersweiner, CM,2520,2559
wuyunfuyue, WCM,2335,2357
wwrightchess, NM,2091,2109
wyano, NM,2389,2413
wyharga, GM,2580,2702
wynnzawhtun82, IM,2706,2754
x-wing, IM,2300,1927
xadrez_logic, NM,2355,2388
xadrezdojo, NM,2706,2806
xadrezparaense, CM,2580,2619
xalfonsod, CM,2413,2568
xalmatovyakubjon, CM,2520,2633
xamax2000, GM,3001,3108
xarthos, CM,2235,2293
xasid81, IM,2648,2753
xavb, IM,2327,2327
xclaraax, WCM,1513,1734
xdb, IM,2467,2467
xdps, GM,2875,2966
xeih, NM,2412,2449
xena1911, IM,2348,2419
xeniya2005, WGM,2495,2539
xforuu, CM,2078,2409
xh4823, CM,2456,2473
xhlc, WFM,2161,2204
xiaokangzhong, CM,2522,2652
xiaopang123, WGM,1678,2509
xiaopuyi, IM,2808,2884
xiaotong2008, GM,3065,3132
xiaottt5164, NM,2647,2801
xiaqiabc1, CM,2108,2501
xibrianxi, NM,2232,2407
xilacorigami, NM,2604,2636
xingzhao, NM,2808,2835
xinrudaoge, NM,2841,2951
xizahk, WCM,2318,2425
xoaixanh, WFM,2280,2387
xozr, WFM,2568,2579
xpeterrly, CM,1657,1771
xrxcks, NM,2184,2399
xsenon054, WFM,2503,2563
xspiderwoman, WNM,2387,2387
xsu11, WGM,2326,2367
xswayzxc, NM,2509,2579
xtfchess, CM,2411,2585
xtremchess, NM,2204,2432
xtrmntr78, IM,2930,2911
xurramid77, IM,3006,3006
xuyinglun, GM,2968,2972
xxpetroffsxx, CM,1720,2251
xxxwobblywombatxxx, GM,3015,3022
xxysoul6, GM,2988,3030
ya_coco_jamboo, CM,2801,2918
yaacovn, IM,2863,3081
yaboimars, CM,2303,2355
yahisalem, CM,1924,2086
yairparkhov, GM,2807,2893
yaleikachung, WFM,1943,1988
yamalchess, GM,2538,2589
yamoca, WCM,1745,1901
yandarus, IM,2356,2577
yandry1996, NM,2407,2466
yangelburd, IM,2550,2622
yanghainan, IM,2465,2552
yanhob, IM,2668,2701
yanidze, NM,2475,2604
yaniet, WGM,2021,2125
yannickpelletier, GM,2560,2667
yarafaqeeh, WCM,1560,1601
yarebore2003, GM,2802,2820
yarigo, IM,2420,2571
yarikov_artem, CM,2436,2489
yaris9, WGM,2414,2534
yaristan92, CM,1979,2089
yarmmierule, WFM,2508,2543
yarosavich, IM,2545,2776
yas1365, CM,2243,2184
yase86, IM,2916,2958
yashami, WCM,741,1548
yashcore, CM,2360,2470
yasminmaximogen, CM,1811,1873
yatororen, GM,2644,2628
yavotchetchemarie, WCM,949,993
yawnpawn, CM,1704,1852
ybaozi, WFM,2464,2464
ybothg, NM,2514,2593
ychess6, WFM,1986,2052
ydinsiirto, NM,2132,2228
yek94, WFM,2059,2104
yellow_orangee, WFM,2138,2233
yellowjacek, IM,2453,2485
yellowmamba303, NM,2409,2537
yennefer1, WGM,2537,2569
yesilikeorangejuice, CM,2561,2615
yevhen_taranenko, NM,2473,2679
yfchess, IM,2507,2527
yifan0227, GM,2735,2827
yileai, WGM,2329,2539
yitongjianghu, CM,2468,2468
yiy1156, NM,2639,2664
yiyliyo, NM,2656,2662
yiyuki, IM,2284,2359
ykam78, IM,2517,2735
ykow, IM,2740,2758
ykow2, IM,2502,2445
ylr5000, IM,2595,2607
yluzzz, WCM,2035,2048
ym-1, GM,2815,2987
ymbi, CM,2256,2453
ymflb8hj43890rfjiwo93i, IM,2803,2838
ymoy, IM,2811,2836
yobdc, GM,2604,2690
yoda1992, NM,2621,2693
yoda2009, NM,2452,2586
yodalearn, IM,2467,2652
yohankrokov, CM,2636,2706
yolec, NM,2155,2335
yolo419, NM,2271,2327
yolosz, CM,2263,2456
yonaltimur, CM,2478,2577
yooeenhoorn, CM,2402,2438
yopino, NM,2409,2412
yoredea, GM,2519,2742
yoriiiis, WCM,2195,2205
yosephtaher, IM,2954,3066
yoshikrov, NM,2053,2171
yosraalaa, WIM,1654,1814
yottabyte97, IM,2599,2599
youforgottodoyourpuzzles, NM,2558,2561
youman2016, GM,2909,2913
youngangus1, IM,2687,2755
youngdinousaur, CM,2371,2485
youngkid, GM,2897,2937
youngmegamind, FM,2622,2743
youngtal123, FM,2705,2705
younix2022, CM,2204,2205
younus64, FM,1528,2101
youpod, CM,2061,2221
your-mentor, CM,2292,2313
your_worst_nightmare_24-7, CM,2292,2334
yoursillykitten, IM,2804,2902
youshallnotpass001, FM,2515,2612
yoyoggii, NM,2438,2521
yoyolol34, CM,2555,2624
ypradafah, FM,2467,2572
yqperez, GM,2826,2991
yrtimd, FM,2727,2845
yscavok, FM,2461,2602
ystp_09, CM,2470,2470
yudai0515, CM,2119,2119
yudinetz, FM,2564,2564
yuhsin0828, WCM,2029,2082
yujiahao, FM,2716,2742
yujiarun18, WCM,2274,2313
yuki_chess123, FM,2351,2495
yuliagok, WFM,2081,2165
yuligmpro, CM,2421,2549
yuliyashvayger1, IM,2280,2314
yumibear, WFM,1891,2644
yunker_alisa, WCM,2435,2438
yurasova_daria, WFM,2401,2616
yurasovmat-2012, FM,2629,2700
yuri202062, GM,2429,2698
yuriydovzik, IM,2244,2297
yuriykrykun, IM,2265,2473
yurovskykh_oleksandr, FM,2700,2779
yurygarifulin, CM,2474,2530
yuryshulman, GM,2337,2524
yushengxia, NM,1928,2157
yushko_olga, WFM,2296,2358
yusup_atabayev, GM,2765,2900
yusupatabayev, IM,2670,2719
yuuki-asuna, NM,2329,2534
yuwono, IM,2652,2719
yy2324, NM,2581,2601
yyaroslavchess2010, NM,2613,2627
yyds123, IM,2680,2743
z_chess6, FM,2252,2262
z_legendisback, CM,2675,2701
zabdumalik, GM,2730,2735
zabivol_mc, IM,2561,2677
zablotsky, GM,2741,2792
zacachess, FM,2521,2569
zachhkl, NM,2502,2588
zackyyd, FM,2836,2906
zaczel, GM,2071,2227
zadar321, FM,2570,2570
zaguer, FM,2615,2641
zaidejaschegis, NM,2107,2283
zainabma, WCM,1642,2128
zaineb218, WCM,1307,1322
zainullina_nataliya, WFM,2204,2249
zajdanek, IM,2380,2531
zajka-molotok, IM,2538,2649
zakharka, IM,2208,2350
zakiasultana, WFM,1753,1906
zakinilay2306, FM,2588,2588
zala02, WIM,2328,2385
zallio, CM,2270,2270
zambranojean2002, FM,2000,1999
zampronha1971, NM,2405,2470
zanbato17, NM,2381,2406
zane33, NM,1890,2121
zankyou-2024, WCM,1969,1990
zano2023, CM,2133,2337
zanyglobal, GM,3005,3005
zapateado, NM,2414,2519
zapheiros, CM,2163,2163
zaphenathpaneah, NM,2145,2201
zappbrannigan007, FM,2363,2449
zappi1969, FM,2653,2666
zaqnation, CM,2084,2333
zarinashafigullina, WFM,2446,2463
zarinur, WFM,2710,2717
zarnovsky, CM,2501,2519
zaro1309, FM,2213,2416
zarubitski, IM,2714,2723
zashibeatles, FM,2568,2572
zatonskihanna, IM,2495,2635
zatonskihvitaly, FM,2189,2324
zaur-mammadov, GM,2896,2905
zauraabdulla, WCM,1381,1398
zaven_chessmood, GM,2904,3017
zavgorodniy_serg, IM,2764,2880
zavgorodniy_sergiy, IM,2550,2719
zaviob, IM,2519,2519
zawwan27, FM,2465,2465
zayneelzein2011, CM,2539,2604
zazuliak, FM,2711,2734
zbbesque, NM,2061,2213
zbigas, NM,2451,2567
zcorrales, WIM,2241,2290
zdavid12, FM,2503,2503
zdorovegor2011, CM,2651,2668
ze-pequeno, FM,2293,2413
zeberro, FM,2265,2528
zecapi, NM,2604,2634
zeck_ch, CM,2508,2535
zedololo, NM,2173,2318
zedskyx, WFM,2121,2303
zeebraa, FM,2366,2413
zeeduin, GM,2724,3011
zeeuwke, FM,2140,2328
zeitnot-30, CM,2838,2838
zeitnot593, CM,2331,2476
zeitnotakrobat, NM,2174,2440
zeizer, IM,2529,2615
zelenkacourt, FM,2111,2111
zelfmat76, FM,2256,2360
zemerovv, IM,2178,2433
zen-22, IM,2540,2619
zenbull, CM,2273,2343
zenekritikus04, CM,2553,2628
zenithhikaru, CM,2539,2615
zenitushka, NM,2424,2468
zenonofcitium, FM,2573,2643
zenosparadox, NM,2284,2309
zenzo, FM,2621,2765
zeyduru2012, WCM,2321,2413
zeynal195, FM,2236,2365
zezacarias, NM,2121,2268
zgorl, FM,2602,2666
zhalmakhanov_ramazan, GM,2991,3019
zhangbigpeng, FM,2657,2669
zhani-z, IM,2493,2562
zheenbekov86, NM,2447,2516
zheka1980, IM,2488,2488
zhekoylas, IM,2360,2509
zherom71, FM,2720,2783
zhigalko_sergei, GM,2990,3041
zhouyuxu2010, CM,2626,2718
zhuban, FM,2260,2358
zhuu96, GM,3102,3213
ziachess74, GM,2612,2682
zig_zag_zug_zwang, FM,2390,2625
ziga87, CM,2445,2489
zigwurst, NM,2162,2270
zigzag2002, NM,2593,2712
zim0ne, IM,2644,2778
zimmm36, IM,2801,2893
zipa5, FM,1661,2049
zirafa1, GM,2405,2425
zitelo, FM,2024,2383
zivicd, FM,2430,2430
zivkovicn, IM,2619,2769
ziyamammadov, CM,2091,2127
zizageantpawn, FM,2316,2316
zkid, GM,2907,3005
zkman, NM,1946,2236
zlatan56, GM,2878,3001
zlatfm2, FM,2548,2627
zmarian, NM,2266,2351
zmeeed63, WFM,2246,2478
zmeeed67, IM,2623,2649
zmeusor, NM,2238,2304
zmof, FM,2372,2395
zocpoc71, FM,2576,2761
zoffy13, FM,2108,2576
zolidernas, FM,2706,2762
zoltanchef, FM,2375,2427
zombieblitz, NM,2537,2546
zombik1, WGM,2207,2475
zona1, GM,2375,2430
zoombii, FM,2158,2327
zoqte, FM,2376,2596
zoranilic1, IM,2325,2363
zoranp, IM,2827,2827
zoranpe, IM,2760,2799
zoranrunic1, IM,2567,2671
zoraveid, NM,2422,2496
zorbos, FM,2784,2864
zorro1977, CM,2023,2199
zozik, FM,2431,2509
zq1, GM,2550,2675
zsa949857231, FM,2754,2762
zsizsi99, FM,2566,2592
zsoltinyo, FM,2325,2379
zsoltkorpics, FM,2483,2522
zstardust, GM,2540,2551
zubridis, GM,2638,2640
zubrrr, IM,2769,2850
zuchbolt, FM,2391,2482
zufi1811, IM,2520,2669
zugazuando, GM,2763,2780
zugzwang1201, CM,2382,2624
zugzwang_im, IM,2848,2909
zukertortsghost, NM,2418,2444
zulfikarsali_pcap, NM,2393,2565
zumpili, FM,2323,2466
zura_19, IM,2632,2657
zuraazmai, GM,2827,2989
zurability, IM,2890,2921
zurabnikolishvili, CM,2431,2501
zuratqebuchava, IM,2264,2383
zurzan, NM,1962,2152
zutragg, NM,2168,2280
zuzanak, WFM,1968,2152
zuzannaklara, WCM,2020,2028
zvaigznite, WGM,2339,2339
zverevlev, IM,2776,2779
zverr1, CM,2590,2656
zvonokchess1996, GM,3002,3007
zwilling0, CM,2228,1945
zwishi, NM,1871,2127
zycie_to_gra, FM,2211,2211
zydraxx1, IM,2742,2742
zywoo_awp, NM,2153,2153
zyxon, FM,2625,2642
zzoom, NM,2504,2504
zzww18, NM,2656,2730
zzzazzzz, FM,2315,2342
