username,title,last rating,best rating
01roman, FM,2236,2315
03revilo, FM,2515,2519
0708gang, FM,2442,2476
0815original, FM,2209,2209
0blivi0usspy, GM,2685,2698
0gzpanda, IM,3200,3278
0ne_m0ve, NM,2668,2668
0zyxyz0, NM,1979,2148
1000suleyman, NM,2023,2025
100percentdirty, FM,2738,2771
11aresss, FM,2471,2321
11kevin, IM,2550,2550
123456789010chess, NM,2732,2846
123iambob123, NM,2362,2391
123lt, GM,2725,2824
124chess, GM,2764,2846
12teen, NM,2888,3079
13miracle, FM,2742,2757
13queen31, WFM,2757,2789
140mariam, WFM,2678,2678
14sokol88, FM,2403,2253
16ing, FM,2670,2690
16wise, FM,1997,2016
1800_strength, FM,2864,3014
190l, NM,2091,2261
1977ivan, GM,2665,2075
1982lf, NM,2711,2877
1995tiger, WIM,2638,2638
1_corinthians_15-57, NM,2522,2700
1c4_1-0, CM,2231,2104
1d4_1-0, NM,2072,2309
1d51-0, NM,2128,2386
1e41-0, IM,2967,2977
1e41-o, NM,2314,2427
1g41-0, NM,2693,2942
1g60-1, FM,2059,2440
1lec, NM,2208,2341
1lost6memory, CM,2517,2586
1mbl4, FM,2314,2330
1moodyman1, FM,2672,2672
1nikolachess, IM,2136,2186
1scaramouche1, IM,1972,2420
1spongebob, WFM,2503,2555
1stsecond, GM,2971,3022
2007checkmate, CM,2665,2665
2008king, FM,2592,2743
200orbustqueen, WFM,2135,2362
2012vachamp, NM,2507,2527
20ofjuly, CM,2425,2593
21osakat, CM,2197,2197
2346pl, NM,2442,2536
23lq, WCM,1915,1915
2400fm, FM,2161,2189
24pablo209, NM,2445,2450
26andrej26, FM,2732,2821
2900tactinhos, FM,2361,2361
2bf41-0, GM,2901,2962
2coaches1profile, FM,2641,2768
2good4u734, NM,2537,2649
2killer2, FM,2278,2197
2krk1, IM,2763,2799
2sks, CM,2102,2052
2slow2old, NM,2094,2133
2tilted, NM,2515,2617
2typicalchessplayer, CM,2519,2574
3ke31-0, NM,2616,2704
3ptdka, NM,2662,2685
3sp15-2, FM,2485,2709
4e4ako, FM,1816,1970
4rs, FM,2281,2336
50tugrik, FM,2508,2580
55reszeltalma, CM,2160,1654
5sight, CM,2506,2562
60minban, IM,2889,2889
6foot7foot, NM,2581,2520
6ixandahalf, FM,2700,2700
6packplayer, IM,2555,2555
7-the_dragon-7, FM,1819,2126
72hitman72, IM,2240,2090
777chessnok777, NM,2279,2279
7hanat, IM,2516,2877
7madman, FM,2698,2854
94hawkeye, NM,1587,1831
99simooon, FM,2510,2509
a-adly, GM,2929,3027
a-fier, GM,2712,2839
a-s-00, WIM,2192,2323
a-shu, NM,1991,2115
a3aki, CM,2140,2140
a4rooka3, FM,2482,2704
a_ccelerator, CM,2509,2581
a_dorrance, FM,2588,2682
a_kandil, IM,2234,2415
a_satan_sees_natasa, FM,2004,2132
aa175, IM,2964,3156
aa95, FM,2388,2597
aaaao, IM,2819,2862
aakankshachess, WIM,2246,2363
aakash-dalvi7, FM,2970,3057
aalessia, WIM,2000,2165
aandi123, CM,2311,2416
aanshnerurkar, FM,2236,1035
aaponter, CM,1893,1988
aaradhya_das-03, WCM,2165,2170
aaravdenglaofficial, IM,2951,2968
aariow, IM,2362,2537
aaron080803, IM,2495,2593
aaronbazanromero, FM,2611,2819
aaronmaster123, NM,2038,2446
aaruaaka, FM,1696,2217
aash20, FM,2614,2638
aayaisyah, WFM,2214,2378
abasovn, GM,2925,3080
abbas99kh, FM,2178,2178
abbasovfarid1979, GM,2045,2128
abbesali, CM,1922,2000
abc13524, NM,2235,2338
abc_sir, WIM,1367,1367
abc_xyz4744, CM,2317,2547
abcedarian, NM,1968,1980
abd-2025, CM,2212,2280
abdalagathos, FM,2466,2567
abdchess25, NM,2102,1934
abdelazeez-m, FM,1994,2250
abdimalik_abdisalimov, GM,2826,2989
abdodi, WCM,2119,2476
abdualbadani1973, FM,2085,2442
abdulovorkhan, IM,2584,2624
abeautifulmasterpiece, CM,2654,2681
abechahrour, IM,2370,2424
abelbaumann, FM,2592,2592
abeljusto, FM,2095,2187
abfchess, WIM,2294,2417
abhidabhi, GM,2686,2721
abhijeetgupta, GM,2679,2849
abhijeetgupta1016, GM,2750,2794
abhijeetonyoutube, GM,2759,2780
abigailcabezas, CM,1396,1396
abinesh12345, CM,1180,1460
abrab_64, CM,2100,2312
abruptum, IM,2649,2499
absolutecinema420, CM,2337,2579
abu-alhussein, FM,2306,2362
abu_tyven_fra_bagdad, IM,2638,2781
abubakrtagelsir, FM,2158,2339
abuhanan, CM,1806,2059
abund, NM,2910,2934
abykhovsky, GM,2852,3047
ac-008, CM,2706,2741
ac0412, WFM,1989,2075
ac130-ghostrider, FM,2367,2465
ac_20, NM,2587,2667
aca_in_dubai, FM,2387,2558
academia3, NM,2221,2315
accce4ka, WFM,2064,2064
acceleratingwreckingball, FM,2854,2854
acciochess, IM,2513,2575
ace-from-space, CM,2538,2610
ace01, WFM,1403,1534
ace_mar, NM,2631,2639
aceontheturn, GM,2900,2932
acer316, FM,2303,2303
acertijo08, CM,1932,2058
ach19, FM,2263,2296
achalachess, FM,2534,2567
achilleheel, FM,2230,2271
acidshazz, NM,2417,2421
acollins05, CM,2503,2708
acordeonist, FM,2491,2508
acostapablo, IM,2789,2890
acsintematei, FM,2230,2411
actuary44, CM,2419,1354
acva-alenok, FM,2211,2488
ad0406, NM,2268,2465
adaar, NM,1848,1926
adalberti, FM,2126,2301
adalex821, NM,2381,2510
adanap_04, CM,2494,2537
adapodadei, IM,2699,2752
adar_07, IM,2749,2802
adaro, GM,2844,2893
adarrey, NM,2364,2472
adarshisme, NM,2100,2225
adchek, CM,1523,1820
adekb2005, CM,2592,2675
adekrisna123, FM,2282,2282
adel1991, FM,2771,2807
adham_fawzy, GM,3015,3113
adham_hossam2011, CM,2017,2017
adic2020, FM,2683,2712
adityakudeshi, IM,2231,2618
adjorno, FM,2512,2579
admirale, FM,2593,2546
adnair, NM,2603,2603
adnan_habib, CM,2326,2440
adnan_nn, FM,2366,2498
adodove, FM,1426,2082
adotand, GM,2982,3162
adrian-thorsen, CM,2304,2539
adrian_g19, CM,2452,2559
adriananikolova, WGM,2544,2704
adrianapalao, WCM,1893,2120
adriangschnitzer, IM,2618,2618
adrianito15, CM,2104,2104
adrianmartelli, NM,2618,2662
adrianmiranda2008, CM,2248,2258
adrianonunesfx, CM,2307,2411
adricalderon8, IM,2457,2507
adrivillu, FM,2137,2093
advancedrook, CM,2903,3032
advanceguard4, FM,2804,2804
advicecabinet, CM,2310,2330
adwilhans, FM,2189,2403
adypady02, IM,3000,3000
aegean_eagle, CM,2435,2448
aeiiuu, IM,2910,3070
aemeffi, IM,2192,2391
aemulus20, NM,2800,2819
aereolineasvikingas, CM,2317,2320
aesthetically_roo, WFM,2114,2272
aevengho, FM,2731,2746
aexmi, FM,2274,2274
affleckkgb, FM,2249,2386
afgano29, GM,2391,2546
afkbiki, CM,2326,2326
afreshlyawakenedcapybara, GM,2567,2551
africanqueeeeen, WFM,1721,1819
afterbite, IM,2323,2323
aftereverypartyidie, IM,2615,2718
afurozamurai, FM,2670,2638
agamat, WIM,1965,2107
agapov771, FM,2097,2051
agartha01, FM,2930,2969
ageladogato, WCM,1608,1602
agent-jl, NM,2831,2900
agent_bishopp, WIM,2526,2526
agent_jl, NM,2743,2754
agentxya, FM,1965,2155
aggressus, NM,2523,2592
aggy67, GM,2416,2632
aghasiyevkamal, IM,2587,2806
agibileg, IM,2625,2650
agilpirverdiyev777, FM,2416,2641
aglipay8oberio, NM,2148,2314
agnes66678, FM,2350,2218
agoking701, IM,2700,2700
agrigo3, WIM,2030,2076
agser, GM,2972,2864
aguiar94, FM,2488,2624
agus2007, NM,2243,2304
agus_kkk, FM,2614,2601
aguscm2018, CM,1783,1659
aguss_ok5, NM,2305,2305
agustin_meza, CM,2163,2328
agustinv04, FM,2626,2746
agw2016, IM,2745,2911
ahachess, WGM,2045,2493
ahappypawn, WGM,2482,2618
ahkashefi2800, FM,2369,2567
ahlamee, WFM,1352,1400
ahmad_alkhatib11, GM,2498,2512
ahmadalrahely9999, FM,2385,2440
ahmadzada13, IM,2950,2800
ahmadzadaa, GM,2974,2975
ahmedabdulsattar, FM,2150,2000
ahmedkandiliii, FM,2613,2653
ahmedotaleb, CM,2141,2141
ahmet_future2700, CM,2516,2626
aiakos2, WCM,1659,1688
aiaru-01, WFM,2330,2330
aibayt, GM,2230,2478
aicrossover, NM,2368,2445
aidnet, IM,2417,2267
aikiigm, IM,2523,2661
ailime26, WCM,1972,1987
ailirpemas, WFM,1671,2005
ailopatricaliy, NM,2079,2068
ainahia, IM,2525,2614
airopito7, FM,2514,2810
airquake, IM,2796,2924
airtones, NM,1926,1926
aisen1011, FM,2264,2528
aisha_zakirova, WCM,2217,2222
aistrel, FM,2598,2724
aizrawjath, FM,2624,2703
ajames1987, WFM,2107,2198
ajdemipopushi, IM,2517,2517
ajeale2, FM,2538,2546
ajedrecista3000, IM,2589,2604
ajedrez-facil, CM,2528,2528
ajedrez1101, CM,2263,2343
ajedrez_con_german, FM,2802,2802
ajedrezcapablanca, IM,2001,2119
ajedrezconpeter, IM,2625,2626
ajedrezconyolys, WCM,1810,1815
ajedrezdesilicio, FM,2550,2535
ajedrezencantabria, IM,2502,2516
ajedrezenmadrid, IM,2340,2536
ajedrezhn, IM,2336,2404
ajedrezinteligente, CM,2341,2537
ajedrezjulben, IM,2492,2526
ajedrezmf2022, FM,2234,2242
ajeossi94, FM,2657,2657
ajgreen, NM,2299,2441
ajian, NM,2263,2615
ajkom197, FM,2312,2645
ajmo333, WFM,2350,2366
ajsc02, FM,2001,2013
ak212v, WFM,2236,2086
akareen11, WFM,1671,1747
akashcheck, FM,2206,2392
akatsukiloghorizon, CM,1992,1891
akdog3, NM,2321,2321
akewjon, IM,2760,2797
akhairat, CM,2201,2491
akhandbharatkijay, FM,2470,2512
akhilesh_nagare, CM,2430,2507
akhmedov_david, FM,2519,2519
akiba182, CM,2604,2606
akiba63, IM,1996,1994
akibarubi, FM,2660,2679
akinov-akinseye, CM,2151,2001
aklan10n, CM,2614,2523
akmal_fayzullaev, IM,2321,2478
aknok, FM,2331,2493
akretchetov, FM,2243,2494
akromion2712, WIM,2320,2411
akrus, IM,2698,2750
akshatchandra, GM,2861,2934
akshatj101, NM,2082,2252
akshatkhamparia, IM,1729,1852
akshayraj_kore, GM,2560,2610
aksuliini1, FM,2637,2803
al-mudahka, GM,2636,2806
al_sa_co, CM,2536,2872
al_shima, FM,2508,2699
alainbruxelles, FM,2445,2540
alamukeja, FM,2253,2544
alamzhi21, FM,2722,2809
alanchamp, FM,2832,2906
alanzhang, NM,2377,2380
alaoneagain, WIM,2272,2396
albadelomass, WCM,2390,2532
albano87, FM,2475,2666
albayo, FM,2387,2420
albert-castillo, FM,2602,2664
albert_kloc, CM,2366,2426
albertiny1, NM,2150,2126
albertoarnedo, NM,2160,2423
albertochueca, IM,2306,2306
albertopierce, CM,2002,2098
albertu, FM,2207,2057
albi1999, IM,2642,2683
alblooshi_hamad, CM,2207,2235
albtb, NM,2508,2593
albussevrespotter, FM,2769,2787
alcarazor, FM,2221,2221
alchesschampion, FM,2478,2574
alcohol, CM,2521,2601
alconjohndatu, FM,2481,2605
aldokhinivan, IM,2642,2800
alea_iac-ta_est, FM,2311,2183
aleccable, FM,2320,2548
alechin28, FM,2277,2469
alefur, FM,2444,2444
alegro, WIM,1762,2184
alejanchess73, CM,2232,2360
alejandroarias, FM,2198,2198
alejandrobalde, CM,2106,2150
alejandrocapanegra, CM,1329,1672
alejandromateo21, IM,2701,2701
alejandromontalvo, IM,2201,2206
alejandropacheco29, CM,2260,2515
alejogarcia1999, FM,2611,2616
alekhinesbeef, NM,2501,2517
aleking03, FM,2537,2604
aleks45, IM,2563,2637
aleks_ivlev, FM,2556,2727
aleksa74, GM,2732,2795
aleksanchess, WFM,2430,2280
aleksandar-topalov, CM,2018,2452
aleksanderhnydiuk, IM,2713,2713
aleksandr_kholin, FM,2356,2351
aleksandr_kozak, FM,1845,2294
aleksandraaleksandrova, WFM,1686,1795
aleksandraleksikov, IM,1688,2000
aleksandramilovic, WIM,1861,2037
alekschess100, WIM,2112,2394
aleksey_sorokin, GM,2842,2849
alekseyviktorovich, IM,1969,2281
alembong, FM,2551,2551
alemr16, FM,1949,2115
alenaku, WFM,2013,1891
alenee, IM,2208,2484
alenzer, WFM,2175,2097
aleoda, CM,2291,2589
aleonsquares, IM,2472,2485
alertakobra, FM,2390,2467
alesa2, WFM,1980,2476
aleskeroff, NM,2450,2300
alessiasanteramo, WFM,2407,2529
alex-11211, IM,2561,2424
alex1531, FM,2583,2621
alex_32167, IM,2756,2845
alex_banzea, IM,2522,2553
alex_belezky, IM,2482,2543
alex_c31, NM,2553,2554
alex_jose_iraeta, CM,1756,1851
alex_sahakyan2006, IM,2693,2921
alex_stripunsky, GM,2691,2750
alex_terzi, FM,2419,2621
alex_yang, CM,2188,2205
alex_zapata, NM,2337,2456
alexa797, WGM,2330,2384
alexander_donchenko, GM,2896,2950
alexander_kachko, IM,2754,2754
alexander_khlebovich, IM,2531,2807
alexander_moskalenko, GM,2670,2911
alexander_zubov, GM,3009,3163
alexandercs432, CM,1721,2116
alexanderjasinski, NM,2463,2463
alexanderking, FM,2456,2759
alexanderl, GM,2752,2815
alexandermatlak, NM,2503,2513
alexandermikli, CM,2200,2222
alexandr_kholin, FM,2441,2506
alexandrabotez, WFM,2391,2537
alexandramtz, WFM,2190,2040
alexandrasamaganova, WFM,2376,2471
alexandrehouhou, CM,2243,2458
alexandrern33, NM,1819,2089
alexbarton, IM,2150,1804
alexbattey, IM,2772,2898
alexboy14, CM,2729,2776
alexchess1984, GM,2547,2710
alexcn1, NM,1975,2134
alexei_gubajdullin, FM,2548,2575
alexei_kornev, GM,2512,2514
alexeishirov, GM,2732,2732
alexey_krupko, FM,2160,2294
alexey_potapov, IM,2461,2337
alexey_spirin, FM,1919,2184
alexey_ustinov, FM,2597,2640
alexg2003, FM,2749,2810
alexgo05, FM,2558,2611
alexjin20080211, IM,2366,2246
alexjr20, CM,2409,2414
alexkhripachenko, IM,2764,2814
alexkous2000, FM,2632,2692
alexlongson, FM,2175,2065
alexm42100, NM,2121,2262
alexnovitz, NM,2200,1802
alexostrovskiy, IM,2639,2896
alexpapasimakopoulos, IM,3010,3018
alexppixe, CM,2702,2702
alexrtoronto, IM,2228,2182
alexrustemov, GM,2790,2790
alexsergeyev, FM,2207,2402
alexsuper1987, FM,2526,2526
alexsur1981, GM,2430,2650
alexsuv, FM,2472,2485
alextargarian, GM,2528,2532
alextorngren, FM,2457,2520
alextriapishko, IM,2807,2902
alextruskavetsky, IM,2888,2982
alexwinter25, FM,2302,2444
alexyermo, GM,1869,2019
alfiefischer77, CM,2334,2460
alfilescruzados, WIM,1945,2133
alfredoaguilera3000, FM,2519,2503
algatar2020, CM,1629,1866
algeriano22, GM,2709,2752
alhassadiyousefa4, FM,1434,2134
ali_rastbod, FM,2743,2829
aliba25, IM,2717,2717
alicewinns, WFM,2046,2262
alielier, CM,2484,2536
aliencowboy, IM,2557,2709
alienonanotherplanet, IM,2697,3058
alieraiseafireoozeuh, GM,2681,2681
alifaghirnavaz, FM,2792,2828
alihanhuseyinoglu, IM,2775,2788
alik, FM,2550,2731
alik_h228, CM,2359,2371
alika2810, IM,2534,2672
alikfish, NM,2149,1994
alikhan_irgaliyev, NM,2756,2832
aliki2005, WCM,1600,1557
aliksis7, NM,2008,2069
alimentor20, IM,2449,2505
alimpic, FM,2556,2581
alin100, FM,2250,2296
alina_gumerovna, WFM,2267,2267
alindsay211, WIM,2373,2254
aliniknaddaf, FM,2603,2573
alishersuleymenov, GM,3062,2973
aliso4ka_pirozhok, WIM,1792,1850
alisuma, CM,2336,2385
alivehula8, NM,2413,2415
aljado, NM,1926,2220
aljchess, FM,2189,2361
aljoschafeuerstack, IM,2523,2610
alkaline1, NM,2238,2106
alkaser1962, FM,1845,1940
alkhoori90, FM,2482,2525
allanstig, GM,2706,2826
allcer7, FM,2770,2927
allderdice, NM,1925,1925
allejam, NM,2805,2805
allenbecker, NM,1667,2000
alleyooper, IM,2652,2810
alligatorsnappingturtle, FM,2523,2544
allion2017, FM,2305,2305
alliswell998, FM,2851,2856
allstarserious, GM,2880,2891
allvim, NM,2366,2535
allysson_muniz_2809, NM,2613,2602
almaguerjm, CM,2661,2784
almaj98, WCM,2329,2452
almasrakhmatullaev, IM,2864,3022
almatyonelove, IM,2523,2600
almeida1974, NM,2230,2484
almirdzhumaev, NM,2420,2353
almo64, GM,2700,2700
aln276, CM,1905,1932
aloe_normansen, WGM,2584,2607
alogo24, FM,2213,2428
alohamora11, CM,2524,2621
alonmindlin, IM,3005,3037
alonyoavk, IM,2326,2505
alopekos, FM,2649,2701
alpacacheck, GM,2526,2546
alpasya2009, IM,2506,2529
alperefeataman, FM,2194,2198
alphafischer2019, IM,2771,2916
alphagm1729, CM,2010,2041
alphalphazero, FM,2443,2509
alphaperseii, NM,2626,2646
alphawomana, WCM,2053,2169
alphazero_stockfish, NM,2600,2600
alphienothere, WIM,2364,2373
alpltl, NM,2302,2302
alpope, FM,2503,2540
alquadir, NM,2389,2427
alqudaimi, IM,2477,2731
alrayyan2022, GM,2472,2570
alrayyan2024, GM,1873,2516
alrs-sps, NM,2607,2667
als2005, NM,2327,2490
alsdesdentao, FM,2701,2704
alsu1865, WFM,2168,2268
altantuya_tuya, WIM,2319,2622
alturas_pacificas, NM,2353,2423
alu40pink, FM,2563,2666
alucard2020, NM,1974,1893
alvarorodriguezavila, CM,2336,2352
alvarov79, FM,2150,2000
alwaysplayforawin44, FM,2512,2512
alyaska, WFM,1858,1708
ama18, WGM,2525,2575
amadeus17, CM,2150,2000
amaidel, FM,2366,2567
aman, GM,2921,3035
amandarm, WFM,2319,2319
amanjazu, CM,2753,2808
amanmuhammethommadov, NM,2614,2642
amardeepb, CM,1991,2096
amartinengland, IM,2349,2507
amartuvshinganzorig, IM,2628,2664
amatatanav, FM,2594,2821
amateurchess20, FM,2322,2606
amateurwithouttalent, WFM,1911,1850
amatros, IM,1850,2118
amazingalbany, CM,1560,1771
amazingatlas, FM,2562,2502
amazingoid, NM,2831,2831
amb_chess, FM,2821,2919
ambaixador, FM,2471,2546
ambartsumiantyhran2012, CM,2702,2917
ameetghasi100, GM,2721,2986
amelia91, WFM,1965,2140
amer_aminikiasari, FM,2095,2249
americanfighter_2010, FM,2566,2603
americanpatzer3, IM,2472,2568
amethystical, FM,2900,2924
amhalm, NM,2000,1933
amin_molaei, IM,2683,2724
amina175, WIM,2050,1434
aminaguenadez, WFM,1587,1685
aminazinas, CM,2610,2654
aminmolaei, IM,2501,2633
amintabatabaei, GM,3003,3184
amione, FM,2714,2714
amiqu, IM,2203,2319
amir-zaibi, GM,2443,2545
amiralfio, IM,2530,2672
amirbagheri78, GM,2526,2682
amirreza_p, GM,2340,3108
amithpal, CM,2185,2416
amithpal64, CM,2120,1998
ammaralsedrani, FM,2342,2429
ammarzooqi, CM,2375,2509
amois, FM,1642,1565
amor2023, FM,2405,2652
amurath, FM,2270,2003
amurdercastle, NM,2733,2761
amylazy, WIM,2509,2548
ana_berke, WIM,2116,2253
ana_shamatava, WFM,2705,2692
anaartjieza, FM,2415,2415
anabelgt, WFM,2160,2262
anaconda1704, IM,2610,2610
anadar, CM,2250,2296
anaiy, NM,2337,2536
anakuchava, WFM,2158,2302
anantone, FM,2575,2636
ananya_245, WCM,1573,1975
anar_aliakbarov, FM,2663,2774
anasasii_ki, WFM,2177,2339
anasta10, FM,2732,2807
anastacialopez, WCM,1761,1864
anastasiaprotopopova, WFM,2121,2174
ancient_wrath, CM,2231,2231
andabata, GM,2445,2445
andaglas, FM,2204,2204
andante, FM,2207,2194
anderson2361, NM,1936,2100
andjela_djidjika, WCM,1768,1849
andnar, NM,2805,2805
andong36, NM,1662,2334
andraiax, WCM,1663,1755
andrakhanova, WIM,2123,2400
andrbaryshpolets, GM,2626,2780
andreaschatz, FM,2191,2079
andreavb, WNM,2020,2020
andrefidalgo5, NM,2321,2374
andregvh, FM,2262,2356
andrei_belozerov, GM,2406,2528
andrei_skvortsov, CM,2770,2914
andreiitrifan, FM,2714,2791
andreikka, GM,2910,3144
andrej0906, IM,2385,2554
andrej2004, FM,2514,2595
andrejkin, NM,2179,2099
andrejljepic, FM,2605,2605
andresalama, NM,2112,2187
andresdelgado77, FM,1978,2320
andresgv36, FM,2415,2549
andretta, NM,2103,2491
andrew-blr, FM,2329,2412
andrew-fb00, CM,1479,1674
andrewb92, IM,2259,2525
andrewdgreen, CM,1907,2435
andrewisasian31, FM,2533,2653
andrewmaco, IM,2853,2867
andrewmcstone, NM,1885,2030
andrewperedun, FM,2633,2634
andrewsamuelson, FM,2400,2480
andrey-ivanov2011, CM,2396,2412
andrey_klymchuk, FM,2714,2706
andreychumachenko, FM,2380,2358
andreyneves, FM,2170,2193
andreyostrovskiy, IM,2420,2649
andreystukopin, GM,2616,2616
andrii_prydun, FM,2346,2489
andriipalchuk, FM,2839,2862
andriitop, FM,2471,2499
andrjywa, IM,2435,2435
andro2, FM,2369,2449
androqueen, GM,2800,2826
andrycos, FM,2137,2117
andryusha, FM,2418,2441
andrzej, CM,2242,2092
andy07670, NM,2035,2190
andy_rekt, WGM,2220,2322
andyhousesmx, WCM,1678,1679
anemih, FM,2528,2521
anesar92, IM,2544,2429
angel_hranitel_37, FM,2556,2598
angel_lys_66, WCM,1900,1900
angelaberbach, NM,1733,1893
angeldelasoledad, NM,2446,2515
angelgab3, FM,2828,2933
angelogm, GM,2804,2998
angelos_zonarios, FM,1809,2215
angelrth, WCM,1980,2140
angiechess83, IM,2400,2019
angieflynn, WFM,1474,1678
angry_serb, IM,2772,2629
angry_twin, GM,2869,2917
angrydracula, WFM,1208,1200
angryhorse9, FM,2028,2567
angryweasel, NM,2002,2099
angsan, IM,2441,2312
angychess5, WIM,2141,2322
anhao, NM,2801,2801
ani_mari, WFM,2091,2091
anich75, IM,2168,2468
anijak, WIM,2355,2446
anirudhha33, FM,2582,2601
anish_gandhi, CM,2079,2371
anishgiri, GM,3084,3296
anishonyoutube, GM,3061,3200
anjum004, WFM,1613,1889
ankit_chessneurons, GM,2757,2809
ankitgajwa, FM,2278,2586
anna20240, WFM,1824,1884
anna_chess, IM,1996,2422
anna_ko_rnd, WFM,1157,1007
anna_muzychuk, GM,2624,2656
annachesschic, WFM,2485,2669
annacramling, WFM,2214,2308
annagozel, WFM,1262,1780
annakantane, WIM,2235,2416
annalytical, NM,1712,2000
annamaja, WIM,2553,2680
annamarim2001, WGM,2574,2629
annasargsyan_m, IM,2611,2739
annawel, GM,2953,3173
annazero, WIM,2633,2633
annedp200, WIM,1578,1705
annonymous123, IM,2691,2645
ano89273, NM,2450,2459
anon102030, FM,2748,2926
anon132639, FM,2800,3002
anon219, GM,2687,2725
anon71421, IM,2152,2209
anonyman001, CM,2113,2320
anonymous4910, FM,2737,2759
anonymousbread, NM,2734,2804
anonymouschess2005, NM,2113,2133
anonymouscupiddust, NM,2161,2314
anonymousim2023, IM,2403,2403
anonymusdonkey, FM,2288,2448
another_win_for_you, FM,2295,2577
anotherwho, FM,2541,2685
anotni, NM,2210,2173
anpospan, FM,2263,2448
anskam, CM,1442,2195
ansko1999, CM,2704,2704
anspiracje, WCM,1824,1840
ansprvt, IM,2715,2742
ant_chess_2019, FM,2901,2901
antalsakk, NM,1708,1922
antek_radzimski, FM,2348,2386
antelacus, NM,2314,2341
antham, IM,2700,2700
anthonydrayton, FM,1938,2134
anthonylevin, NM,2046,2272
anthonywirig, GM,2800,2892
antichriste666, IM,2839,2912
antifish7, FM,2624,2695
antigeroiy, FM,2540,2677
antipov_mikhail_al, GM,2893,3012
anton_demchenko, GM,2842,2842
anton_vasi1enok, CM,2610,2625
anton_zhukov04, FM,2581,2673
antoniocalvo, NM,1226,1804
antoniod96, NM,2283,2283
antonovanadezhda, WFM,2055,2057
antonshomoev, GM,2700,2766
antonsmirnov, GM,2859,2962
antonusss, CM,2511,2576
antosha_chekhonte, FM,2701,2717
antoszu, FM,2645,2739
antunesperoza, NM,2227,2386
anu-triz, WCM,2099,2204
anuar_is, GM,2766,2622
anubisinmortal03, FM,2725,2725
anujshrivatri21, IM,2308,2420
anuprita19, WFM,1797,1903
anurag328, GM,2806,2922
anushanlv, WFM,2097,1947
anvikr, FM,2379,2539
anwesh9792, IM,2697,2840
any040, WFM,1917,1767
anyushki, WFM,2071,2144
anzett, WIM,2270,2346
aolcum, FM,2306,2360
aot317, FM,2284,2284
apachesvd, FM,2511,2623
apechi, NM,2150,2150
apfernans, WCM,1825,1165
apg77, FM,2069,2176
apl2001, FM,2629,2673
aplommb, CM,2508,2517
apngalkusuma1, NM,2407,2435
apocalyps999, GM,2695,2701
apoiogia, NM,2230,2370
apokalipsa13, WFM,2105,2405
apollonzerotv, FM,2830,2830
apotatointhekitchen, CM,2708,2765
appalm, WCM,1793,1793
apuntando, IM,1793,1861
apuwins, FM,2207,2207
aqib-20, NM,2112,2389
aqmarkin, NM,2331,2463
aquarium76, GM,2857,2886
aquaticpineapples, NM,2416,2524
aquiles88, NM,2193,2308
aquivarubinstein, FM,2500,2500
ar4uha, FM,2557,2717
aradhya2000, IM,2711,2869
aragon, CM,1840,2086
aragorn_ii_twitch, NM,2538,2671
aram7adam, FM,2438,2524
arambai, GM,3064,3240
aranibos, FM,1931,2193
arash_tahbaz, IM,3009,3132
arashy_cc, IM,2466,2641
arathorn2, IM,2208,2254
arbrespourpres, NM,2143,2296
archbishop1575, FM,2386,2386
archess2, WIM,2614,2714
archibaldcerveza29, FM,2529,2589
arctic_fox3000, FM,2942,3150
arctic_t00, IM,2493,2493
arcymisie, GM,2646,2646
area_5, IM,2603,2883
arek_pacitan, FM,2564,2654
arenal72, FM,2756,2878
arencibia, GM,2388,2576
ares30012, NM,2367,2444
arfan48, IM,2534,2534
argente, FM,2223,2204
argentino1, NM,2460,2573
argentum049, FM,2530,2530
argimiro, IM,2330,2594
argodeajedrez, FM,2447,2544
arhan_anand, IM,2606,2610
ari_dale, IM,2573,2701
ariadna_atreides, WCM,1998,2127
ariancito1, GM,2543,2543
aridannie, WIM,2482,2503
arifarsky, NM,2753,2801
arigu07, FM,2669,2727
ariisw06, WFM,1959,1800
arimakat, FM,2451,2451
arimin1329, CM,2403,2403
ariosp, IM,1738,1910
arisesoldier, WIM,1910,2444
arjun2002, GM,2666,2806
arjwezhrtdrz, FM,2130,2216
ark_in, FM,2068,2080
arkadiykhromaev, CM,3447,3447
arkonada50, GM,2650,1234
arlancabe, FM,1843,2302
arlettiii, WFM,1998,1223
arlil, FM,2230,2350
arm-akiba, GM,2884,2884
armago, IM,2082,2257
arman-subaste, NM,1941,2014
arman_hakemi, IM,2767,2910
armanghevondyanchess, CM,2651,2707
armen_chessmate, IM,2759,2804
armenianchessplayer9, FM,2200,1931
armenianlion, GM,3090,3271
armingerdegil, FM,2601,2172
arminmusovic, FM,2723,2888
armqueen, WGM,2223,2621
arna-inactive, FM,2607,2607
arnacman, FM,2456,2579
arnaldofdelavaramulet, IM,2936,2993
arnash_bauyrzhan, WFM,2236,2286
arniechipmunk, CM,2409,2484
arnoldpetra, FM,2331,2645
arnosack, FM,2356,2482
aromondo, FM,2243,2388
aronyak1, IM,2976,2976
arpeggione, FM,2565,2475
arpita_chess, WIM,2441,2485
arrestingpieces, FM,2429,2449
arsenedu, FM,1059,1200
arseniy_nesterov, GM,2961,3008
art10echr, FM,2341,2493
artannd, NM,1978,2016
arteler, FM,2702,2765
artem_0degov, FM,2856,2878
artem_ilyin, GM,2649,2499
artem_koval, FM,2683,2709
artem_sadovskii, IM,2836,2836
artemdyachuk, FM,2654,2814
artemiki, CM,2653,2663
artemykhan, NM,2304,2393
arthasxx29, NM,2127,2147
arthurguo, GM,2649,2555
arthurkogan, GM,2501,2524
arthurmorgan122, IM,2670,2670
arthuuur, NM,1742,2038
artichaud, FM,1972,2087
articmonlays, WIM,2266,2421
artin10862, FM,2759,2907
artiom, IM,1654,1504
artistocataki, NM,2635,2852
artofdeception, NM,2524,2524
artooon, GM,3105,3195
artooooo, FM,2850,3033
artur0208, IM,2827,3023
artur_hoghmrtsyan, FM,2581,2603
arturgaifullin, FM,2527,2631
arturocaceres, FM,2650,2720
arturoelcrack, FM,2202,2206
arturomorales98, GM,2831,2978
arun-kataria, FM,2263,2405
arvids_andrejevs, CM,2313,2386
arvielozano1, WNM,1974,2097
arvika, GM,2464,2627
arvinboy, FM,2445,2523
arvinrasti, FM,2427,2457
arvizu, WCM,1737,2043
arya1009, WCM,1104,1494
aryamabreu, GM,2344,2721
aryan_tamadon, FM,2809,2904
aryangholami, GM,2636,2684
aryantari, GM,3002,3218
aryastark173119, WIM,2132,2280
arystanner, IM,2806,2853
arysya, IM,3151,3142
as0nchess, GM,2713,2743
asabrihussien, FM,2040,2280
asadlivugar, GM,2888,2918
asafgivon, IM,2850,2850
asalimova, WCM,2090,2090
asas71, IM,2522,2559
asatryangor, CM,2616,2708
ash15k, CM,2301,2358
ashchess, FM,2598,2628
ashedu66, FM,2063,2063
ashina22, NM,2222,2557
ashleykrushc, CM,2506,2642
ashookk, NM,2316,2433
ashrafi1988, CM,2100,1950
ashwanitiwari, FM,1938,2104
asianmaster2501, FM,2440,2545
asinnott1, NM,2536,2597
asiorex, WFM,1819,2103
aska538, FM,2316,2325
aslanov_umid, FM,2758,2777
aslu, WCM,2054,2165
asms9699, IM,2915,2907
asmund_hammerstad, CM,2096,2294
asor44, WCM,1764,1764
asortafairytale, WFM,2305,2423
aspaclaria, FM,1862,2088
aspiazumarlon2001, FM,2505,2505
aspired, GM,2642,2818
asprellicristian, NM,2020,2025
assasin14, FM,2129,2339
assassino-noturno, NM,2003,2013
assdour, CM,2203,2286
assellesbekova, WCM,2385,2507
assumpcaos, FM,1821,1821
astaneeen, FM,2916,2916
astaneh, IM,2842,2885
asterphoenix, FM,2554,2641
astralpulse, GM,2395,2395
asvz, FM,2313,2589
aswathchess, IM,2759,2942
asymptotics, CM,2214,2253
at_chess26, NM,1921,1961
atabayevsaparmyrat, GM,2807,2786
atakishiyev04, IM,2840,2895
atalik, GM,2705,2710
atalz0, IM,2390,2525
atanejhad, FM,2350,2524
atbenina64, IM,2804,2825
atco84, IM,2637,2637
ateasaad, FM,2153,2420
athanasios2, IM,2672,2672
athanasiuslefebvre, NM,1802,2042
athlblue, NM,2549,2591
ati1517, WGM,2284,2590
atigator, FM,1880,2069
atlanta99, CM,1648,1998
atm622, CM,2673,2809
atom596, FM,2543,2551
atomicacorn, NM,2633,2670
atomicaxis, CM,1896,1961
atomicchessbomb2200, CM,2438,2266
atomicmate123, CM,2187,2176
atomrod, GM,2411,2411
atousa, WGM,2405,2551
atrophiedcrazyhouse, NM,2423,2393
attack2mateu, GM,2867,2867
attacker88, FM,2404,2649
attacker_2006, FM,2701,2751
attackgm, GM,2708,2708
attacks_hurricane, CM,2509,2612
attacksparrow, FM,2612,2725
attilaczebe, GM,2234,2234
attilaturzo, IM,2154,2487
aucaymauro, FM,2350,1870
audaciouspatzer, FM,2300,1909
aufeve, WFM,1868,2366
auggiewren, FM,2164,2270
aungtz, FM,1797,2099
aunqa, FM,2469,2596
aurumo, WIM,1922,2049
aussie_pinoy, FM,2367,2570
austen48, WIM,2126,2223
austinjacobliteratus_pcap, FM,2724,2827
austinjiang, NM,2408,2445
austinthomas12345, CM,2484,2515
austrianfalcon, GM,2546,2559
ava1411, FM,2334,2381
aval7an, FM,2572,2690
avancada, FM,2460,2675
ave_mariia, FM,2180,2102
avenakhenjoyer, CM,2517,2635
average_guy25, CM,2312,2312
average_trans, FM,2125,2332
averagefm, FM,2725,2725
averagemarginaleffect, IM,2411,2411
averagerecord, GM,3000,2913
avetik_chessmood, GM,2872,2872
aviksarkershubha, CM,1601,1953
avileyshon7, CM,2260,2260
avinashramesh4, IM,2692,2734
avitalbor, GM,2669,2796
avocadosheena, NM,1913,1913
avolodin, GM,2762,2824
avorton, CM,2246,2452
avpr, WFM,1698,2005
avto24, FM,2555,2548
awareidea, NM,2577,2736
awayceiling, CM,1707,1707
awb2001, FM,2615,2676
awesomechess111111, WCM,2202,2212
awesomeidiot, NM,2354,2535
awesomestudents, IM,2451,2505
awesomevishesh, WGM,2518,2677
axelfalke, FM,2397,2398
axelmuller, NM,1756,1987
axf7, NM,1730,2099
axlbvrr, CM,1838,2107
axle2017, NM,1917,2157
axvesik, WGM,2585,2638
ayanakhmetov, IM,2553,2553
ayelenchess, WIM,2025,2390
ayellowlemon7, CM,2410,2576
aygehovit1992, GM,2701,2830
ayina29, FM,2579,2623
aymiteck, FM,2507,2551
ayodub, CM,2045,1985
ayrtontwigg, NM,2585,2585
azalea95, FM,2158,2316
azatic, FM,2753,2867
azatnew, FM,2764,2793
azcryr, NM,2401,2408
azde, CM,2408,2439
azerichess, GM,2978,3212
azerichessss, GM,2255,2162
azeryahu, GM,2940,2951
azikom, GM,2449,2492
azizanaa, WFM,2004,2004
azn2002, FM,2311,2351
azoulas1, CM,2187,2224
aztuna, WFM,1952,2058
azulgrana1970, FM,2352,2483
azumi_214, WCM,1562,1805
azusa-hamaoka, NM,2513,2514
azvrbrynnn, IM,2740,2888
azzaro25, GM,3157,3196
azzbrn, NM,2120,2271
b-man, GM,2627,2740
b-unit, GM,2227,2677
b00ulletmercena00ry, NM,2502,2502
b0103232338, CM,2639,2774
b33forever, FM,2246,2391
b777w, CM,2368,2508
b_6, NM,2234,2498
b_griffin, FM,2337,2371
b_nn_t, FM,2498,2562
baag, GM,2910,2925
baag4life, FM,2880,2919
bab3s, NM,2467,2467
babageldi, FM,2466,2596
babageldiannaberdiyev, FM,2510,2580
babaloka, CM,2664,2680
babas, FM,2492,2682
babbelbox, IM,2711,2711
babbilator, FM,2039,2130
babegroot, GM,2911,3004
babero_gordo, FM,2171,2231
babrax, IM,2357,2403
babujj, CM,2596,2833
babuto, IM,2786,2636
baby_legs, GM,2653,2653
baby_leo, FM,2263,2200
babyanton, FM,2486,2626
babyboss31, CM,2725,2822
babydragonking, NM,2299,2380
babyemu, NM,1513,1513
babyfacedassasin, NM,2378,2422
babyking1205, FM,2624,2768
bacallao2019, GM,2739,2771
back1nbusiness, CM,2636,2775
backhomeinmexico, FM,2563,2686
backlight26, WGM,2366,2629
backreg, FM,2506,2432
backtothebeginning, CM,2109,2268
bacus79, FM,2436,2465
bacyanide, GM,2322,2560
bad4life, CM,2609,2752
bad_left_hook, IM,2624,2765
bada_norovsambuu, WFM,2108,1958
badamo0, WFM,1879,1982
badi50, CM,2047,2274
badiudifora, CM,1886,2054
badlyplayed, NM,1907,2029
badogidon, WFM,1978,2041
badouuu, WFM,2451,2590
bafmas, FM,2100,2274
bagge89, CM,1615,1957
baggio95, IM,2428,2315
bahadirozen, IM,2913,3058
bahamaswadeh, CM,1937,1304
bahmamamu, FM,2254,2110
bahriletecosmico, IM,2252,2470
bairakovanova, WGM,2358,2528
bait_or_mate, FM,2649,2700
bajecny, FM,2500,2500
bajna, FM,1838,1883
bakapg, IM,2728,2732
baki83, GM,2767,2846
bakki78, GM,2870,2903
baku_boulevard, GM,3028,3173
bala-afiada, NM,2000,2000
balachess2006, FM,2579,2597
balack95, CM,2566,2591
balaian_alina, WIM,2219,2219
balakannamma96, WFM,2046,1839
balandel, IM,2355,2221
balch, IM,2493,2456
baldy, CM,1816,2046
balla_tamas, IM,2432,2476
bambi2006, NM,2151,2012
bamonson, NM,2246,2367
bananaalm, WFM,1530,1659
bananadates, CM,2657,2657
banane_verte, FM,2670,2705
bancsoo, GM,3004,3020
bandobras, IM,2394,2394
bangchess21, FM,2755,2886
banhgiahuy2606, IM,2339,2444
bank2010, FM,2752,2752
bankrotten, GM,2369,2397
banthony197, CM,2325,2226
baptisteyannick, CM,2260,2429
bapttoche, FM,1546,1433
baracapy, IM,2754,2687
barath1308, CM,2073,2154
barbar10, FM,2409,2299
barbara25, WFM,2256,2312
barbarian_chess30, NM,2645,2728
barbix1, IM,2812,2861
barbosean, CM,2406,2574
barboval, FM,2703,2752
barbus89, FM,2474,2580
barca_hamilcar, CM,2812,2830
barcelona_guy, GM,2714,2706
bardartem, FM,2911,3045
bardiya_daneshvar, GM,2995,3019
bardur_orn, FM,2522,2528
barkly1999, WCM,2265,2426
barlonadera, IM,1367,2095
barmen_ev, IM,2512,2660
barneystinson97, IM,2592,2618
baronessa08, IM,2292,2378
barriochess, IM,2404,2414
barron045, IM,1994,2197
bartek_turski, FM,2900,2904
bartoszsocko, GM,2775,2896
barys1974, GM,2586,2586
barzed, GM,2794,3009
bascheyaro, FM,2766,2797
bashiqchess, CM,2548,2736
bashirlisaadat, WCM,2499,2576
bashirovkemal, FM,2573,2611
bashlykskiy, GM,2704,2810
basi1isk6, FM,2850,2858
basiakielbasia, WFM,2000,1965
basicbishop, CM,2330,2302
basilsmash, IM,2326,2427
baslyabaslya, FM,2487,2665
bassu1, FM,2659,2656
bastiandash, FM,2799,2829
basyak97, NM,2548,2586
batchuluun_tsegmed, GM,2379,2635
batek_ha_tpaktope, FM,2910,2970
bathory44, IM,2526,2536
batica1984, GM,2751,2786
batipibe7712, NM,2303,2367
batko_2010, FM,2758,2799
batolovic, GM,1923,2367
batsai, NM,2125,1975
batsford, CM,1810,1660
battever, IM,2590,2440
battlecry216, NM,2303,2453
battlestargalactica04, CM,2199,2396
batumifm, FM,1605,1982
bauernstuben_warrior, CM,2258,2379
bauman_guy, FM,3005,3005
bauxi435, FM,2567,2567
baxyq, CM,2107,2203
bayasgalankh_2007, WCM,2504,2529
bayernbk, FM,2665,2787
baylavchess, NM,2496,2595
bazar-wokzal, IM,2535,2551
bazarov04, GM,2632,2781
beanscreen, FM,2745,2883
beast_20_20, CM,2762,2814
beastfromweast, NM,2388,2370
beastslovetheprocess, GM,2591,2744
beatles_22, IM,2837,2855
beatmagnus, IM,2550,2021
beatnoguera, NM,1367,1687
beatrizmarinello, WIM,1889,2126
beautifulbird07, IM,2579,2693
beautifullmindchess, FM,1898,2075
beawuids, FM,2400,2517
bebebonito2022, FM,2108,2148
beca95, GM,2886,2916
becalmncool, FM,2568,2603
beccrajoy, WCM,2001,2001
becemix, FM,2525,2693
bedpan2300, NM,2010,2256
beekhishig, WIM,2655,2669
begimayzairbekova, WFM,1135,1205
begmuratovkh2010, FM,2631,2679
begusdrasko, FM,2526,2526
behzsa, CM,2993,2769
beirutchessacademy, FM,2214,2238
beka121, WCM,1804,1012
bekaeasycool, FM,2626,2714
bekkedahl, NM,2125,2401
belakis, NM,1979,2530
beletko, FM,2161,2362
belgrade, FM,2276,2389
beligerantepr, FM,1924,2179
belligham2023, NM,2286,2538
beltraxtor, IM,2543,2704
benchgm, FM,1984,1995
bencus12, IM,2485,2671
bendybear, CM,2383,2556
benecyrill, FM,2557,2790
benedekisti, CM,2301,2491
benediktjonasson, FM,2196,2046
benek77, NM,2745,2811
bengal_tiger07, FM,2903,2923
bengalas, IM,2333,2242
benhal, IM,2599,2501
benignaaa, WFM,2186,2173
benjafalcon18, FM,2513,2611
benkenobi1, FM,2459,2590
benko_008, IM,2414,2414
benkoclub, FM,2457,2563
benny_aizenberg, IM,2375,2375
bennybear, NM,1933,2153
bennyficial, NM,2025,2337
beno_chess, FM,2705,2743
bentery, IM,2451,2545
benthat, FM,2300,1412
beradze, IM,2809,2891
berahernandez, WCM,2011,2011
berant, FM,2375,2443
berardino, IM,2503,2713
bercel, FM,2148,2160
bere_acqua, FM,2601,2807
bereal24, FM,2505,2655
bereceptive, IM,2149,2181
berga1201, WIM,2300,2306
bergenchessacademy, CM,2280,2524
berislav222, CM,2211,2211
berkardus, IM,2501,2591
berkesferi, GM,2556,2556
berlin_wa11, CM,1850,2031
berlindrawer, NM,2356,2467
berlinragnar, NM,2458,2480
bernardoroselli, IM,2589,2615
bernereremit, IM,1938,2500
bernt42, CM,2020,2204
berny643, GM,2500,2347
berriies, WFM,2432,2432
berserkwerewolf, GM,3137,3112
besarquis, WIM,2244,2305
bescmelasti, IM,2641,2986
besigebytjie, WFM,1072,1507
besmall, GM,1911,2255
best722000, WGM,2313,2362
bestbytestbro, NM,2243,2424
bestestbp, WFM,2570,2743
bestrevengeissuccess, CM,2644,2732
bestromano, NM,2600,2636
beststelker, IM,2866,2884
betman-killer, NM,2402,2402
betmaster81, NM,2071,2222
beto-betun, CM,2025,2161
betolini, NM,2026,2067
betta2004, FM,2581,2686
better_chess_faster, NM,1652,2125
bettercallcafu, IM,2633,2790
betulcemreyildiz, WGM,2273,2280
beyondchessben, IM,2503,2577
beyondchesssarah, WIM,2491,2491
beyondmadness, FM,2276,2376
bgabor91, FM,2624,2675
bgoldchess, NM,2230,2000
bgrabarska, WGM,2527,2527
bhagya_2312, WIM,1877,2288
bhima2, NM,2403,2616
bhuvanesh93, IM,2369,2625
biacoca, WFM,2189,2430
biaf13, WCM,2016,2258
bianchialbino, NM,2026,2335
bibiii, IM,2540,2659
bibsburg, FM,2377,2276
bicicleta, CM,2478,2332
bierblitz1a, FM,2503,2512
biesiadnik, FM,2496,2580
big_finky, NM,2321,2501
big_pirate, NM,2500,2610
bigal, IM,2249,2625
bigbites1996, CM,2100,2140
bigc08, NM,2355,2566
bigfatduck1, NM,2005,2192
bigfish1995, GM,2992,3231
bigjmn, NM,1733,2144
biglindba, IM,2208,2286
bigmanevan, NM,2531,2704
bigmaster24, FM,2600,1715
bigpiano, NM,2478,2521
bigproblemsolving, CM,1930,2156
bigsis01, WFM,1754,1797
bigstealer, IM,2477,2673
bii128, WCM,1903,1934
bikbon, CM,2016,2131
bikingbrian, NM,2233,2287
bikuzhin_maxim, FM,2510,2591
bilan_danila, FM,2805,2742
bilelou, GM,2509,2764
bilguunsu, GM,2625,2630
billcoe, NM,1744,2134
billforster, CM,1801,1769
billiejoearmstrong1, IM,2972,2983
billiekimbah, GM,2869,3040
billy_thekid30, CM,2746,2829
bilodeaua, GM,2811,2985
bilosuvenosu06, CM,2406,2642
bilunov, NM,1791,1641
bimaniv, FM,2279,2297
bin777, WCM,1565,1856
binary010, GM,2783,2826
binbin239, WIM,2374,2624
binhminh2000, FM,2575,2625
biostatistician, FM,2432,2748
biotsavart650, NM,2515,2525
bipe137, FM,2651,2906
biptip, IM,2565,2415
biranidun, IM,2802,2836
birdmaster3000, GM,2211,2315
birdsopening, NM,2354,2590
birdyschnitzel, WCM,1816,2172
biscuitsnatcher, FM,2116,2314
bishops83, NM,2223,2223
bitter-cikolata, WCM,2600,2709
bitzkommer, FM,1899,2035
bivark, FM,2454,2646
biveklama, FM,2569,2672
bizhigitov_zhangir, FM,2542,2194
bjarkesahl, IM,2040,2261
bjarne_v, CM,2134,2096
bjarteleer, IM,2515,2466
bjorgestrand, CM,2617,2625
bjorn_holm, CM,2321,2522
bjornahlander, IM,2257,2462
bkl18, GM,2836,2836
bkmzzzzz, CM,2213,2318
bl00nder, FM,2400,2440
black_pawn_16, WFM,2139,2267
black_wyzard, FM,2429,2279
blackbearcsw, NM,2004,2089
blackbirda7, NM,2043,2212
blackboarder, FM,2841,2967
blackdahlia99, FM,2310,2499
blackgreatking, CM,1905,2058
blackknight2278, NM,1928,1904
blackmind96, FM,3056,3204
blacknoisestar, FM,1842,1910
blackpiiiiiiink, IM,2565,2667
blacksirius, CM,1638,1776
blackwhite017, WFM,1946,2018
blackwidow515, WFM,2261,2534
blacquiao, NM,2518,2577
bladel, FM,2159,2146
bladel55, FM,1843,2032
blagorod, CM,1858,1858
blakeybchess, NM,1978,2253
blaky_griffin, FM,2145,2223
blampman, WCM,2402,2457
blank0923, FM,2869,3007
blankaejs, WCM,1808,1808
blankface04, FM,2513,2534
blasi, IM,1950,1999
blazd, CM,2383,2571
blazingbanana, WFM,2057,2369
blazinq, IM,2957,3076
bleuestbeau, WCM,1547,1854
blg125, CM,2513,2560
blind2010, IM,2549,2549
blindfoldkrikor, GM,1927,1932
blindlogoczar, NM,1680,1873
blindmancrying, CM,2279,2536
blindov, IM,2687,2891
blindtakes, GM,2552,2402
blitis, IM,2573,2752
blitz, NM,2483,2756
blitz_lover1, FM,2344,2450
blitz_monster2910, FM,2516,2529
blitzchampion78, FM,2322,2425
blitzcopter, NM,2305,2530
blitzfanboy, IM,2419,2758
blitzfun84, WIM,1678,1756
blitzingmaria, WCM,2067,2166
blitzking1729, IM,2845,2944
blitzking642, FM,2305,2346
blitzmaster, FM,2774,2841
blitzrider0, FM,2385,2235
blitzstream, NM,2802,2996
blitzstreamtwitch, NM,2274,2476
blixlt, FM,1921,2380
blizzard222, CM,2308,2322
blobica, IM,2478,2570
bloomingbud, WIM,2130,2203
blossom6, WCM,1694,1831
blowf1sh, IM,2337,2567
blubbiblubb, FM,2223,2114
blubliss, IM,2616,2637
blue_capybara, IM,2707,2756
blue_ratatoeskr, FM,2245,2400
bluejay1897, FM,2429,2466
bluepict, FM,1786,1733
blueryder, NM,1538,2000
blueshark23, GM,2340,2563
bluewizzard, GM,2992,3091
blunderingpanda01, CM,2597,2609
blundermaster2335, CM,2797,2866
bm_on_icc, NM,2801,2830
bmagnum2002, CM,1844,2001
bmgl95, WIM,2409,2409
bmochsner, GM,2603,2616
bmt011, FM,1897,2137
bmwg20315hp, IM,2590,2635
bn1462, CM,1921,2033
boasovietica, IM,2432,2558
bob_2004, FM,2687,2750
bobanbogosavljevic, GM,2815,2831
bobbybunny, FM,1454,1911
bobbyfischer1508, CM,2535,2556
bobbyfisher_1943, CM,2072,2131
bobbylow, IM,2641,2661
bobbymastermind, CM,2200,1573
bobbysgrills, NM,2359,2417
bobbysteen89, NM,2313,2393
bobdakow, CM,1965,2527
bobo_panda, NM,1723,2160
bobohead, NM,2077,2088
bobrik31, FM,2131,2393
bobsacit, NM,2737,2753
bobthebuilderpviaowr, NM,2314,2443
boby_chess_2010, CM,2463,2487
bocah_gila, FM,2521,2701
bocah_sakit, GM,2923,3009
bocharovd, GM,2542,2814
bodhanas, WFM,1840,1840
bodnar_mykola, IM,2266,2500
bodor1, FM,1644,2041
bogcsab, FM,2116,2206
bogdan_bodnar, NM,2182,2261
bogdanchess97, IM,2733,2733
bogdandeac, GM,2952,3002
bogdanelus, FM,2538,2431
bogia144, IM,2150,2000
boguszp, CM,1580,1734
boilingfrog, NM,1902,2422
bojanr1, FM,2227,2403
bojosi, CM,1482,1690
bolavey_kotnik, FM,2569,2688
boldpilot22622, FM,2504,2526
bolence16, FM,2369,2395
bolivargonzalez, FM,2409,2456
boliviar, NM,2288,2446
bolwin, FM,1793,2323
bom-dia, NM,2525,2539
bombabombaclat, CM,2443,2506
bombermanul, IM,2229,2286
bonamente, GM,2629,2645
bonantagulo, CM,2417,2601
bonca64, GM,2448,2353
bonchbrybonch, CM,2736,2736
bonesy1116, NM,2528,2537
bongcloudtransvestit, FM,2254,2461
boninknights, IM,2006,2006
bonk28, NM,2256,2320
bonnielix, WIM,2413,2413
bonuspater18, GM,2711,2843
bookwormpawn, WCM,1415,1486
boorrj, GM,3097,3121
boostedtree, FM,2609,2631
bootstar, NM,2697,2760
boracilek, CM,2592,2534
borchischess, NM,2400,2466
boredoldman, NM,2519,2514
borekb, FM,2340,2390
boricsev, IM,2077,2136
boris98, IM,2669,2613
boriscx, CM,2131,2215
borisnavrodskiyy, FM,1924,2365
borisss85, FM,2225,2322
born2beyours, FM,2757,2762
bornio, GM,3027,3078
bornofthestorm, WCM,2115,2115
borocotoajua, CM,2748,2748
borsuk_konstantin, IM,2418,2549
borutofan, FM,2430,2469
boryboy, IM,2868,2959
bosiocic, GM,2206,2206
boss_08_kross, CM,2700,2700
bossche-cm, CM,2564,2609
bossgoodness, NM,2140,2170
bostrom, NM,1746,2129
botezsistersfan77, NM,2652,2836
botvinnak, WIM,2282,2458
boundless_strike, IM,2893,2906
bouzidian, CM,2142,2397
bowersock, NM,2751,2751
boxerandchessplayer, IM,2503,2616
boxjellyfishchess, IM,2424,2473
bozekat, FM,2103,2103
bpm_90, FM,2827,2865
bpovo1394, NM,2270,2270
bra1n_r0t, FM,2450,2451
bracuarta, NM,1947,2223
brahianzevich, CM,2591,2665
brahmashira2010, FM,2392,2348
brainboxchess, CM,2635,2751
brainbuzz08, FM,2564,2609
brainnet, WFM,2171,2190
brainwolf, GM,1904,1754
brandaolee, NM,2200,2211
brandonjacobson, GM,3040,3287
brandonjiang123456, CM,1830,2185
bratkoo, IM,2314,2343
brave_spirit12, IM,2806,2849
braveasaclown, CM,2328,2453
bravecapy, FM,2524,2537
bravehorse, NM,2742,2787
bravesubject, FM,2270,2126
breamish1, FM,2655,2655
breathechessalways, CM,2669,2748
bredreimagined, FM,2426,2502
brendan174, CM,2351,2351
bresk, FM,2252,2102
brewington_hardaway, GM,3203,3203
brian_dew, FM,2062,2103
brianescalante, GM,2609,2619
brianmsk, FM,2099,2261
brianwall, NM,1844,2269
bricolageur, IM,2703,2746
briesmas, NM,2434,2528
bright_panda23, WCM,2391,2540
brightthunder, GM,2765,2765
brilliantmind2011, CM,2518,2557
bringanita, CM,2635,2656
britttas, FM,1965,2016
brizuelareivis, CM,2588,2438
brjad0530, NM,2332,2344
brm72, NM,2726,2768
brnoteacher, IM,2529,2529
brokenfritz, FM,2467,2526
bronceysueno, NM,2752,2775
brooklyncyclone, IM,1900,2187
brooksk, IM,2417,2510
brother-bear, FM,1815,1979
brothersgrim, IM,2570,2420
brouetoscope, FM,2348,2352
brown_bear_mgl, NM,2113,2013
brown_mamba24, FM,2724,2775
browncow28, NM,2005,1974
brrrmuda, GM,2929,2929
brundeen, IM,2743,2743
bruno_parma, FM,2700,2739
brunoalejandrop, FM,2294,2281
brunomorado, CM,2218,2475
brunoo2003, FM,2559,2528
brunosten96, CM,2343,2618
brutalis, NM,2282,2385
brute4ever, IM,2761,3004
brutoman, FM,2006,2030
bryakin_mikhail, IM,2751,2760
bryanl106, FM,2821,2876
bryantman2014, CM,2478,2529
bsnsun, WGM,2440,2528
bteillet, CM,2286,2310
bubacik, GM,2864,2861
bubar, FM,2389,2483
bubeliang, FM,2766,3009
bubi6, GM,1701,1551
bucefal_m, FM,2467,2481
buckbuck42, NM,2162,2162
buckeye22, NM,1570,2114
budag-leyla, WCM,2311,2426
budda, NM,2451,2591
budisavljevic, GM,2724,2832
buenamor1972, CM,2109,2381
buffalomountain13, IM,1404,1969
buffy7, GM,2816,2873
buffypizza, CM,2115,2181
bugancal, CM,2154,2177
bugbug01052018, CM,2036,2059
bugcrusher, FM,2332,2375
bugledxn, CM,1746,1873
buhomurciano, FM,2195,2348
bui2512, GM,2493,2542
buihuyphuoc, CM,1544,2572
buiichess, WFM,2071,2109
buitronghao, FM,2702,2702
bukiiletaa, WFM,2318,2333
buknoy8, NM,2632,2632
bulajans, FM,2480,2628
buldockin, FM,2303,2427
bulgakdamir, CM,2427,2455
bullet, WGM,2566,2566
bulletcloud, NM,2614,2676
bulletmercenary, NM,2553,2814
bulletpanther, IM,2836,2899
bulletplayer2024, CM,2389,2520
bulletteemo, IM,2648,2760
bullhouse14, CM,2803,2853
bultenibo, IM,2475,2564
bundychess, IM,2435,2506
bupunsu01, IM,1993,2129
burbur555, GM,2355,2360
burgersarebetter, FM,2735,2763
burgsvik, FM,2186,2217
burningggice, CM,2619,2619
burninggice, CM,2364,2355
burovic00, IM,2803,2827
burritus, FM,1999,2049
bursabbsatranc, CM,2706,2726
burundianattack, FM,2625,2625
buryshin_vasyl, FM,2300,2414
bushonica, WCM,1911,1911
bushrashuaibi, WIM,1852,2067
busygin, NM,2202,2052
butterfly, IM,2376,2719
butterslstotch, FM,2152,2093
buyboxbandit, NM,2707,2707
buzhizhebuguai, IM,2605,2618
bvb009, FM,2846,2866
bwalya3, WCM,1371,1920
bwert2602, CM,1841,2113
bykov_egor, FM,2680,2801
byniolus, GM,2924,3055
c-25, GM,2299,2193
c-87, CM,2353,2485
c-joy, WFM,2117,2117
c5-knightmare, NM,2100,2244
c63_amg, IM,2907,2930
c_busta, NM,2054,2114
c_k_g, CM,1883,2102
c_minusminus, FM,2325,2325
ca8chess, WCM,2242,2066
caabongg, WIM,2437,2456
cabalista, IM,2150,2150
caballodeacero, FM,2819,2807
cabezauro, NM,2232,2499
cabila, FM,2366,2514
cacatai, NM,2375,2488
cacranb, FM,2009,2139
cacriefils1984, CM,2557,2569
cadmartin, FM,2346,2428
caemellis, NM,2180,1368
cailinchetty, FM,2225,2238
caisachess, WGM,2347,2390
caissa12, GM,2367,2328
caissa2018, WIM,1995,2289
caissa20188, WCM,2211,2264
caissacubana, WFM,1837,1791
caissaekv, FM,1921,2296
caissameza, WFM,1937,2042
caissaqueen09, WFM,2276,2369
cakeuvdort, CM,2260,2572
calculatedrhysks_youtube, FM,2400,2540
calemcc, NM,2513,2458
caleuche, FM,2558,2658
caliburn66, IM,2676,2526
californiadreamgirl, GM,3003,3003
calin_dragomirescu, FM,2178,2394
calingheorghiu, FM,2383,2512
callwithacehigh, NM,2400,2400
calmberserk, CM,2703,2850
calmdowncalabreso, FM,2670,2894
calsamuel, CM,2395,2395
calul_royal, FM,2804,2804
calvinhobbes2020, IM,2443,2443
calypso_chess, FM,1932,2114
cambek64, FM,2340,2340
camels1981, FM,1939,1834
cami3, WIM,1819,1847
camic96, WNM,1898,2102
camilaavelino, WFM,1900,1881
camilita-becerra, WCM,705,1200
camillab, WGM,2243,2334
camille-ds, WIM,2070,2011
camilocorredor, FM,2357,2333
caminator2000, IM,2550,2604
campanero26, GM,2459,2459
campelov, NM,1942,2118
campochess, CM,1676,1926
canairez, NM,2372,2337
canal_showdrez, NM,1795,2143
canary2016, WCM,1971,1916
canbroccoli, IM,2568,2568
cancrushyou, FM,2278,2626
cande_francisco, WGM,2704,2704
candela2013, FM,2188,2383
candidate_master, CM,2176,2499
cangaceirochess, NM,2200,2200
cannolicchi, CM,2501,2501
canonkasparov, FM,2421,2567
cansun, NM,2656,2711
cantinflitas, NM,2256,2150
cantoria58, FM,2200,1869
caorsaa, WCM,2224,2224
capacity123, FM,2551,2590
capacitykat, WIM,2200,2143
capaping, NM,2315,2351
capatilla, CM,2115,2292
capatl, IM,2747,2756
capatoday, FM,2020,2578
capiberibe, NM,2027,2027
capivarabondoso, NM,2254,2326
capkrnch, FM,2105,2361
captain_charizma, NM,2085,2180
captain_top, IM,2313,2313
captaincasanova, IM,2852,2989
captainjames, GM,2574,2708
captainplanet, CM,2453,2436
captaintamas, FM,2207,2347
captainthett, FM,1987,2225
caracal3000, FM,2561,2644
caracternin123, GM,2959,3002
caradhrast, FM,2579,2745
cararay, NM,2206,2283
cardamomking, CM,2608,2608
cardenasjunior64, IM,2563,2600
carlesdc96, IM,2703,2839
carlitus2004, FM,2516,2622
carlmagnuson, NM,2207,2373
carlocapau, FM,2482,2340
carlofiat01, FM,2300,2274
carlos-axarlian, NM,2167,2352
carlosalbornoz, GM,2804,2814
carloseduar100, FM,1950,2029
carlosehc, CM,1733,2056
carlosfgrillo, NM,2026,2038
carlosgomezv, CM,2368,2478
carlosibarra09, FM,2359,2380
carlosmoscoso, CM,1950,2000
carlospaul1990, FM,2193,2463
carlovittorino, IM,2175,2419
carlsencamacho, FM,2361,2411
carlssonludvig, IM,2743,2820
carminaramas, WCM,1701,1500
carnivoras, FM,2893,2918
carnivorousfurball, WCM,2002,2002
carnuel6804, FM,1963,2234
caroexpert, IM,2171,2102
caroinferno, NM,1885,1908
carokann, FM,2248,2497
carokannlover213, FM,2871,3011
carokantor, NM,1769,1955
carokhan9, FM,2027,2331
carolina-moon, NM,1751,2252
carolinalujan, WGM,2511,2519
carolinamazariegos4488, WIM,976,1445
carolinamuso, WIM,1515,1928
carolinasilvia, WIM,866,1441
carow-kann, IM,2422,2605
carrotsandpizza, FM,2085,2406
caruana2017chess, NM,2104,1862
casablanca, NM,2760,2759
casestudy25, NM,2114,2114
casper, FM,2744,2768
casper_schoppen, GM,2757,2639
caspiisrael, GM,2543,2698
cassoulet, GM,2674,2815
castigador2, FM,2445,2445
castlelove2020, WFM,2003,2003
castleoasischess, NM,2085,2085
castleqweenside7447, FM,2512,2512
castlew1zard, FM,2211,2273
catalin009, FM,2508,2543
catalunya66, FM,2353,2360
caterpiller35, CM,2354,2492
cathateme, WCM,1833,2081
catkeson, NM,2314,2398
catlivesmatter, NM,2706,2739
catloverpl, CM,2543,2690
catmilk, WIM,1933,2088
cats4sale, FM,2571,2751
catzapto, NM,2323,2356
cavallo_bianco123, NM,2022,2030
cavoglav3, FM,2444,2435
cavschess2, NM,2108,2271
cayse, GM,2788,2851
caza-reyes, FM,1715,1715
ccccvhhhj, WFM,2389,2420
ccdk, NM,2202,2372
ccesar64, NM,2127,2127
ccfizz7, WCM,1541,1640
ccgoodknightrookie, NM,2473,2483
cchipanga1, CM,1836,2121
cchoww, NM,2580,2612
ccm2, WFM,2165,2181
ccoppola, IM,2402,2517
cdb13, NM,2411,2495
cdoespiao, FM,2439,2534
ceciguillo, WFM,2130,2130
cecile-haussernot, WIM,2700,2757
cedchass2006, FM,2418,2541
ceejay271, FM,2181,2412
celera-1, WGM,2193,2227
cemilcan, GM,2645,2738
cephalopod11, NM,2281,2131
ceratigus, IM,2366,2222
ceraunophilmera, GM,2944,3080
cfalcons8, NM,2326,2699
cfjohansson, CM,2143,2082
cflchess, IM,2350,1983
cfn_good_evening, FM,2098,2455
ch3ssbot2021, FM,2812,2931
cha_charealsmooth, CM,2700,2814
chabanon, GM,2352,2210
chadaevnikolay, GM,2625,2587
chadbiryani, NM,2501,2656
chahraa, WCM,1743,1772
chain0, CM,2204,2204
chainsawwarrior3000, NM,2519,2530
chaka_laka, NM,2433,2482
chakmatd, NM,2439,2458
chakraborty-arz, NM,2834,2830
chakruchess, IM,1998,2512
chaldon, FM,1973,2314
challengerii, NM,2408,2622
chalomoro, NM,2179,2269
chalowey97, CM,1966,2109
chamal_gedgafov, NM,1704,2021
chameleon_94, IM,2916,2948
champ1000, FM,2385,2385
champ2005, GM,3076,3177
champarden, CM,2402,2510
champblair, CM,2496,2583
championnn-9, NM,2702,2729
champjiguur, WCM,1602,1784
champstan, NM,2009,2159
chanchakman, CM,1997,2187
chandradi, NM,2621,2632
chansen64, FM,2282,2304
char_dasha, IM,2457,2373
chargemax23, IM,2619,2727
chariots_off_fire, CM,2286,2340
charizard1011, NM,2542,2717
charlatante, GM,2576,2386
charlescandycampbell, CM,2074,2219
charlie101, FM,2316,2493
charlizevz, WIM,1362,1243
charlottemillard17, WCM,1043,1393
charly871, CM,2135,2176
charlyaz, FM,2326,2517
charne, WFM,1474,1723
charodej1, CM,2324,2480
chartreuxx, WFM,2221,2432
chasing_checkmate, FM,2825,2897
chateaulefish, FM,2288,2509
chawitap, NM,2396,2404
chebi34, IM,2461,2311
chebupelka52, FM,1529,1529
cheburashka2013, CM,2233,2233
chebure, IM,2801,2747
check_85, FM,2515,2532
checkamunky, FM,2799,2856
checkbits, GM,2331,2378
checkitas, WGM,2214,2249
checkmatealot, CM,2501,2501
checkmatechampion01, CM,2166,2166
checkmatequen, WGM,2438,2438
checkmatereaper, CM,2108,2118
checksumme, FM,2709,2794
checkthis4, IM,2641,2641
checky2015, GM,2939,2789
chedimir, IM,2134,2216
cheer_down, CM,2452,2513
cheerfuldragon100, NM,2432,2408
cheese111, IM,2445,2340
chefshouse, GM,3076,3172
chefshouse99, NM,2467,2627
chegueps, IM,2725,2802
cheilaandre, WCM,1750,963
chellyart, CM,2445,2589
chelsiemonica, WIM,2526,2704
chemana, FM,2036,2124
chemim21, FM,1863,1891
chempiblinka, WFM,2174,2378
chempionbg, FM,1676,2404
chenmaster, NM,2218,2464
chennaibond, IM,2389,1838
chenrip, NM,2150,2314
chenxiaoyuer, IM,2792,2944
chenyining99, WCM,1950,1984
cheonsh420, CM,2104,2150
chepaschess, GM,2821,2860
chera_chola_pandya_in2024, FM,2516,2546
cherepov_alexej, CM,2356,2472
cherneevo_23, IM,2383,2383
chernobay_artem, GM,2473,2523
chernov_alexander_a, FM,2494,2344
chernov_mikhail, FM,2407,2513
chernyavsky_a, FM,2206,2324
cherysi, WFM,1599,1983
chescont, FM,1727,2098
chesmc, NM,2313,2400
chesmon, NM,2285,2285
chesper99, FM,1947,2197
chess09chess09, NM,2065,2239
chess123456s, FM,2629,2832
chess13524678, NM,2647,2698
chess1student, CM,2200,2200
chess2024rk, FM,2615,2630
chess23wizzard, IM,2526,2625
chess2smart, NM,2314,2282
chess3054, IM,2648,2726
chess4always, WFM,2227,2374
chess4ever007, IM,2305,2500
chess4life23, NM,2362,2499
chess4life87, WIM,2150,2000
chess50years, NM,1779,1903
chess77420, FM,2501,2501
chess94cu, IM,2552,2558
chess_09l, WFM,2271,2271
chess_286, FM,2508,2525
chess_blitz00, FM,2616,2749
chess_boricua, CM,2520,2554
chess_brilliant, FM,2415,2265
chess_caio2007, NM,2803,2815
chess_caramel, WCM,2708,2760
chess_coach_2024, FM,2601,2840
chess_cryptoworld, FM,2523,2531
chess_diligent, FM,2430,2471
chess_fellow, IM,2417,2465
chess_gainz, NM,2583,2583
chess_international, NM,2165,2193
chess_legend4567, IM,2750,2686
chess_lynx, NM,2041,2269
chess_mad35, FM,2526,2725
chess_master1982, FM,2704,2704
chess_master_8820, FM,3057,3070
chess_maylovsky, NM,1762,2155
chess_peak, FM,2180,2180
chess_princessa, WCM,1908,2031
chess_rehab, NM,2309,2309
chess_rsm, FM,2663,2717
chess_sas123, FM,1919,1769
chess_star1234, NM,2718,2845
chess_tunes, FM,2495,2662
chess_vibes1479, WCM,1920,2016
chessablanca, CM,2715,2822
chessacademia, FM,2441,2508
chessadiction1990, NM,1738,2091
chessadvanceusa, NM,2509,2509
chessaintfun, IM,2744,2775
chessajedrezz2020, IM,2738,2904
chessalow, FM,2076,2307
chessarchitect64, FM,2180,2196
chessasuke, GM,2723,2856
chessaurochs, IM,2566,2581
chessawp, GM,2502,2801
chessbaerchen, FM,2592,2601
chessbia, WIM,2308,2517
chessbitl, NM,2227,2079
chessbliss09, WFM,2002,1954
chessboart, FM,2227,2362
chessbook314, NM,2511,2613
chessbrah, GM,3150,3271
chessburger_tv, FM,2541,2705
chesschronicles123, CM,2113,2178
chessclassroom64, FM,1637,2224
chesscoach4u, CM,1744,1594
chesscoach64, FM,2443,2443
chesscoach_golichenko, IM,2681,2803
chesscoach_uk, NM,2369,2383
chesscoachandras, IM,2800,2813
chesscoachrachel, CM,1917,2162
chesscoachtaipei, CM,2351,2351
chesscoadch, NM,2246,2096
chesscompressions, NM,2607,2600
chesscraze2702, FM,1909,2134
chesscular_the_goat, CM,2100,1633
chessculator16, WFM,1953,2100
chessczar11, FM,1866,2089
chessdadleague, WFM,1748,1908
chessdeep2017, NM,2235,2409
chessdemon2019, CM,2270,2546
chessdjw, GM,2812,2849
chessdokmus, NM,2051,2475
chessdoll90, WIM,2423,2588
chessdragon7161, FM,2420,2443
chessdreamer2001, WIM,2509,2509
chessdreamer2020, FM,2618,2614
chessdude, GM,2669,2726
chessdude1987, NM,2139,2322
chesseducation4u, GM,2203,2333
chesselephant, NM,2607,2833
chessenthusiastone, IM,2089,2089
chessevolve1, NM,2433,2388
chessexplained, IM,2624,2624
chessfannm, CM,2128,2162
chessfatbear, GM,2700,2841
chessfiction, NM,2702,2702
chessfighter1975, NM,2430,2595
chessfighter7, FM,2553,2505
chessfighter_2011, IM,3017,3042
chessflav, FM,2206,2379
chessforme17, FM,2227,2323
chessforthesun, NM,2657,2837
chessfrendz, IM,2121,2164
chessfrois, CM,2162,2273
chessfunmaker, FM,2500,2564
chessgamingpro, CM,1503,1388
chessgiantyoutube, NM,2522,2659
chessgoddess, WFM,2350,1969
chessharborbutcher, FM,2362,2512
chesshercules1, CM,2435,2467
chesshermar, CM,2418,2331
chesshh11, WGM,2307,2307
chesshippopotamchik, WGM,2049,2463
chesshorizon28, CM,2094,2103
chesshoudini, NM,2613,2613
chessialist, GM,2503,2557
chessicallyinclined, FM,2840,2974
chessifizer, NM,2271,2338
chessinfun2030, GM,2509,2509
chessintuit, GM,2679,2771
chessiteration, IM,2633,2725
chessive94, WIM,1768,1956
chessjazda, CM,2304,2317
chesska16, WFM,1118,1466
chesskalmar, FM,2257,2353
chesskhan11, CM,2634,2682
chesskid1220, IM,2282,2566
chessking0310, IM,2864,2864
chessking2151, FM,2700,2700
chessking518, GM,2884,2884
chesskingcasa, CM,1809,2153
chessklubhodkonem, FM,1869,2000
chessknight02, FM,2401,2449
chesskov1982, IM,2583,2680
chesslani123, WFM,2005,2184
chesslebanesesalah, NM,2595,2722
chesslee0420, FM,2428,2627
chesslh93, CM,2256,2274
chesslover0108, GM,3102,3143
chessloveyou, CM,2479,2376
chessma48, WFM,2221,2235
chessmachine14, WIM,2005,2097
chessmadara, NM,2196,2196
chessmagia, NM,1355,1523
chessmanp, FM,2413,2458
chessmanplayer15, IM,2122,2270
chessmast123, NM,2000,2082
chessmaster2011_1, FM,2698,2732
chessmaster67890123, CM,2008,2008
chessmasterjblack, NM,2423,2576
chessmasterzt, IM,2620,2615
chessmatenokk17, FM,2780,2804
chessmateto, NM,2346,2382
chessmatic242, CM,1749,1997
chessmatus, FM,2549,2685
chessmause, CM,2136,2136
chessmavenyeti, NM,2174,2280
chessmilktea, CM,2307,2461
chessminator100, WIM,2308,2349
chessmissile07, IM,2812,2901
chessmmamaster, FM,2614,2616
chessmon527, WCM,1846,1893
chessmoo, NM,2527,2594
chessmood, GM,2353,2353
chessmotives, CM,2221,2330
chessnerdstv, GM,2650,1803
chessnetwork, NM,2739,4200
chessninja48, NM,2620,2705
chessniper2000, FM,2506,2518
chessnomin, IM,2482,2483
chessnsk, IM,2527,2566
chessnut2018, WCM,1493,1539
chessnycm, CM,2510,2530
chessolja, IM,2420,2022
chessonado, GM,2802,2959
chesspablodm, IM,2311,2175
chesspaider, WFM,1972,1972
chesspanda, NM,2179,2276
chesspanda123, GM,3044,3143
chessparakeet, WFM,2127,2197
chesspattern_on_instagram, CM,2100,2027
chesspeople, IM,2708,2689
chessphoenix17, GM,2708,2828
chesspilot01, NM,2432,2500
chesspingvin1995, WFM,1970,2159
chesspionage64, WFM,2300,2328
chesspirate_channel, NM,2515,2578
chessplayer522009, CM,2556,2556
chessplayer9919, FM,2516,2521
chessplayer_357, WFM,2409,2409
chesspreceptor, IM,2636,2687
chessprincesa1, WFM,2337,2348
chesspromotionalex, IM,2228,2430
chesspupil777, CM,2494,2548
chessqueen, GM,2650,2803
chessqueen64, WFM,1544,1825
chessqueenlq, WFM,2532,2532
chessrevelation, NM,2553,2579
chessrook_e, NM,2386,2534
chessrush123, IM,2526,2670
chesss1r, FM,2472,2641
chesssavvy, NM,2469,2485
chessscoutgirl, WCM,1745,1793
chesssg1, FM,2177,2177
chesssharkattack, CM,2578,2588
chesssharkz, GM,3010,3022
chessshop, NM,2588,2615
chessskool, GM,2766,2931
chesssplayer21, GM,2999,3033
chesssteakjimmmy, NM,2007,2025
chessswole, FM,3002,3002
chesstankman, FM,2404,2404
chesstankman11, NM,2443,2491
chesstar, CM,2070,2219
chesstatour, NM,2203,2261
chessteacher1973, NM,1978,2015
chessteacherpalms, FM,2135,2269
chesster2500, IM,1961,2096
chessterra87, WGM,2530,2600
chesstiger64, CM,2234,2234
chesstrail, NM,2232,2565
chesstrainer1, IM,2247,2518
chesstrainer2042, GM,2288,2582
chesstrainerit, FM,2587,2484
chesstrainerjop, IM,2550,1377
chesstraining77, GM,2308,2710
chessunicorn777777, CM,2400,2415
chessuriel, CM,2215,2344
chessvedant09, NM,2309,2526
chessvegaacademy, FM,2116,2186
chessvigoa, WGM,2265,2375
chesswalebhau, CM,2093,2207
chesswarrior3, CM,2471,2567
chesswarrior7197, GM,3057,3141
chesswarrior8688, NM,2506,2506
chessweb101, NM,2501,2604
chessweebs, GM,2925,3024
chesswitch23, WIM,2108,2190
chesswithakeem, CM,2522,2728
chesswizard1905, CM,2426,2470
chesswizard_2007, IM,2847,3150
chesswolf1210, GM,2593,2887
chesswooog, NM,2345,2361
chessworks24, CM,2006,2201
chessworks64, NM,2350,1753
chesswy, GM,2541,2503
chessy222222, CM,2029,2156
chessyanchik, WFM,2262,2112
chessydotcom, WIM,2163,2230
chessyinstinct, NM,2488,2716
chesszeror, FM,1872,1939
chesterf, IM,2350,2452
cheszology, NM,1676,2018
chezhoosier, NM,2274,2124
chezz_masterr, CM,2395,2529
chezzgirl04, WIM,1606,1729
chfsbr, CM,2119,2155
chhatturangam, CM,2241,2452
chiari1, FM,2286,2354
chicco1971, NM,1698,2012
chichin_chao, FM,2287,2367
chickay, WNM,2533,2533
chickencrossroad, FM,2131,2650
chicomaster, NM,1981,2173
chicquitita, WFM,1804,1983
chidori_boruto, FM,2711,2728
chigorin28, CM,2506,2757
chigorinetz, IM,2516,2516
chika-lily, CM,2824,2824
chill_out112, CM,2803,2807
chillchess11, FM,2450,2495
chillingblunder, NM,2503,2535
chillinx, FM,2588,2744
chimbiri, WFM,1949,2228
chingatchuk, IM,2120,2525
chinguunsu, FM,2528,2607
chinni2250, CM,1482,1670
chinocordobes, NM,2200,2345
chipmunknau, IM,2773,2781
chiquitita23, WFM,2257,2312
chito89, GM,2782,2986
chitogvritooo, WFM,2409,2492
chiuster, CM,1911,2158
chiwii, WCM,2343,2439
chmaster15, NM,2383,2459
chococrispis, FM,2451,2557
chocolate_cookie02, FM,2746,2799
chocolate_pieces, CM,2192,2003
chocolateroses, WIM,2360,2508
cholzan, IM,2211,2428
chomiczek786, CM,2576,2599
chop-that-wood, NM,2150,2000
chopotin, NM,2438,2601
chopper1905, GM,2924,2980
chorejason, FM,1994,2077
chosenpr, CM,2301,2328
chourahbil, WIM,1905,2211
choyeonhee, WCM,1625,1687
chrisbussi, FM,1628,1628
chrispalo21, FM,2212,2279
chrissuleman, NM,2074,1752
christ_is_alive, FM,2454,2548
christatix, NM,2397,2563
christianarca, FM,2958,3022
christoferpeterson, NM,2380,2393
christool2, NM,2379,2559
christopher800, CM,1670,1769
christophergarz, FM,2755,2767
christopheryoo, GM,3095,3162
christov91, IM,2696,2789
chriswallis, FM,1976,2000
chrizzdiano-goonaldo, FM,2300,1882
chronoknight, NM,2556,2674
chsalas, FM,2542,2615
chuchofrio1, CM,2172,2307
chuckphil, CM,2439,2536
chucksterf10, IM,2635,2759
chuddog, FM,2197,2074
chuessco, NM,2464,2545
chupitroko32, FM,2426,2477
chushoudelu, CM,2186,2198
chuson, IM,2680,2701
chxss_khxsbu, WCM,1909,1913
cieguito07, FM,1575,1701
cienfuegos07, CM,1882,1882
cigocavernoso11, WCM,1801,2048
cikagile, IM,2567,2610
cioxminator, IM,2419,2612
cipy77, GM,2585,2788
ciricpx, FM,2371,2453
cirky, FM,2606,2785
ciseric, IM,1575,1788
cisterciense, CM,2225,2095
citychess_said, GM,2503,2503
ciucas1892, CM,2472,2546
ciutadella, FM,2306,1550
cixper1968, FM,1609,1902
cjxchess17, NM,2566,2634
ckgchess, GM,2963,3091
clapton, FM,2236,2316
claretiano2018, WCM,1801,1818
classyel, GM,2264,2533
claudio-negrini-115, FM,2421,2271
claudio2006, FM,2803,2808
claudioa, NM,2189,2254
claudiuprunescu, FM,1968,2170
claudyna16, IM,2297,2400
clayk1ng, CM,2364,2457
cldng, NM,1923,2213
clevervoyage, WIM,2308,2391
climbthematterhorn, IM,2573,2581
closed2222, IM,2124,2028
cluepon, CM,1655,1850
cluke86, CM,2216,2211
clumsy2022, WFM,1329,1439
clydehillkid, IM,2818,2987
cm-jorgetobar, CM,2473,2530
cm-oujda, CM,2609,2734
cm_fm_im_gm, CM,1543,1543
cm_perligero, CM,1543,2121
cm_rui, CM,2741,2837
cmbutgood, CM,2493,2535
cmbutzone, CM,1860,1893
cmfernandez, CM,2213,2213
cmmauricio, FM,2932,3068
cmorales2001, FM,2583,2627
cmpassgall, FM,2506,2444
cmrolchess, CM,2342,2342
cms13, WFM,2210,2366
cmunda, CM,1919,2068
coach73, CM,1804,2300
coach_davido, GM,2682,2848
coach_istvanovszki, FM,2533,2681
coach_jacob, CM,2557,2727
coachalexispt, NM,2337,2526
coachchouchan, WFM,953,1645
coachdean78, FM,2312,2410
coachhakia, NM,1980,2359
coachjkane, NM,2703,2821
coachkevinvelazquez, NM,2395,2433
coachlior, NM,2190,2190
coachlorente, FM,2136,2161
coachofcarlsen, IM,2737,2823
coachpoker, IM,2659,2676
coachrachelle, WCM,1682,1682
coachric, NM,2205,2278
coachvadim, FM,2450,2156
coalescenet, NM,2342,2501
coastaljourney, NM,2343,2382
cobysters, NM,2558,2653
cocaino74, FM,2513,2526
cochess777, CM,2524,2540
cockroach_motel, NM,1843,2003
coco_crc, NM,2466,2525
cocoguette23, CM,2905,2905
cocolino12, IM,2550,1985
cocolino31, FM,2652,2812
cocomieee, CM,2852,2852
cocosiukas, CM,2438,2449
cocovitsch007, CM,2135,2330
codapbg94, CM,1985,2081
codobrego, WFM,2000,2030
codygakp0, NM,2549,2606
coffeehouse_04, FM,2268,2118
coffeelover1, FM,2120,1991
colchonero64, GM,2850,2260
coldplace, GM,2790,2727
colemman, FM,2701,2801
colguamex, IM,1904,1930
colincreeveydennic, FM,2297,2352
colnzhe, WCM,2110,2266
colonelcassad, FM,2460,2542
colorstrilogy, FM,2262,2396
colossus9000, IM,3124,3150
columbiachessclub, NM,2351,2423
colvit, IM,2405,2542
commando_droid, IM,2969,2969
compactsmg, CM,2181,2205
completely_alien, FM,2705,2652
comsac, NM,2569,2667
conejoviejo67, CM,2320,2485
confer77, FM,2487,2541
conformalfunction, CM,2241,2483
confused_3, WCM,2104,2219
conhecimentocaca775, NM,2544,2574
conmbatha, WFM,1474,1632
connected_pawns1901, CM,2425,2462
connienanna, FM,2513,2671
conquering, GM,2742,2803
conquistador-nomada, IM,2957,2807
conscientiousconscious, WFM,1923,1948
contora, GM,2483,2410
contrerasfiorella, WIM,2012,2318
contrversia, GM,2547,2907
converchess, FM,2181,2252
coocloo, NM,2271,2271
cookiesandicecream, NM,2420,2529
cool64chess, CM,2600,2643
coolinglass, NM,2120,2120
coolpache, NM,2000,1753
coolthing, FM,2474,2551
copaamericano, FM,2368,2575
copanchess, CM,2009,2090
copernicium112, FM,2380,2392
coquitovich, NM,2177,2307
coraa29, WCM,1851,2087
corals, WFM,2357,2357
corfuinchess, CM,2150,1876
corjaa7, NM,2250,1923
cornelison, CM,1738,2139
cornwallite, NM,1689,2224
corpescador, CM,2501,2546
corporate_mundo, NM,2441,2639
corvachesky, FM,1662,1788
cory_evans, NM,2202,2202
cosi43, FM,2616,2693
cosmosx, FM,1964,2251
costarenan, FM,2428,2441
costing, NM,2093,2107
couche_tardchess, NM,2522,2537
countofmontecristo, FM,1482,1595
courgete, GM,2499,2507
coyneollary, NM,2728,2738
cperni, NM,2000,2101
cpor3, FM,1955,1961
cptn2, FM,2573,2647
cptyn, IM,2377,2227
crackcubano, GM,2644,2647
crapov, NM,2615,2570
crasmus, FM,2237,2450
crasyhealer, FM,2543,2550
crayonrouge, NM,1959,2000
crazy1chess6, FM,2375,2375
crazy64s, FM,2150,2000
crazy_but_lazy, FM,2625,2780
crazy_eight, FM,2518,2534
crazy_girl99, WGM,2487,2760
crazy_m_attack, WFM,2856,2862
crazy_machine, IM,2658,2855
crazy_passion_fruit, IM,2495,2516
crazybeasts, CM,2631,2709
crazyboy26, GM,1970,1929
crazykillingattack, CM,2499,2520
crazyluzhinth3, IM,2743,2838
crazymartian, NM,2507,2593
crazymushroomt, FM,2632,2725
cream_cookies, WIM,2233,2277
creatino90, FM,2295,2349
creativity, CM,2200,1613
crescendolls, IM,2636,2658
crescentmoon2411, GM,2932,3064
crgkrishna, IM,2522,2667
crimefightingspider07, FM,2534,2540
cristhiancruzsanchez, GM,2623,2738
cristhianportalr, FM,2430,2685
cristi_coca, FM,2251,2444
cristianbale_64, IM,1828,2239
cristiancamilosoto, FM,2543,2655
cristiano78, NM,1871,1895
cristians27, FM,2539,2550
cristiansampaoli, CM,1926,1776
cristianserban1, FM,2624,2696
cristina2011, NM,2203,2178
cristobalblanco, IM,2282,2679
criticalmoment, FM,2450,2138
crni_ns, FM,2036,2157
crobliterator, CM,2367,2406
cronos96, CM,2182,2171
cronos97, CM,2174,2323
crosky, NM,2366,2371
cross91, CM,1721,1810
crossingthestreet, IM,2440,2521
crptone, NM,1950,2213
crtn88, FM,2615,2707
crtsea, WIM,2229,2313
cruel_yaro, GM,2481,2799
crush, NM,1366,2000
crushingkings, FM,2679,2761
cruziana, WGM,2191,2124
cruzwilliam, FM,2407,2416
cryptic_warrior, CM,2513,2513
cryptinz, IM,2721,2775
cryptoguru02, FM,2502,2534
crywolf1986, IM,2532,2645
crzgirl, WIM,2281,2344
csati17, FM,2733,2791
csativero, FM,2580,2551
csb7, IM,2836,2836
cschess, FM,1709,2019
csipi, FM,1905,2103
csovi_csovi_jasper, FM,2249,2256
cthulhuuu, CM,2308,2420
cthutq, FM,1842,1721
ctrlaltdelprtsc, FM,2627,2702
cubitas, GM,2530,2622
cuchulin, CM,1944,2043
cuervito, NM,2556,2556
cugimura97, CM,2772,2772
cukiero, IM,2511,2476
cukin84, NM,1901,2234
cukricek, CM,2384,2556
cukus, WGM,2230,2512
culum2007, IM,2683,2715
cunning_horse01, CM,2656,2700
cuprichanin, CM,2364,2758
curacao2, CM,1605,1605
curradogianfigliazzi, NM,2260,2318
currutaco59, CM,1929,2200
custodioxxi, NM,1856,2084
cute_castle, GM,2417,2518
cuterook, FM,2114,2475
cutesheepcloud, FM,2820,3048
cwbim, NM,2091,2121
cxrjs, WIM,2497,2515
cyb3rfight3r, CM,2353,2436
cyber-alekhine2, CM,2203,2344
cyber87547, FM,2812,2932
cyberdelchess, FM,2496,2512
cyberneticlion, FM,2778,2778
cybersurfer12, FM,2314,2365
cycygogne, WFM,2147,1286
cyrano-lossi, CM,2027,2182
cyrdap, IM,2470,2575
cyrilfelrodtelesforo, NM,2662,2750
cys9772, FM,2604,2634
cz28, NM,2178,2048
czar101101101, CM,1506,2000
czarniecka_a, NM,2000,1754
czasnaszachy, FM,2067,2323
czechmviii, NM,2318,2318
czentoviclifir, FM,2603,2603
czernikowsqa, WCM,1600,1600
d-fernandez, GM,2652,2588
d0br0v01skiy, FM,2627,2825
d0cbr0wn, NM,2395,2482
d0wnpour, IM,2596,2632
d1sintegrator, FM,2590,2786
d27t21, IM,2516,2636
d4ismine, CM,2502,2502
d_prawira, NM,2033,2236
daaksboy, FM,2151,2214
daanbrandenburg, GM,2631,2583
daat, GM,2634,2634
dabee, FM,2255,2496
dacean99, FM,2595,2667
dacf2905, CM,2294,2392
dachessmandan, FM,2566,2724
dacresdon, CM,1165,1481
daddy-cool, FM,2525,2375
daddystrength, FM,2074,2074
dadn02, CM,2211,2211
daeg86, IM,2279,2399
daeneryst, IM,2830,2999
daesdo, FM,2775,2789
daffidollchess2, IM,2601,2677
dafnu83, FM,2503,2639
dafny2005, IM,2517,2517
daggigretarsson, GM,2509,2717
dagurr, IM,2595,2718
dahamdi_sanudula, WFM,2200,2215
daia93, WCM,1197,1730
daika91, GM,2706,2765
dale, NM,1905,2109
daleenw91, WIM,1848,2041
dalichess, WFM,2050,1630
dalmatinac101, GM,3098,3109
damagedoers, FM,2380,2735
damai87, CM,2350,2218
damayito, WFM,1454,1507
damianolew95, IM,2838,2824
damianschualle, NM,2418,2460
damnsexydude, IM,2439,2480
dampfalcon, NM,2452,2640
danath74, CM,2329,2566
dancesar, NM,1884,2063
dancingheaven16, GM,2558,2558
danesz22, IM,2471,2471
danet1994, WFM,1768,1768
danfii, IM,2303,2439
dangerousattack1st, GM,2706,2720
dangerousclicker, CM,2541,2541
dangerouscm, CM,1330,1723
dangerousplayer1st, FM,3029,3029
dangerzone214, NM,2703,2703
danhh2, NM,2120,2047
danhy, IM,2389,2491
dani097, CM,1913,1959
daniel_fridman, GM,2701,2769
daniel_m02, FM,2271,2332
daniel_recker07, FM,2490,2548
daniel_salinas, FM,2242,2221
daniela_movileanu, WIM,2488,2488
danielarias00, FM,2469,2558
danielarias1234, FM,2552,2584
danielaus, NM,1886,2085
danieldardha2005, GM,2774,2770
danielisamazing, NM,2096,2362
danielmieles1985, IM,2811,2824
danielnaroditsky, GM,3074,3553
danielrensch, IM,2579,2855
danielsaiz01, FM,2409,2413
danieltitichoca, CM,2451,2526
daniilshnurov, CM,2207,2175
danikprazak, FM,2289,2086
danilnajdin, FM,2449,2504
danilovvladimir, IM,2469,2690
danioo, CM,2358,2493
danir29, GM,2592,2684
danirod, FM,2703,2703
danishcrown, WFM,1840,1856
danito1954, FM,2828,2871
danitzapr1, FM,1963,1963
dankalpacas, NM,2411,2411
danlowinger, NM,2436,2550
danny, IM,2500,1300
dannyings83972, FM,2575,2671
dannylondon, CM,2450,1956
dannywanny8, NM,2253,2480
danshev16, CM,2635,2716
dantesa, CM,2071,2137
dantesakk, IM,2624,2624
danykopy, IM,2604,2612
danylabagrov, CM,2753,2955
danyuffa, GM,2663,2560
dao-sheng, CM,2278,2278
dapsay, IM,2511,2613
daqzen, FM,2466,2700
dare-dare, NM,2511,2682
darhild, NM,2759,2759
dariavoit, WGM,2566,2619
darius321, FM,2044,2125
dark_horse05, WFM,2140,2152
dark_king_30, CM,2620,2806
dark_soul98, GM,2876,2880
darkal62, IM,2049,2055
darkalekhine, GM,2797,2825
darkbluelord, NM,1940,2230
darkdefense15, CM,2393,2462
darkdefense16, FM,2484,2621
darkknight123456, NM,1906,2112
darkpassenger007, IM,2343,2384
darkshadoowv, CM,2648,2802
darktemplarchess, FM,2519,2527
daro94, GM,2989,3055
darozin, IM,2517,2557
darsen_sanzhaev, IM,2750,2750
darthkiller2020, FM,2325,2485
darwizzyd, CM,1926,1953
darzay, WFM,2099,2569
das_virus_2020, IM,2431,2431
dashi10, CM,2203,2252
dashzapper, FM,2479,2573
data_pillars, CM,2170,2136
dauletova, WGM,2175,2431
davdavtyan21, FM,2609,2681
dave_chessmate, FM,2764,2915
davekoenig, FM,2086,2425
david1998zakaryan, IM,2632,2482
david_alex, CM,2199,2275
david_arutinian, GM,2931,2944
david_atm, CM,2200,2444
david_george21, FM,2604,2689
david_gomez, FM,2515,2515
david_klein, GM,2640,2790
davidalhesa2007, CM,2227,2303
davidarenas1224, GM,2505,2519
davidearcuti, IM,2434,2572
davidfarsen, NM,2212,2338
davidforthoffer, NM,1875,2114
davidgavrilescu18, GM,2922,2960
davidhdzsts, CM,1850,1978
davidkalashian, IM,2416,2474
davidlana1987, FM,2339,2344
davidmarkosyan, GM,2711,2711
davidmartins, IM,2204,2360
davidojeda, FM,2491,2581
davidreti, CM,1802,1991
davidstevanic, FM,2463,2603
davikh, NM,1222,1944
davitsantryan02, CM,2351,2351
davitzarkua, IM,2448,2448
daviv52, NM,2224,2095
davor_rogic, GM,2086,2441
davorramesa, FM,2409,2409
davoz94, NM,2280,2412
davserr65, CM,2041,2111
davsur, FM,2484,2511
davydbg, FM,1673,1894
dawid498, FM,2866,2919
dawidczerw, IM,2543,2569
dawnrule, NM,2582,2707
dawtonlms, FM,2679,2766
dayan64, FM,2297,2329
db-banana, FM,2640,2776
dbestsmiles, FM,2450,1955
dbojkov, GM,2593,2459
dbrankovic68, IM,2228,2295
dcacheiro, FM,2729,2729
dcann0n88, IM,2579,2593
dcremisi, NM,2542,2652
ddt94, NM,1680,2246
ddterziev04, CM,2023,2239
deadeye10, GM,2750,2800
dealshark, CM,2294,2675
deanofchess, IM,2361,2438
dearmike, GM,2468,2587
dearron_fox, FM,2761,2887
deathadder96, IM,2900,2914
deathcounter, CM,2372,2497
deathincoolingmoonlight, NM,2371,2401
deathkni_g_ht, IM,2651,2651
deathlan, CM,2329,2397
deballer, FM,2602,2623
debashisdebs, GM,2773,2801
debilementhol, NM,1981,2270
debussycilienne, FM,2488,2466
declan-smith, CM,2014,2162
dedic8, GM,2896,2907
dedpihto_v_kozhanom_palto, IM,2647,2886
dedushkakolya, FM,2568,2568
deekayy, WFM,1600,1331
deenzerz, CM,2539,2695
deep306, GM,2571,2533
deep_forest_dude, FM,2386,2386
deeper44, CM,2153,2249
deepestfear, NM,2607,2607
deepfear, WCM,1337,1797
deeprabbit, IM,2718,2770
defenceboy, GM,3014,3081
defend1r, FM,2690,2722
defenstrator, NM,2256,2740
defiantchair, FM,2536,2665
defibaugh, NM,2521,2713
degenwaifu, CM,2669,2669
degroottez, IM,2680,2702
deibittowers, CM,1844,1918
deisepereira, WCM,1692,1692
dejannestor64, IM,2223,2274
dejavu-69, FM,1873,2163
delaossa05, FM,2591,2637
deletham, WFM,2052,1910
delhigm, GM,2249,2513
delphin11, IM,2395,2612
delqate, FM,2388,2444
delusional_knight, CM,2437,2779
demeter39, WGM,2203,2648
demon64fields, IM,2542,2695
demondom, NM,2000,2181
den_kuzo, GM,3209,3209
dendirk, FM,2206,2501
denextworldchamp, IM,2549,2667
denghao, FM,2300,1919
denguvi, WCM,1350,1359
denielsafarov, FM,2864,2873
denikina, WFM,2250,1074
denis-radocaj, FM,2556,2566
denis0027-inactive, IM,2635,2635
denis_makhnyov, GM,2885,2908
denis_palkovich, FM,2064,2233
denis_petrukhin, IM,2113,1963
denisenko_denis, CM,2515,2515
denishevm, FM,2798,2937
denispopov, FM,1629,1479
denisq, IM,2376,2376
denizg123, NM,1858,2085
denizozen, IM,3078,3123
denizseyhanoglu1, NM,2398,2398
denksportacademie, FM,1804,1944
denlaz, GM,3238,3263
denmark2015, NM,2699,2699
denniskk, CM,1531,1945
dennisodessa, FM,2522,2562
denozaver, FM,2153,2170
depredadorjwd, FM,2000,1883
depressed_frog69420, CM,2517,2534
der_balak_3halak, FM,2808,2759
der_honigdachs, IM,2330,2399
derbenev_andrey, IM,2500,2460
dereito, FM,2381,2429
derekcclasby, FM,2819,3061
derevnin_mikhail, FM,2158,2440
dergelbfarbefanatiker, CM,2487,1424
deribas12345, IM,2553,2664
derknipser, CM,2365,2492
des_04, WCM,2007,2218
descartest, FM,1984,2102
destroyer305, FM,2587,2697
destroyermassive, WCM,1893,1817
destruyeabuelitas, FM,2601,2563
desxmchna, NM,2313,2545
detimmerman, IM,2807,2948
deuterio010, FM,2722,2734
deutschekaros, WFM,2048,1611
dev_shah2007, CM,2436,2367
deviatkinandrey, GM,2690,2577
devikbronstein, GM,2817,2910
devil71, IM,1979,2199
devil_from_elysium, FM,2242,2116
devil_of_chess777, FM,2261,2493
devil_sun, FM,2486,2764
devildarkrai, FM,2193,2405
deviousman123, NM,2130,2363
devonlaratt, GM,2786,2883
dewa-perang, IM,2201,2414
dewarfd, CM,1805,2119
dexydex, IM,3210,3216
dey2580, IM,2459,2645
deyankostov, FM,2614,2691
dfeco, FM,2262,2430
dfedunov, NM,2617,2635
dforcen, GM,2693,2748
dgwizard, NM,2502,2543
dhammiko, CM,2343,2449
dhanushbharadwaj, FM,2765,2807
dharichess, WFM,1932,2064
dhaydon19, FM,2709,2950
dhlt216, GM,2670,2670
dhoine, GM,2787,2933
dhyanchess, WIM,2157,2157
diablanni, CM,2503,2724
diaghdsfawde, WCM,1908,1451
dialitup, NM,2281,2355
diamantidis_13, IM,2302,2553
diamondcrusher22, NM,2132,2018
diamonds13, WIM,2312,2337
diana_omurbekova, WCM,2109,2109
dianamirza, WFM,2136,2387
diandimov, FM,2733,2751
dianosky, NM,2353,2558
diaschess88, FM,2572,2923
dicuvich, FM,2442,2546
diddydoodat, IM,2365,2474
didenkosergey, CM,1950,1800
didi67, FM,1814,2215
didici, GM,2778,2873
diego_floresq, IM,2629,2712
diegoddios, CM,2072,2235
diegomrchess, CM,1462,1676
diegopretto, FM,1633,1988
dieterputh, FM,2081,2095
digilik, WCM,2171,2341
digitopolis, FM,2450,2300
dii210, WFM,2170,2215
dilan_hernandez_hue1, CM,2206,2266
dilhara_ishini, WFM,1187,1385
dilshad92, NM,2236,2536
dimitrisl, FM,2642,2756
dimke2802, FM,2430,2577
dimonbanan, FM,2603,2710
dimoni64, CM,2203,2271
dimwitchess, FM,2300,2487
dinabelenkaya, WGM,2243,2449
dinamo3, FM,2626,2698
dinamo81, IM,2727,2752
dinarabelguzin, FM,2550,2550
dinarahuseynova, WCM,2020,2062
dindiamond, FM,2285,2316
dinesh501, IM,2405,2405
dinevmk, FM,2312,2501
dinhnhokiet, FM,2942,2969
dinnukhammedtulendinov, FM,2345,2475
dino_ballecer, FM,2496,2565
dinujayakodithuwakku, CM,2342,2412
dinul, CM,1759,1887
dinushkipremanath, WFM,1297,1310
diogenessinopeus, FM,2601,2490
diokletian, GM,2522,2522
diplodonte, FM,2410,2386
dirk_da_player, FM,2148,2148
dirtykabab, FM,2627,2719
disciplinedbrat, CM,2212,2435
disgustingsasquatch, NM,1857,2366
dishal2010, FM,2633,2712
dishonoronyourcow, WGM,2599,2665
diskeleven, IM,2303,2401
disto, CM,2250,2678
disturbed01, FM,2708,2708
ditkin25, NM,2495,2661
ditmansolo, FM,2912,2919
divljasvinja14, NM,2355,2370
divudis17, FM,2588,2677
divyadeshmukh23, WGM,2620,2689
dixit_nikhil, FM,2607,2728
diyaarada, CM,2001,2160
dj-shake, NM,2604,2535
dj_haubi, GM,2022,2632
djager97, IM,2463,2463
djamir, FM,2905,2966
djano, FM,2464,2574
djengisvan, FM,1229,2138
djgolko, FM,2375,2660
djgwards, IM,2429,2476
djjohnnywoo, NM,1991,2263
djogrodek1, FM,2737,2737
djojua, GM,2806,2806
djordjeradoja, FM,2150,2000
dkfdkqhrlglaemfwl, CM,2630,2659
dkmirl, WIM,2074,2132
dksystem2, FM,2078,2213
dlp300, FM,2153,2473
dlr7, FM,2490,2575
dlugy, GM,2832,2779
dlxuniuniu, IM,2346,2466
dmac9999, FM,2269,2269
dmarcolino, NM,1916,2026
dmitriizakurdaev, CM,2358,2401
dmitrijiim, FM,2855,2877
dmitriyobukhov, NM,1963,2095
dmitry2656, FM,1913,2464
dmitry_antonenko75, IM,2453,2347
dmitry_konenkin, FM,2277,2567
dmitry_m1, FM,2472,2322
dmitry_ponomarev, IM,2120,2470
dmitrymaximov, GM,2687,2802
dmjjmd, NM,2022,2330
dmosesov, IM,2638,2705
dmotos, CM,2615,2717
dmschess2024, WCM,2256,2377
dmser, FM,2500,2558
dmvlad, IM,2320,2386
dnxcc64, FM,2301,2311
dobby_the_elf, WFM,2100,2020
dobrivojpopovic, CM,2350,2398
dobrosmys, FM,2308,1395
dobuchak, NM,2253,2158
doctor_luber, CM,2318,2462
doctorcristian, IM,2401,2421
doctorheart, NM,2150,1613
dodorox, NM,2301,2348
dodoucb, CM,2557,2624
doggiebones3000, NM,2300,2414
doghateme, WCM,2425,2425
dogmanstar94, IM,2652,2682
dogrem5, NM,2126,2221
dogsarethebestanimals, NM,2501,2445
dogsofwar, GM,2932,3141
dohochess, IM,2701,2770
dohtem16, WFM,2200,1849
dollar98, FM,2093,2302
dolon2015, FM,2123,2520
dolphin_2010, FM,3102,3042
dolynachess, CM,2510,2538
domalchukjonasson, FM,2594,2777
dominator811, CM,2416,2502
domingosjunior, FM,2512,2533
dominguezonyoutube, GM,2908,3098
dominikaf, WFM,2218,2366
dominikderboss, FM,2785,2809
dominikpedzich, IM,1855,2551
dominov, CM,1795,2237
donbroca, NM,2206,2254
dondimi, IM,2584,2684
donfidodido, NM,2350,1831
donjuanegenaro, FM,1283,2061
donkydonkydonkey, IM,2993,3097
donmichelecorleone, FM,2571,2635
donmikki77, FM,2193,2301
donotreadit, IM,2833,2909
donpreuss, CM,2243,2408
donrodrigue, FM,2607,2466
donsandalio, FM,2200,1739
donseng, FM,2583,2845
donskov_an, FM,2516,2448
dont_be_a_c0unt, IM,2690,2796
dontcatchmeifyoucant, WFM,2403,2403
dontflagme_pls, FM,2757,2833
dontmesswithme_2, FM,2287,2335
dontmesswiththefish, FM,2629,2772
dontstopmemeowth, GM,2812,2824
donwhitenoise, CM,2805,2805
doomking, NM,2035,1792
doons21, FM,2822,2817
dopolian, FM,2502,2622
doraemon7, FM,2863,3004
dorinademeter, WIM,2427,2422
doritos57, FM,2497,2559
dorpato, CM,2070,2079
dorsa_gh2014, WCM,1573,1573
dorsadd, IM,2522,2522
dortmundcity, FM,2745,2634
dostis, GM,2795,2881
dosto07, IM,2141,2351
dotori25, IM,2742,2728
doublefinger, NM,1911,2029
doublekk14, FM,2159,2159
doublesik, NM,2603,2802
doubletactic, NM,2253,2382
doudou1988, WIM,2421,2421
doudou2015, CM,2021,2110
dougeckert, FM,2150,2000
dougie47, FM,2350,1328
doukis, FM,2450,2344
doyen17, FM,2117,2257
dozer80, IM,2320,2690
dp15, NM,2359,2399
dpnorman, NM,2453,2453
dpruess, IM,2075,2657
dpsrpk_sanket, IM,2428,2459
dr-bassem, GM,2893,2893
dr-cro, GM,2818,2864
dr_crypt, IM,2350,2375
dr_drunkensteinzz, CM,2334,2395
dr_morbiusbat, CM,2437,2437
dr_mortimer, GM,2835,2954
dr_munker, FM,2400,2535
dr_nezard, FM,2519,2603
dr_rad87, FM,2672,2737
dr_strange_knight, NM,2403,2407
dr_tatiana, WIM,2305,2308
dr_troll, IM,2644,2833
dr_tyger, GM,3094,3196
dracomaniac, CM,2305,2417
dragansolak, GM,2534,2769
dragnaros, FM,2615,2636
dragon-sword, NM,2443,2511
dragon1249, FM,2791,2791
dragon3567, NM,2244,2304
dragon7040, IM,2907,2907
dragon_2022, FM,2737,2811
dragon_dmitry, FM,2507,2507
dragonb70, IM,3006,3006
dragonemperor2024, IM,2805,2979
dragonflow, GM,2674,2815
dragonkiller15, NM,2367,2358
dragonmeleys, WFM,2083,2209
dragonnimzo, NM,2136,2280
dragonplane, NM,2358,2452
dragonwizard02, CM,2707,2769
dragonzprem, FM,2506,2603
dragos420, IM,2610,2667
drags95, GM,2769,2973
dragzor, FM,2183,2228
drahacik, FM,2136,2136
draksbg, IM,2440,2728
dramapero, IM,2640,2640
drankpuwn, NM,2424,2462
draskovicl, GM,2733,2821
drawd3clined, FM,2804,2945
drawdenied-twitch, GM,3017,3066
drawyah, FM,2145,2145
drbergerberger, IM,2186,2537
drblinditsky, GM,2736,2894
drd_davi, FM,2355,2522
drdaro, FM,2530,2630
drdog123, FM,2500,2685
drdrebeats, FM,2686,2841
drdrunkensteining, NM,2602,2536
dreamer_01, WIM,2444,2624
dreamerdeceiver1, FM,2484,2621
dreamsarefake, IM,2835,2896
drenchev, GM,2422,2572
dres1, NM,1837,2220
dretch, GM,2845,3014
drevo7, WFM,1900,1804
drfast, GM,3000,2865
drherbst, FM,2700,2700
dries02, CM,2511,2633
drillovsky, FM,2204,2204
drinbet, FM,2016,2261
drkozerov, FM,2746,2892
drm_champ3, CM,2783,2828
drmamaliga, IM,2421,2421
drmegalord, CM,2123,2120
drmelekess, IM,3002,3021
drmikko, FM,1977,2303
drn00binator, CM,2413,2413
dropstonedp, GM,3067,3214
drqueenie, WIM,1708,1805
drragnar1, CM,2513,2534
drriebert, FM,2491,2733
drsmrt, FM,1984,2178
drstephenstrange, FM,1954,2099
drstrange2015, CM,2027,1819
drsutek, CM,1797,1805
drtancredi, GM,3054,3049
drunkenstiener, CM,2658,2803
druskacik, IM,2741,2808
drvelja, GM,2977,3057
drwonderkid, CM,2655,2752
drycounty, GM,2609,2702
drzee3, FM,2276,2327
drzz_17, CM,2200,2377
dsanchez1973, NM,2080,2185
dscc, NM,2200,2205
dtchess, FM,2668,2732
dtn70, IM,2308,2336
dtocchioni, FM,2150,2000
dual_flurry, IM,2482,2502
duanlian, GM,2566,2648
dubiousm0ves532, FM,2519,2519
dubs123, FM,2629,2692
ducke13, FM,2007,2242
dudaki, GM,2644,2644
dudedoel, GM,2422,2758
dudkinau2010, WCM,2536,2652
duhless, GM,3040,3136
dukenebur, NM,2501,2503
dukicz123, FM,2494,2563
dulemaster, GM,2411,2261
dulemudule, GM,2634,2988
dulerile, IM,2203,2221
dulger, IM,1920,2282
dumbchess95, FM,2406,2435
dumbernugget, WCM,2244,2419
dumbo_21, IM,2945,2951
duns_scotus1308, NM,2515,2642
duone, FM,2392,2422
duong57, WIM,2119,2273
duongvuanh, CM,2398,2398
dupreeh98, IM,2688,2704
durarbayli, GM,2892,2985
duratschok, IM,2303,2202
durchbruch03, FM,2588,2598
dusanacns, GM,2819,2891
dusanako, IM,2097,2252
dvacetsekund, FM,2243,2376
dvahrasta, FM,2813,2813
dvayntrub, NM,1735,2311
dvella, CM,1346,1869
dvglk, NM,2732,2732
dvglko, NM,2019,2042
dwaynejohnson19, CM,2128,2189
dwb222222, NM,1766,2000
dyadya81, GM,2838,2922
dynamike123, CM,1921,1994
dynamikus, GM,2790,2792
dynamischestrategie, GM,1759,2088
dynamita, FM,2292,2402
dynkshell, CM,2522,2578
dyrizone, CM,1979,2171
dyziotomi99, IM,2512,2661
dzhumagaliev, IM,2808,2945
dzidzik2203, IM,2089,2428
dzil, IM,2511,2676
dzilleruelo, CM,2231,2275
dzisboss, NM,2335,2586
dziththaulydcc, CM,2718,2776
dzuffin, CM,1955,1997
dzundi54, IM,2395,2422
e4bg7, IM,2588,2605
e4d50-1, CM,2754,2753
e4evr, CM,2432,2442
e4najdorf, NM,2082,2335
e4vs, CM,2137,2264
e_miranda, GM,2677,2717
e_s_v, WFM,2197,2318
eagle_2019, IM,2518,2524
eagleclaw07, IM,2771,2804
eagleide, IM,2408,2408
eagleinsky, WCM,1892,1981
eamonmont, NM,2432,2412
early_morning_coffee, IM,2759,2898
earthen_deer, WGM,2325,2360
easemydivinity, IM,2666,2697
easthamchessclub, IM,2298,2574
eatakishiyev11, IM,2710,2775
ebalck, NM,2153,2364
ebret, WIM,2424,2468
ec316, FM,2356,2206
ec45nf36, NM,2301,2500
echecmat, FM,2382,2541
echoingquake, WCM,1644,1644
ecksdeeeeeeee, CM,2018,2219
econ210, WCM,1850,2095
econpower, FM,2823,2835
ecrinella, WFM,2227,2241
ecwinslow, IM,1509,1763
ecztery, CM,2664,2760
edamatta, NM,2017,2036
eddiemarsalla, FM,2767,2856
eddieurquhart, NM,2451,2540
edendzung06, FM,2503,2563
edenhazard8, FM,2553,2561
edgalbraith, CM,1389,1800
edgar_karagyozyan, CM,2534,2586
edgarhay012, FM,2793,2878
edgarrodrigues, FM,2379,2261
edjo32, FM,2450,2450
edmundplayer, NM,2067,2203
ednasiajunior, WFM,1733,1954
eduard_limonov, IM,2518,2759
eduardarbereshi, CM,2101,2103
eduardoo64, IM,2299,2391
eduardoperalta, FM,2557,2552
eend, IM,2117,2117
eepysnorlax, FM,2574,2598
eesha-karavade, IM,2450,1648
efembe, WFM,2336,2336
effefe, WIM,2572,2635
efm13, WIM,2202,2202
efremov_vlad, FM,2077,2212
efrenramos1, FM,2150,2312
ega2006, FM,2466,2466
egehany09, FM,2604,2672
egetuna10, CM,2445,2385
eggcomesbeforechicken, CM,2192,2395
egilstoft1992, FM,2536,2681
egk_06, FM,2667,2711
egnfanclub, NM,1980,2136
egor_kuzmin, FM,2329,2454
egorgeroev, GM,2546,2396
egorov_pavel, CM,2486,2628
egoryakovlev, CM,2530,2612
eguindy, WFM,2100,2256
ehrenfeld, IM,2156,2117
ehsan_ghaemmaghami, GM,2776,2975
eigentourist, NM,1838,2089
eightbyeightchess, NM,2587,2691
eilyisum, FM,2626,2840
einarhjalti, IM,2588,2448
einherjar521, CM,2074,2188
einstein_fan09, NM,2656,2715
eisdecke_lca, IM,2600,2600
eivissa, CM,2470,2679
ejalmedina, FM,2103,2259
ejam94, FM,2555,2573
ejarov, NM,1897,1749
ejw06, CM,1335,1325
ekgamekhelum, CM,2606,2606
ekko_li, IM,2429,2491
ekurtz, NM,2400,2479
el-ajedrecista, FM,1957,1993
el-pansas, CM,2573,2620
el-reptiliano, FM,2447,2318
el-roedor, IM,2485,2339
el008, IM,3021,3060
el_greek, IM,2244,2113
el_matador12, NM,2701,2792
el_sporco, FM,2527,2579
el_ultimo_pablo, CM,2502,2665
elaisaz, WFM,1337,1757
elarbiabobker, FM,1845,2134
elaremetr, IM,2263,2584
elbebiber, CM,2223,2320
elbek_jumanov, FM,2435,2545
elbertzeng, NM,2253,2253
elcala, CM,1293,1624
elcandado, IM,2600,2612
elchacal664, NM,2254,2557
elchechereche, CM,2503,2706
elchess27, FM,2310,2321
elchiricr, IM,2501,2626
elcoachrene, NM,1668,1994
eldax64, GM,2855,2705
eldidi20, NM,2598,2598
eldivis, IM,2488,2659
electrosaw, CM,2704,2704
elefante33, GM,2640,2780
elefante38, GM,2946,2950
elefantenegro, NM,2163,2110
elegance_riks, GM,2716,2799
elektra_01, WFM,2015,2256
elenapershina, WFM,2028,2271
elenek99, WFM,2200,1031
elengajger, CM,2259,2391
eleo02, CM,2174,2234
elephantchessgenius, NM,2272,2272
elespartanooo, FM,2264,2301
elextranjero00, IM,2527,2718
eleyah, FM,2542,2612
elfangm2, NM,2661,2824
elfranco, NM,2613,2690
elgasanov, GM,2489,2365
elgoat010, CM,2104,2170
elgranlucho86, FM,2339,2364
elgrona, NM,2042,2363
elhelvetico, GM,2703,2736
eliclax, CM,1831,1890
elijahlogozarstudent, NM,2630,2773
elikemattah, CM,1301,1228
elimchesskg, CM,2459,2494
elis06, WFM,2486,2486
elisak43, FM,2547,2657
elite_trainer, CM,1972,2013
eliteplayer3, WCM,1851,1896
eliwood44, FM,2684,2721
elizabethcastaneda, CM,2103,2113
elizabethspiegel, WFM,1640,1843
eljanov, GM,1401,1401
ellatambien, IM,2570,1963
elle-al-harab, NM,2293,2363
ellennilssen, WIM,2489,2512
ellicott2012, IM,1464,2000
elliotaldersontwitch, NM,2858,2935
ellipaehtz, GM,2511,2567
ellipsoul, FM,2674,2707
elllipsoul, FM,2702,2719
ellsyum, WFM,1844,2183
elm2007, IM,2969,3157
elmat_unelmed, IM,2646,2663
elmini, NM,2266,2449
elmiraa, WIM,2150,2000
elmirhuseynov, IM,2483,2713
elmismoxd, CM,2606,2701
elmosho7u7r, FM,2465,2584
elmusmolamas, IM,2599,2599
elmuthalleth, NM,1850,2277
elnaz_kaliakhmet, WFM,2132,2202
elohunter1999, IM,2614,2660
eloquentenigma, WFM,1952,1952
elorta_david, FM,2613,2656
elpatodice, CM,2306,2357
elpayasodios, FM,2282,2550
elpeordelosmejores, NM,2615,2696
elpepinillo14, IM,2654,2654
elpera, FM,2429,2555
elprimo0o0, NM,2596,2740
elprofesorsergio, GM,2926,2926
elreydelajedrez33, CM,1986,2344
elrope, NM,2351,2487
elsa167, GM,2903,3039
elsemenova, WIM,2323,2455
elshan1985, GM,2758,2840
eltaj_safarli, GM,2921,3085
eltajsafarli, GM,3028,2922
eltarolo, FM,2467,2628
eltenedor, CM,2070,2185
eltiopacifico, NM,2342,2470
eltrain1971, NM,2200,2281
elusivecat, WIM,2317,2381
elvidirris, WIM,2150,1486
elviraberend, WGM,2430,2466
elvistecso, CM,2512,2534
elynn2h, WCM,2072,2344
elyon2000, FM,2477,2327
emah6, WCM,2163,2234
emanjdj, FM,2353,2468
emeraidddd, FM,3002,3002
emeraldddd, FM,2544,2744
emesebalogh, WFM,2156,2128
emheyturq, FM,2524,2684
emil-zander, CM,2395,2523
emilanka, GM,2074,2196
emilherman, IM,2221,2341
emiliochess, NM,2521,2748
emiliocordova, GM,2791,2879
emilristeski, IM,2800,2894
emily_dawn, WCM,1627,1969
emirgulbeyaz, FM,2499,2532
emirhantarlabasi, FM,2663,2749
emka9335, WCM,1885,2028
emma0110, WFM,2050,1800
emmachess, IM,2804,2809
emojong, IM,2150,2000
emolas-2020, IM,2465,2366
emon005, FM,1697,2129
emop200, FM,2610,2609
emp3rador, FM,2573,2435
emperor87, GM,2492,2584
emrededebas, FM,2638,2695
emtinik, FM,2191,2331
en-quosantt, NM,2264,2286
ena_cvitan, FM,2202,2355
enajer77, GM,2558,2576
endgamedestroyer, CM,2343,2478
endgamegrinder, FM,2594,2540
endgamemaster51, CM,2628,2628
endr_ball, CM,2340,2358
endrick9, NM,2360,2392
eneasz, FM,2656,2657
energetichay, NM,2507,2623
energie73, IM,2010,2341
enfanterrible, FM,2424,2480
engineerspock, CM,2166,2211
english_player_89, FM,2323,2699
engr_arellano, NM,1789,1789
engr_robert_arellano, NM,2060,2043
enguyen2002, WIM,1787,1787
eniolw, CM,2100,1071
enismetin34, NM,2470,2522
enjoyyourchess, CM,2536,2578
enkhnarenkhbaatar, FM,2701,2715
enkhtuul, WGM,2250,2410
enki007, GM,2692,2646
enki1010, NM,2510,2510
enmanueljesus777, FM,2505,2527
enrica007, WFM,2027,2077
enriquack, NM,2543,2659
enriquebutti, NM,1179,2274
enriquetejedor, IM,2868,2937
entschuldigung-c, IM,3020,3010
envigadocity, FM,2057,2226
enyonam-fumey, CM,1657,1680
enzoferrara, NM,2437,2661
enzovsky, NM,2271,2305
enzy63, FM,2152,2002
ephiphanylord, IM,2612,2511
ephraimrosenstockofficial, NM,2589,2612
epica11, WCM,1598,1670
epiclord678, FM,2297,2366
epiksheep, NM,2117,2249
eptsiberia, CM,2424,2436
equeen7, WFM,2272,2305
er_is_geen_hoop_meer, FM,2602,2748
eragon02, IM,2804,2923
erahatom, WFM,1818,2070
eraschenkov, IM,2550,1433
ercoleiaccone, FM,1627,1627
erdni1993, FM,2201,2219
erdnya15, FM,2740,2740
erebuni_is_back, IM,2945,3015
ergali_suleimen, FM,2520,2525
eric_jr_labog_pcap, IM,2746,2768
ericeira, NM,2109,2232
ericovski, IM,2588,2588
ericthered78, NM,2359,2279
erik1971, FM,2056,2135
erikblomqvist, GM,2488,2403
erikhakobyanchess, IM,3004,3044
erikronka, FM,2529,2667
erinlafox, NM,2626,2646
erlesfar, IM,2288,2251
ermenichess, FM,2378,2378
ermito2020, GM,2468,2671
ernestina08chess, WFM,2310,2409
ernestofdz, GM,2668,2687
ernestoguevaralynch, FM,2599,2679
erottev, IM,2506,2569
ersekitamara, WFM,2032,1882
erugee, FM,2082,2082
ervanovic, IM,2594,2595
erwinlami, GM,2872,2900
esapunov, FM,2592,2644
escanor89, IM,2568,2585
escanorthelion7, NM,2535,2535
escher, CM,2015,2141
escudito, CM,2474,2513
esdo577, WFM,2132,2155
eseveisi, CM,2427,2454
esferocito, CM,2046,1291
esilegalrd, CM,2607,2607
esmeraldasanderson03, FM,2653,2762
esooq, CM,2614,2568
esp21caxita, WIM,1538,1815
espinosolano, FM,2374,2434
esquivia, FM,2252,2466
esrosenberg, NM,2401,2463
essequamvideris, FM,2305,2616
esskeettit, FM,2127,2390
estacio99, FM,2678,2562
estebanniram, CM,2400,2400
estelar25, WIM,2250,1714
estocastico, IM,2654,2504
estrategia_vs_tactica, FM,2268,2386
estudiando_ajedrez, FM,2261,2270
estudiar_001, WFM,2138,2312
estupendastico, CM,2684,2725
etcoco, WCM,1678,1828
eternalimprover, GM,2754,2754
eternallymind, IM,2400,1953
eternalnight8, WGM,2353,2393
eternauta2400, IM,2766,2887
etesungam, IM,2435,2575
ethanli-ny, FM,2474,2516
ethannorris2006, NM,2703,2795
ethylalcohol, WIM,1974,1840
etjahs, IM,2532,2382
etmasterl, CM,2407,2633
etoilegeniale, GM,2508,2508
etopak1, FM,2808,2826
etud-otradnoe, IM,2123,2156
euge_chess, WFM,2023,2335
eugenedelacroix, FM,2553,2720
eugenerougon, IM,2848,2851
eugeniusjr, NM,1714,2206
eugeniuszkrol123, FM,2571,2612
eulero78, FM,1829,2022
eurander, CM,2443,2443
euromust, NM,2140,2322
europe03, WGM,2421,2277
eusebius, FM,2486,2554
euwe1234, IM,2501,2587
evachess2006, WCM,1670,1598
evan_attaker, FM,2802,2818
evandro_barbosa, GM,2535,2675
evangelia2012, WFM,1914,1914
evanrsammons, NM,2286,2521
evargalopuch, FM,2194,2254
evergreensf, WNM,2305,2132
evertongambit, NM,2453,2543
everyfishknows, NM,2501,2519
evgche, IM,1389,1389
evgchess5, GM,2198,2573
evgenia89, WIM,1825,2227
evgeniamescheriakova, WGM,975,1630
evgeniy_88, GM,2635,2651
evgeny81, GM,2353,2203
evgenyburmakin, FM,2179,1479
evgenysharapov, GM,2355,2222
evgenyt, GM,2440,2290
evhen_taranenko, NM,2067,2390
evi2703, WIM,1871,2038
evilmorty23, NM,2810,2810
excellent1st, GM,2770,2659
exceptionallydubious, IM,2804,2857
exchange_sacrificer, NM,2408,2478
exchangeab, CM,2523,2525
excitingtrap, WIM,2221,2368
exiledsaint, NM,2329,2300
expii, NM,1830,1993
exploring_chess, IM,2228,2399
exploringchess, IM,2419,2518
explosivehamster228, IM,2826,2826
extremelearner, FM,2606,2646
eyeofeagle, IM,2126,2291
eyhowzitbru, FM,2283,2462
ezarix, FM,2484,2856
ezkybel, FM,2358,2517
ezov, IM,2164,2413
ezwin4all, NM,2158,2414
f-freire, CM,2453,2620
f1chess1, NM,2547,2639
f31watlve, IM,2810,2811
f4sterthanyou, IM,2828,3111
f7m_08, CM,2857,2826
fabianenglert, IM,2572,2422
fabianocarlsen, NM,2792,2792
fabianocaruana, GM,3203,3152
fabianvivasz, FM,2609,2628
fablibi, GM,2588,2757
fabuloso_es, CM,2300,1577
facillll94, IM,2664,2688
fackotall, NM,2369,2733
fadingmustard, FM,2548,2619
fafqulec, FM,2150,2000
fahad, IM,2765,2849
fahmiaac, CM,1992,2129
failinghabit, IM,2603,2603
fairchess_on_youtube, GM,3092,3310
fajnafokaofficial, FM,2440,2608
falcon28dz, WIM,2050,1413
falkentyne, NM,2236,2503
falschgeld, FM,2494,2494
falzehope0, NM,2198,2373
fancyknightmaneuvers, FM,2730,2848
fandebobbyfischer, CM,2844,2901
fandejinx, NM,2000,1927
fandimazen, FM,2364,2381
fandorin779, FM,2448,2569
fandorine, GM,2883,3054
fang3416, CM,2231,2380
fanl71, CM,1935,2052
fannyduartenapoles, FM,2580,2604
fannysyeraunt, FM,2296,2282
fantastic_power, FM,2448,2473
fantom64, IM,2379,2384
fantozzi86, IM,2368,2477
faqade, GM,2627,2729
farah_rhm, WFM,1087,1376
faraone99, FM,2489,2537
fariasov, CM,2116,2186
faridov2010, FM,2223,2344
faridzeynalov86, FM,2375,2663
fariza2018, WIM,2389,2194
farout1364, GM,2683,2811
farrukh_amonatov, GM,2727,2863
farseer25, NM,2400,2417
farzadbfd, FM,2683,2840
fascimate, WCM,1755,1793
fastestmindalive, IM,2815,2839
fastfaun, NM,2350,2350
fastknightz, CM,2208,2208
fastrocket2007, CM,2517,2535
fatgiri, FM,2334,2508
fatupss, GM,2739,2774
fatzl, CM,2269,2347
faustinooro, IM,3015,3151
faustregel, GM,2641,2559
fawolizzo, FM,2037,2138
fcchelsea14, GM,2646,2655
fclitras, FM,2386,2439
fcliverpul, IM,2000,2154
fcm002, NM,2245,2326
fdpo95, CM,2573,2767
fearless_fighter_2800, FM,2418,2481
fearless_guy, GM,2859,2859
fearless_king2, NM,2010,2417
fearless_warrior04, CM,2555,2583
fearlessking64, CM,2241,2356
fearlesss11, CM,2317,2359
fearnoevil12, NM,1922,2063
fedamaster, FM,2360,2550
federicosellitti, NM,2854,2891
federtiu, GM,2821,2836
feegus, FM,2562,2570
feinspitz, CM,1983,1983
feketebarika, WIM,2012,2127
fekirsito10, NM,2413,2413
fekket-eszter, IM,2921,2921
felipe_barreto, FM,2189,2189
felipelobo, NM,2250,1834
felix-rose, CM,1910,2306
felixblohberger, GM,2882,2890
felixjoseynojosa, IM,2829,2840
felixto2010, CM,2617,2657
feliztigriz, GM,2288,2334
fen_fire, FM,2244,2244
fengwi, NM,2467,2488
fenil1995, IM,2521,2723
ferasensio2024, CM,2700,2745
ferch1ni, FM,2638,2637
ferdipy, NM,2301,2579
ferenc83, IM,2419,2591
fernandezl1983, IM,2306,2499
fernando1279, NM,2202,2294
fernando_offermann, CM,2326,2373
fernandoacevedo21, NM,2235,2283
fernandoarauzalonso, CM,2418,2418
ferreret64, FM,2653,2661
ferrufino64, CM,2280,2280
fettucinii, CM,2528,2618
feuervogel1000000, FM,2781,2774
fever_code, NM,2776,3003
ffbp3q, FM,2108,2291
fgawkfiv, CM,1900,2150
fghsmn, GM,2770,2816
fgm1ke, FM,2902,2902
fh2411, IM,2364,2595
fianchesstovietnam, NM,2544,2602
fianchettoed-tower, FM,2472,2335
fianchettoer, NM,2465,2683
fibrinogen, FM,2786,2926
fickenfaith, NM,2469,2527
fiddle99, FM,2521,2726
fidechessing, WCM,2135,1993
fideestonianplayer, FM,2428,2428
fidezivkovic, FM,2085,2139
fidichess, WCM,2353,2450
fiend1, IM,2805,2775
fierydragon87, NM,1794,2042
fighter008, IM,2639,2754
fighter031, FM,2306,2360
fighter2jz, IM,2632,2811
fighterman91, GM,2855,2915
fightingchess, NM,2460,2460
fightingmachine2025, CM,2500,2500
fightos17, FM,2478,2399
figo13, FM,1938,1938
fili86, IM,2536,2603
filipascu, IM,2485,2530
filipets, FM,2580,2670
filipluczak05, FM,2541,2599
filippov_anton, GM,2398,2568
filpo413, IM,2667,2540
filthyanimal, FM,2485,2485
fin, NM,2712,2824
finally_i_won, CM,2018,2424
finalpun, IM,2521,2521
financieru, NM,2519,2599
finec2, NM,1921,2175
finejupiter, CM,2244,2131
fingolfinwarrior, NM,2000,1445
fins0905, IM,2709,2819
fiona, WIM,2412,2412
firebullet, IM,2530,2656
firegrizzly, GM,2544,2544
fireheart92, GM,3007,3037
firewoods, NM,2537,2653
firmtrain16, NM,2347,2347
firouzja2003, GM,3357,3521
fischer_of_rivia, IM,2700,2726
fischerev7, NM,2183,2411
fischerkasparow, CM,1728,1877
fish7728, FM,2024,2024
fish_club, CM,2258,2259
fisher_thegalactic, IM,2853,2836
fisherchess2000, GM,2878,2914
fishface2, NM,1929,2058
fishthatroared, FM,2024,2155
fitnessben, IM,2694,2716
fitnesstraining, FM,2513,2551
fitod, FM,2444,2466
fivestar242, CM,1608,1761
fivetrick, GM,2722,2593
fizmat_64, GM,3014,3014
fizzyband, NM,2565,2697
fjal, CM,2397,2543
fjordgambit89, FM,2613,2765
fks_stal_mielec, FM,1909,2201
fl00red, NM,2652,2660
fla2021, WFM,1512,1619
flabrezu, NM,2255,2255
flaccidmoves, NM,2537,2596
flagged-again, NM,1878,1986
flameboard08, FM,2832,3012
flameoak4464, WFM,1332,1798
flamingdonkey, NM,2701,2710
flamingphoenix123, FM,2566,2583
flamingsword79, FM,2512,2536
flamps8, FM,2576,2576
flapjackpalmdale, NM,2590,2644
flashboy2222, FM,2583,2583
flashpawnj, CM,2349,2367
flatus, IM,1826,2131
flavettes, FM,2359,2713
flavicol64, FM,2211,2377
flaviorcb, NM,1948,2085
flawian2008, CM,2637,2707
flawl3ss_machin3, FM,2522,2744
flawless_fighter, IM,2739,2821
flawlessfightersyx, IM,2707,2707
flchessplayer, NM,2069,2224
fleminga, FM,2746,2754
flemmingway, IM,171,535
fleursbouquet, WFM,1918,2079
flexova, WGM,2461,2537
flicflac, NM,2301,2301
flintrook, CM,2134,2091
flo65, CM,2485,2526
floatingdream1, IM,2806,2909
flomarechot, CM,2305,2376
flomaster111, WFM,2605,2659
flomasteraak, IM,2498,2537
flood_ire, FM,2245,2388
floplover, FM,2208,2383
flora, WCM,2038,2377
florianschwabeneder, IM,2645,2679
flotsie, IM,2599,2692
flubs, NM,2424,2699
flucie, WFM,2100,1383
fluffey, FM,2465,2320
fluffy-cactus-verified, WFM,1996,1846
flukeynz, FM,2168,2172
flutaga, CM,2057,2421
fly_21, FM,2558,2658
flyd, IM,2220,2261
flysoohigh, FM,2587,2587
fm-brilliant, WCM,1804,1446
fm-davidsonr, CM,2151,2344
fm24601, FM,2712,2846
fm9714, FM,2557,2677
fm_crow_fgm, FM,2324,2337
fm_deuteronomio32, FM,2568,2626
fm_kappeler, FM,2109,2198
fm_magua, FM,2431,2589
fm_vs99, FM,2561,2685
fm_vs_noob2008, FM,2189,2194
fmaguilar1, FM,2308,2430
fmalexhdez, FM,2104,2104
fmantonio, FM,2509,2546
fmbraunmarton, FM,2072,2072
fmbutnoim, FM,2366,2366
fmcabralis, FM,2372,2524
fmcarmona, FM,2186,2219
fmcaste, FM,1475,2385
fmjchristie, FM,2613,2634
fmjirapak, FM,1657,2000
fmjoseherrera, FM,2607,2640
fmlarry, NM,2697,2730
fmlzikon, FM,1260,2196
fmnotanim, FM,2658,2703
fmpatzer01, FM,1902,1981
fmpowerwolf, FM,2350,2200
fmpr, FM,2051,1908
fmprasa, FM,2264,2371
fmrini, FM,2184,2448
fmrruss, FM,2198,2273
fmshawnrl123, GM,2921,3028
fmsoumya1984, FM,1983,1983
fmstan15, FM,1855,2062
fmvolodymyrsakun, FM,2834,2834
fmwannabe, IM,2120,2119
fodorpoti, GM,2739,2769
foewa98, GM,2700,2700
fofo65, IM,2502,2502
foggymorning, FM,2563,2626
foldesmarci2009, FM,2250,1875
followrivers, NM,2413,2567
followyourdreams123, IM,2506,2543
fondasmakris, CM,1605,2000
fonsofan, IM,2793,2926
fontvella8, IM,2652,2695
foolnotion, FM,2352,2285
forantes, FM,2489,2704
forastelo, CM,2148,2188
forbiddendesire, CM,2629,2708
fore_man, FM,2223,2301
forest_of_magic, IM,2480,2417
forestferrari12, NM,2209,2209
forevery0ung, GM,2710,2719
forge13, FM,2712,2745
formentopaolo, FM,2609,2615
formerprodigy, GM,2831,3044
fortitudine, NM,2516,2516
fortitudinous, CM,2515,2573
fortizio, FM,2150,1830
fortunategirl, WFM,2108,2108
fourminutewarning, WCM,2169,2492
fourqueens13, NM,2494,2494
foxmanoban, WFM,2163,2355
foxontherun97, FM,2623,2723
fpawn, NM,2169,2368
fq-system, FM,2342,2551
fractingale, NM,1847,2081
fradi82, IM,2174,2208
fraler15, FM,2066,2350
framboisedeprintemps, FM,2527,2377
francesco111, IM,2310,2453
francesco_bernoulli, FM,2438,2523
francescols, FM,2700,2776
francinie, WNM,1908,2262
francisco_ferrari, NM,2088,2265
francogreek, FM,2556,2436
francois-vareille, IM,2307,2307
francois2002, WNM,2319,2526
francyim, GM,2878,2945
frank0288, NM,1829,2049
frank_ocean2, WFM,1894,1913
frankie_badacsonyi, FM,2471,2488
frankiejay, NM,2516,2683
frankieyale, GM,2510,2387
franklinapalomo, FM,2711,2830
frankshar, FM,2418,2469
franmu14, FM,2631,2691
frappeboy, FM,2599,2619
fravatel, FM,2533,2697
fraxerdose, CM,2245,2258
fredddiecroderg, FM,1982,2138
frederickrhine, NM,1948,1949
frederickthemate, FM,2325,1832
frederiksvane, GM,3026,3098
fredim007, FM,2746,2795
fredymatsuura, FM,1973,2359
freecs56, CM,2190,1515
freeeeeeeeeeeeeeeeee, CM,2082,2553
freefresh, IM,2709,2789
freegirll, WCM,2267,2267
freepawntoyou, WCM,2190,2251
frellador, FM,2421,2487
frenchandslav, FM,2540,2540
frenchfries07, WFM,1950,1950
frenchmonster2002, IM,2813,2902
frenchpin, FM,2206,2396
frenchplayer2203, WFM,2083,2138
frequentblunders, NM,2044,2068
freshmozz, NM,1958,1996
fridaywins, FM,1879,2225
friend_of_horse, NM,2272,2417
friesnielsen2302, IM,2463,2552
friteegg, CM,2426,2442
fritz1k, CM,2510,2600
froggy64, WIM,2183,2033
frogmist, FM,2370,2464
frogo47, IM,2501,2512
frolik67, NM,2859,2859
frontier96, IM,2982,3007
frostflower, WFM,2110,2132
frostnova, GM,2932,2782
froylanajedrez, FM,2700,2700
fruehstuecks_ei, FM,2119,2133
fshora, WFM,2612,2623
ftorodent, GM,2487,2603
ftownlt, FM,2697,2562
ftzf1, CM,1955,1805
fu24, FM,2620,2731
fuenfgegenwilly, CM,2635,2785
fugadelafuga, FM,2283,2361
fullsend, NM,2051,2116
fumitoks, NM,2553,2669
funbettor, FM,2004,2004
funki_123, FM,2603,2670
funny_man1234, FM,2762,2792
funo09, GM,3001,2992
furius_baco, FM,2507,2538
furyunleashed777, FM,2527,2506
fusikk, IM,2716,2758
fussy_kitten, CM,2438,2438
futurerise, CM,2263,2302
fviana, FM,2580,2759
fxdon77, GM,2632,2632
fxntxsticfrog, WCM,2147,2262
fy_rakotomaharo, IM,2747,2755
fyall777, GM,1165,1200
fytnob, NM,2160,2302
g-nell, NM,1892,2036
g10de_arrascaeta, FM,2226,2542
g2_g3, CM,1729,1943
g3god, GM,2717,2860
g_threepwood, IM,2643,2763
gaalzsoka, WGM,2403,2433
gaasten, FM,2508,2629
gabcur, FM,2216,2284
gabi_m, WNM,1910,2158
gabix_94, GM,2833,2931
gabkos, WIM,1732,2056
gaborhorvath, CM,2300,2304
gabosalazar2001, FM,2184,2303
gabriel-ledezma, FM,2335,2415
gabriel_pereyra, NM,2222,2326
gabrielcarckeno, NM,2180,2229
gabrielian_artur, GM,2706,2810
gabrielurbani, FM,2207,2241
gabuzyan_chessmood, GM,2898,3067
gaby_przz, CM,2649,2744
gadimbaylia, GM,2789,2950
gagic233, FM,2613,2708
gagtemp, WCM,1478,1774
gaguna, GM,2543,2549
gahan-mg, FM,2750,2807
gahryman, GM,2368,2704
gaioznigalidze, IM,2801,2904
gajuchess, GM,2596,2819
gakashchess, GM,2657,2866
gakov06, CM,2650,2743
galaxyroman, FM,2675,2675
galiev_azat, FM,2183,2256
galileo22, NM,2740,2859
galperinplaton, GM,2862,3057
galvanpalaciego, FM,2097,2083
gamayevoleg, NM,2681,2684
gambitgiesbergen, FM,2305,2305
gambito_se, NM,2343,2528
gambledore88, IM,2531,2630
gamblersdeltablero, WFM,1888,2225
gamboajp, CM,1777,1903
gameking51, FM,2510,2599
gameoverbro, CM,2643,2696
gametelerna, NM,1628,2086
gamma42016, WCM,1650,1815
gammagramma, IM,2701,2741
ganardespacito, NM,2356,2412
gandeevdhari, FM,1902,2032
ganec4, FM,2515,2441
gangster-accountant01, FM,2824,2925
gangsterrito, FM,2399,2399
ganihamiti, FM,1858,2018
gannibal53, IM,2475,2605
ganziitoo, IM,2530,2585
ganzy, NM,2493,2653
gao, NM,2257,2520
garayevkanan, IM,3000,3044
garbaranza, IM,2402,2402
garcho08, GM,2763,2893
garciaisaac, FM,2801,2820
gareth-bale11, GM,2906,2961
garfield000, CM,2294,2344
garfield_pg, CM,2500,2578
garfio2017, NM,1930,2147
gargleblaster, NM,2650,2783
garicardi, CM,2169,2275
garicradomir, FM,2298,2573
garmendiarov, CM,2402,2523
garnikn, CM,2309,2392
garpun, IM,2522,2522
garradetigregrande, FM,2566,2600
garth_vader, CM,1715,2086
garycoldman, IM,2806,2901
garzonchristopher08, FM,2378,2216
gasconjr, GM,2654,2819
gastonnmartin, FM,2538,2677
gaswerd2, FM,2708,2723
gatitodog, CM,1625,2075
gatocorbis, FM,1866,1962
gatorcity, NM,2705,2743
gatorojo150, FM,2705,2705
gats1, GM,3002,3002
gattass, FM,2360,2261
gau248, FM,2702,2702
gau_npukyputb, FM,2781,2973
gau_truc_lon, FM,2374,2273
gauranga, FM,2119,2516
gauravthegm, CM,2391,2501
gausal, FM,1711,1981
gawk, NM,2146,2427
gazaman_empire, CM,1900,1905
gazasoul, WFM,2507,2526
gazpacho210, WFM,2039,2362
gbg10, FM,2474,2608
gbidari, NM,2033,2445
gcal9999, FM,1997,2168
gcamachomartinez, FM,2070,2155
gcgeek, FM,2643,2669
gdandedafa, CM,2252,2281
geeeeri, IM,2479,2515
geekphysicist, IM,2812,2917
gektar1988, IM,2574,2654
geller_jakov, GM,2803,2821
gelmanalexander, IM,2760,2776
geloball98, FM,2379,2401
gelowkey95, NM,2712,2720
gemarin, CM,2010,2170
gemdzq, WFM,2163,2303
geminiboy, GM,2578,2692
geminithegreat, WCM,2238,2386
gen-gutman, GM,2697,2793
gena217, GM,3003,3003
genarovsky, NM,2205,2322
gendysel, FM,2672,2715
generalas, FM,2222,2317
generation_xl, FM,2906,2906
genghis_k, GM,3028,3265
geniovich, NM,1906,1967
genivantruthfulprince, CM,2400,2427
gennady_kozlov, FM,2602,2594
gensunasumus, NM,2802,2733
gentle_emperor, FM,2386,2541
geordie_derraugh, CM,2533,2633
george1977, FM,2289,2272
georgescu_tiberiu, GM,2695,2760
georgeten, FM,2318,2367
georgetherealmvp, FM,1577,1577
georgiossouleidis, IM,2545,2680
georgmeier, GM,2763,3023
georgpapi, CM,2529,2559
gerasimenyuk_miha, FM,2629,2733
geremyx, GM,2489,2478
gergo85, GM,2468,2514
german_bazeev, FM,2823,2979
germanovs_georgijs, CM,2764,2913
germily, CM,1643,1967
geroinia, FM,2690,2743
gerry0406, FM,2062,1977
gerundininumber1, NM,1929,2381
gevo1990, FM,2526,2516
gevorg_harutjunyan, GM,2829,2808
gfabian, FM,2152,2144
gg91, IM,2654,2654
ggfrances, NM,2262,2314
ggg, GM,2371,2240
ggmiszczu, CM,2765,2774
gguseinov, GM,3012,3028
ggx0x0, WIM,2571,2664
gh6999, FM,2581,2592
ghanabenson, WCM,1436,1592
ghandeevam2003, GM,3169,3244
ghdeer2016, CM,2055,2160
gheghe11, NM,2150,1600
ghertneck, GM,2572,2422
ghost_pepper, WIM,2439,2624
ghostofgreenval, IM,2790,2648
ghostqiuyu, FM,2377,2541
giacinta_k, WFM,1710,1865
gianmarco_es, IM,2858,2950
giannatos, FM,2652,2761
giantgoogachess, NM,2628,2646
giantslayer83, GM,2545,2395
giantthresher, GM,2204,2877
giftedcreation, NM,2427,2540
giftedhandz31, NM,2100,1837
gigaquparadze, GM,2674,2877
giglivillar, CM,2242,2290
giibi, WCM,1808,1875
gilbertelroy, IM,3005,3009
gilbertohernandezamura, CM,2608,2608
gilliganslaststand, NM,2579,2652
gilmil, GM,1907,2020
gimagibi, FM,2107,2507
ginger64, NM,1676,1898
ginger_gm, GM,2565,2675
ginzburg_yakov, FM,2360,2347
giomar27, CM,2312,2492
giorgi-sibashvili, IM,2785,2793
giorgichess, IM,2530,2530
giorno, FM,2452,2844
giovannibrandao7, NM,2142,2229
giraffe_chess, NM,2698,2759
girlmaster9, WFM,1817,2112
girthyhuell, NM,2609,2720
gisela_roque, WFM,1857,2179
giulianodragon, FM,1852,2064
giulioborgo, IM,2255,2270
givesalltheflow, GM,2784,2944
gixfantastix, CM,2222,2257
gkaru, CM,2115,2324
glaciergambit, NM,2066,2157
glavkonvvs, FM,2572,2601
glebus008, FM,2469,2469
glenelco, CM,2264,2178
glenntipton, FM,2620,2620
gleruste, CM,2623,2623
glidzhian_gor, FM,2640,2838
gliga, FM,1962,2460
gliglu, GM,2260,2292
glingler, FM,1800,1650
gloria2024, FM,2727,2700
gloria94, WIM,2400,2409
glucolisis04, CM,1959,2032
gluestix, CM,2030,2004
glysend, WNM,2228,2434
gm-2023, FM,1529,2079
gm-2024-gm, CM,2005,2274
gm-andreyorlov, GM,2850,2850
gm-mamapenny, FM,2605,2737
gm3t, IM,2500,2000
gm4life, NM,2612,2619
gm5050, NM,1834,1983
gm_aag, GM,2895,2711
gm_andrei_murariu, GM,1674,2128
gm_barcenilla, GM,3002,3022
gm_batchuluun, GM,2606,2793
gm_chesstosterone, FM,2563,2675
gm_crest, GM,2805,2873
gm_d85, GM,2861,2923
gm_darwinlaylo, GM,2504,2612
gm_dmitrij, GM,3073,3110
gm_donatello, GM,2721,2884
gm_dylan, IM,2531,2479
gm_levan_pantsulaia, GM,2677,2692
gm_naw, FM,2423,2545
gm_orange, FM,2605,2748
gm_path, FM,2634,2699
gm_petrovich, GM,2534,2612
gm_rashid, GM,2483,2741
gm_robertomogranzini, GM,2488,2711
gm_schlaechter, CM,2557,2857
gm_shahin, GM,2901,2870
gm_splinter, GM,2243,2093
gm_waskiri, CM,2038,2382
gm_yupi, GM,2788,2788
gmaka, IM,2641,2715
gmakobianstl, GM,2743,2631
gmalex1971, GM,2079,2141
gmalmeida, GM,2342,2342
gmalsayed, GM,2792,2929
gmaneta, IM,2562,2623
gmartin_petrov, GM,2617,2617
gmarunchess, GM,2517,2659
gmashley, GM,2365,2535
gmaster1970, IM,2350,1996
gmasterkiller, GM,2647,2756
gmatingo, CM,2352,2401
gmaxel23, GM,2593,2710
gmbellicose, GM,2650,2521
gmbenjaminbok, GM,2893,3060
gmbenjaminfinegold, GM,2580,2793
gmbmw, NM,2694,2833
gmboorchess, FM,2445,2449
gmcanty, FM,2717,2774
gmcarbone, FM,2249,2265
gmcarlosaobregon, GM,2765,2780
gmcheparinov, GM,2733,2733
gmchessrob, GM,2814,2814
gmcorrales, GM,2830,2880
gmcyborek, GM,2614,2659
gmdavenogood, GM,2568,2689
gmdj77, CM,1885,1984
gmedina2000, FM,2408,2413
gmedmundo, GM,2635,2705
gmelviro, CM,2204,2229
gmemmancarter, NM,2499,2533
gmforgacs, FM,2501,2496
gmfyhr1, FM,2729,2788
gmg, GM,2090,2804
gmgamil, GM,2759,2830
gmgrandfa, IM,2757,2600
gmgunsal, CM,2507,2521
gmharikrishna, GM,3020,3020
gmhess, GM,2813,2901
gmhikaruontwitch, GM,3141,3369
gmjacobaagaard, GM,2199,2584
gmjankovic, GM,2299,2299
gmjimknopf, IM,2640,2658
gmjlh, GM,2953,3070
gmjoey1, GM,2506,2972
gmjuliogranda, GM,1656,1800
gmkomarov, GM,2617,2617
gmkrikor, GM,2703,2888
gmlazarobruzon, GM,2660,2660
gmmarcelkanarek, GM,2688,2688
gmmarcindziuba, GM,2633,2483
gmmatamoros, GM,2586,2684
gmmelik, GM,2501,2577
gmmoranda, GM,2856,2945
gmmoskalenko, GM,2383,2278
gmneiksans, GM,2934,2934
gmnickpert, GM,2548,2767
gmoratovsky, GM,2568,2507
gmpacman, GM,2710,2607
gmpencilcase, CM,1974,2039
gmpeter008, GM,2182,2556
gmpontuscarlsson, GM,2671,2671
gmrafpig, GM,2656,2711
gmreniergonzalez, GM,2801,2801
gms_nightmare-4-ever, NM,2515,2515
gmsagor, IM,2709,2669
gmsakk, GM,2686,2761
gmsergiobarrientos, GM,2776,2891
gmshoti, CM,2605,2605
gmsiddharth_jagadeesh, FM,2492,2531
gmskorpion, FM,2542,2644
gmsolver, GM,2871,2994
gmsrinath, GM,2934,3018
gmstefanova, GM,2630,2649
gmsuperglue, NM,1949,2086
gmszabo, GM,2340,2340
gmt4114, WCM,1713,1887
gmtalentoso, IM,2378,2556
gmtalks_youtube, GM,2528,2686
gmtamaz, GM,2241,2241
gmtazbir, GM,2861,2886
gmthekingindian, FM,2382,2519
gmtodorov, GM,1510,2249
gmtopmoves, GM,2663,2528
gmvaleduser, GM,1354,3213
gmvallejo, GM,3016,3028
gmvignirvatnar, GM,2733,2822
gmvladimir_petkov, GM,2491,2594
gmwso, GM,3093,3206
gmyarick, GM,2660,2850
gmzaven, GM,2955,3011
gnechko_ruslan, NM,2298,2441
gnowreopard, GM,2667,2708
go-gobear, CM,2177,2287
goa, FM,2327,2381
goala, NM,2513,2619
goamaster, CM,2137,2200
goanchesstrio, GM,2841,2841
goatdictator, FM,2497,2497
goatvalenciagolvalencia, CM,2441,2307
gobbles19, WFM,2297,2462
god_speedmove, CM,2645,2767
goddanielm, NM,2299,2571
godlento, FM,2300,1893
godspeed, GM,3003,3003
godspeed66666, IM,2715,2785
godzilla099, GM,2832,2841
godzillachessyoutube, FM,2314,2314
goffredo_fofi, FM,2466,2509
gogiametutune, GM,3003,2954
gogieff, GM,2879,2940
gogogogogogogogo5, NM,2703,2773
gogolev_artemy, IM,2643,2653
gogolis, FM,2144,2179
goi_manne, FM,2457,2524
goingin33, NM,2329,2541
goingkronos, GM,2469,2342
golaiet123, CM,2521,2521
gold94, FM,2450,1953
gold_ocean, FM,2607,2700
golda17, IM,2550,2104
goldawn, CM,1988,1838
goldaxe, FM,1866,2000
golden3agle, NM,2409,2420
goldenbuzzer, FM,2898,2916
goldengolem, IM,2007,2316
goldenhens123, WCM,1860,1860
goldenpuppy, WIM,2571,2662
goldenshare, FM,2717,2777
goldenspine, NM,2235,2470
goldenstein277, CM,2365,2469
goldn1, NM,2158,2008
golem2007, CM,2061,2000
golfbeforechess, FM,2105,2400
goltsevdmitry2000, FM,2942,3008
golubov_saveliy, IM,2921,2786
golubovsky, FM,2668,2730
gomatan, FM,2200,2198
gomeschess02, NM,1951,2180
gonzalezmer, CM,1919,1804
good_knight_kiss, NM,2180,2258
goodluck06, GM,2564,2583
goodnigth, FM,2202,2372
goodoldbell, NM,2568,2686
goodwilll, IM,2227,2301
goofypenguin96, WFM,2584,2603
google0109, CM,2220,2206
googlegoom, FM,2147,2147
gopalgn64, GM,2281,2401
gora2812, CM,2321,2562
goran_galiot, FM,2235,2524
goran_vajic, FM,2651,2661
gorato, GM,2433,2573
gorbaev, IM,2578,2583
gorcsi_gg, FM,2462,2552
gordima, GM,3004,3024
gordonzyxu, CM,2064,2064
gorum96, FM,2006,2220
gorvachov, FM,1991,2181
goryachkina, GM,2650,1969
gospodarsaha07, FM,2685,2781
gothamchess, IM,2874,3058
goty09, CM,2494,2494
goughfather, CM,1613,2085
gougoune25, FM,2274,2516
govalya, WGM,2354,2344
gp9isback23, FM,2801,2842
gpapa17, FM,2535,2552
gpeloui, IM,2664,2735
gpsji27, WFM,2668,2682
gracefulyear, GM,2741,2739
gracielah, WFM,979,1200
gradualismunleashed, IM,2496,2735
grafdemontekritz, GM,2606,2529
graflermontov, FM,2650,2739
grammnik, FM,2014,2216
granddesign, IM,2514,2667
grandelicious, GM,2829,3036
grandglacier, FM,2208,2388
grandmasta23, NM,1960,2291
grandmaster1369, GM,2676,2746
grandmaster2b, IM,2929,2929
grandmasterbomo, FM,2301,2322
grandmasterdraw, FM,2175,2442
grandmasterforester, NM,2191,2304
grandmastergauri, FM,2942,2942
granguerrerov, CM,2560,2560
granjeroverde, FM,2265,2116
gransiurell, FM,2126,2284
grant06, NM,2436,2456
grantelgibbs, FM,1563,2200
grapefruitshapehead, NM,2588,2700
gravity_chess, FM,2935,3097
great_fischer, CM,2057,2063
greatdamnedredspot, NM,2351,2206
greatowl02, WGM,2424,2507
greatunknown, NM,1573,1800
grebeniuk-s, NM,2738,2772
grebnev_a, GM,2703,2667
grecescu, IM,2187,2332
greekplayer1, FM,2863,2889
greenchessangel, NM,2281,2366
greengrass100, WCM,1847,1806
greenhaven, IM,2259,2465
greenranger87, FM,2601,2485
greenrose2, WCM,1873,1983
greenviper2025, FM,2524,2576
greggstanley, NM,2150,2000
greglebarbare, CM,2121,2422
gregory_the_illuminator, CM,2152,2190
gregoryacholonu, FM,2467,2486
gregshahade, IM,2639,2659
greguer, NM,2203,2405
grellmann, NM,2025,1895
gremioprudente, NM,2127,2098
gretercr006, WFM,2071,2153
greyshark670102, FM,2618,2650
grieve72, IM,2678,2739
griffinmac, NM,2541,2615
grigordilanyan, FM,2657,2731
grigorgrigorov, GM,2759,2852
grigoriym2001, FM,2681,2736
grillojuancruz, NM,1983,2105
grimlock_glasgow, IM,2321,2474
grind2glory, CM,2315,2345
grineva_marianna, WFM,1980,2491
grinpavl, FM,1641,1623
grischuk, GM,3096,3310
grl77, CM,2293,2354
grnic1, CM,2218,2390
grobdeg, FM,2524,2667
grobesk, CM,2007,2221
groetzi, FM,2493,2519
grolica, IM,2400,1645
grootneus, FM,2153,2318
groovykettle, GM,2942,3029
gross-aleks, NM,2583,2648
gross77777, NM,2100,2062
grossboss19, FM,2274,2274
grotbchess, CM,2487,2581
grouvilleknight, CM,1217,2011
grozdanovic_a, WFM,2295,2199
grugo64, FM,1994,2103
grumblebruno, FM,2324,2589
grumpyguru, NM,1974,2042
grunbergmihai, IM,2497,2537
gryffindorac8, CM,2454,2490
grzechu96, GM,2598,2666
gshwbedhkhd, IM,2636,2655
gtnamfrq, FM,2433,2471
guachiney, GM,2786,2792
guadabesso, WIM,1910,2395
guanchess, CM,1842,2012
guapology, FM,2080,2208
gubajdullin, FM,2350,2312
gudmundur_kjartansson, GM,2347,2347
gudrae, CM,2225,2486
guenplen, GM,2981,3013
gueraumasague, FM,2605,2553
guerraperez, NM,2198,2270
guesitos1, IM,2549,2591
guesschess_game, GM,2064,2453
gufeld156, FM,2242,2242
gugeul90, FM,2053,1903
gui-weezy, CM,1953,1163
gui_borba, FM,2436,2474
guicar16, CM,1972,2090
guilhermedeola, NM,2311,2306
guillaumeg63, CM,2529,2540
guillead1, FM,2537,2642
guillejr, CM,2108,2123
guillembaches, IM,2338,2400
guilty93, FM,2564,2719
guineapig25, NM,2302,2398
guineo59, NM,2086,2355
guinero68, FM,1985,2256
gukeshdommaraju, GM,3075,3193
gulamalirises, FM,2810,2955
guldona_2007, WIM,2027,2062
gulenayaydin, WIM,2556,2739
guliev_gasan, CM,2145,2454
gulkov_igor, IM,2248,2402
gullinburste, CM,2825,2869
gultgontkharta, IM,2733,2739
gululu, WIM,2298,2299
gumimis, FM,2308,2244
gumisglhf, FM,2327,2327
gummigisla, FM,1815,1665
gummyfox, IM,2796,2894
gundavaa89, GM,2691,2755
gundcito, FM,2343,2343
gunner214, FM,2805,2835
gunslinger222, FM,2316,2316
gupta688, NM,2206,2206
gurelediz, GM,3259,3273
guriempire, GM,2835,2881
gurudub, NM,2053,2321
gurvich_vitaly, FM,2650,2623
gusanchutik, GM,3001,3181
gusarov91, IM,2503,2661
guskan67, IM,2432,2365
gusmaster2262, CM,2413,2413
gustavoaoliveira, NM,2309,2527
gustavocelis, FM,2323,2434
gustavojuarezf, FM,1431,1640
gustifirmansyah99, NM,1824,2089
gutovandrey, GM,2221,2258
guubol, CM,2309,2399
guyford, NM,1892,2004
guzman70, CM,2044,2290
gvala, FM,2136,2248
gvetadze, WGM,2603,2603
gw_pabst, NM,2591,2632
gwkayser, NM,2600,2600
gxbg2000, NM,1673,1832
gyalog75, FM,2655,2505
gympod, NM,2517,2523
gyoung11, NM,2604,2857
gyulamiryan-koryun, CM,2271,2378
gyurjinyanvalter, CM,2233,2077
gzqsh07, IM,2849,2869
gzucaritas, WIM,1950,1432
h-aryanejad, FM,2007,2282
h16, WGM,2523,2664
h3nriquetv, NM,2447,2537
h4parah5, GM,2788,2872
h_e_d_g_e_h_o_g, IM,2179,2109
haapana, IM,2030,2521
habab9995, FM,2350,1998
habadra, NM,2022,2256
habitus, FM,2344,2441
hackingkid98, IM,2580,2723
hackwithblack, FM,2626,2728
hadza_3, FM,2500,2568
hafez_bakr, IM,1578,1993
hai_rapidgiulesti, CM,1853,1927
haigiong, IM,2682,2693
hajialiyev_islam2008, CM,2873,2885
hajiyevkanan, FM,2538,2550
hakan_erdogan, FM,2039,2039
hakanazeri2, IM,2913,2928
hakiki_satranc, CM,2460,2614
hakimazzz, FM,2491,2673
hakobyan970, FM,2290,2334
hakona_mateta, CM,2015,2015
halfclosed, NM,1866,1795
halfiscrayfish, FM,2771,2788
halfnatty, GM,2802,2802
halla_123, WFM,2109,2204
halleyscommet, FM,2827,2827
halvard, FM,2158,2158
hambardzumyan_yuri, IM,2279,2466
hamedwafa4, IM,2916,2962
hamelekh, IM,2618,2765
hamidrezatahmasebii, FM,2681,2735
hamisandwich, GM,2738,2749
hamishbassig, FM,2140,2461
hammahamma, WFM,2445,2470
hamonde, GM,2826,2735
hamood-albusaidi, CM,2354,2398
hamurrapi, FM,2442,2553
hamzandar123, NM,1993,1993
hananmo, FM,2522,2542
hananoyouni, IM,2342,2396
handsoffhans, FM,2244,2464
handszar, GM,2233,2317
hangar-18, FM,2771,2781
hangemhigh, NM,2379,2259
hanging_pointer, FM,2623,2902
hankmd, NM,2301,2308
hannahsaycestreams, WCM,2374,2438
hanoirocks, NM,2209,2209
hanqi, FM,2879,2938
hans_l4145, IM,2954,2954
hanschut, CM,2312,2389
hansen, GM,3121,3265
hansontwitch, GM,3106,3227
hanzo_hasashi1, GM,2986,3021
haobuitrong, FM,2478,2618
happy1712drummer, IM,2390,2402
happyowls, WIM,2303,2340
happyushindi, WCM,1952,1952
haragas, NM,2516,2631
harald_blatand, CM,2555,2567
harald_schmidt, FM,2145,2188
hard_utilizator, FM,2563,2437
harddrive54, CM,2485,2553
haridaskesavan, CM,2132,2153
hariputter, FM,2571,2714
harkerchess, WIM,1907,1907
harkow, NM,2573,2657
harrisonchess21, FM,2800,2826
harry_rakkel, GM,2467,2531
harrycun, CM,2184,2206
harryhexblade, CM,2456,2484
harsha_bharathakoti, GM,3009,3037
harshhashu, WIM,1730,1797
harshu27, NM,2404,2718
harut-1998, IM,2711,2747
harutjunyan-gevorg, GM,2801,2738
harutyuniantigrank, GM,2813,2767
harvardrocks, FM,2562,2604
harykane, NM,2641,2773
hasagoodchesser, FM,2721,2728
hasangatin_ramil, GM,2599,2449
hashtag_chess, CM,2303,2303
hashtagchess, WCM,1790,2009
haski_2014, WCM,2312,2380
hatilay, FM,2660,2801
hatmov, IM,1942,2283
hatsummei, IM,2701,2655
hatsuzukimeiso, CM,2420,2439
hattori-hanzo78, FM,2702,2752
hatvsp923, IM,2614,2672
hauptsache_gambit, CM,2228,2302
hawes33, WFM,2672,2672
hawk_goat, FM,2206,2340
hawkcallen, NM,1735,1974
hayderserfa, CM,2134,2150
hayhalam64, GM,2237,2634
hazy13, NM,2320,2477
hblanco, IM,2723,2816
headshotromantest, NM,2300,2415
healthybrick2, NM,2505,2505
heartablaze, GM,2910,2910
heartofatiger, IM,1951,1951
hectorfiori, CM,2195,2360
hectorleyva, IM,3033,3040
hedgehogtheking, WIM,2497,2654
hehu, CM,2169,2474
heimmc, WIM,1584,1673
heinichesspy, CM,2194,2262
heirate_mich, IM,2497,2516
heisenber_g, CM,2424,2524
hekasawari, WCM,2130,2130
helenajoanalichen8, WFM,2062,1601
helenita13, WFM,2303,2312
heliopsis, GM,2447,2675
heliosis11, CM,2092,2237
heliotropador, FM,2015,2025
helissalt, IM,2026,2166
hell3raiser, IM,2150,2162
hellborgfm, FM,2663,2692
helllborg, FM,2340,2379
hellmasterpiece, GM,2885,3075
hellokostya, IM,2635,2689
helloworld1262, GM,2500,974
helpmat, IM,2248,2261
helverthernandez, CM,1865,2116
hemantsharma, IM,2631,2657
henriksk, NM,1950,1519
henril, FM,2497,2679
henrygra, FM,2150,903
henryhoinhei, FM,2050,2050
hepyeke, FM,2209,2279
hercog, FM,2143,2511
hercules64, GM,1787,2245
hereticus, FM,2163,2229
heretoflag, NM,2320,2401
herewecomes1, FM,2526,2630
herman-ny, IM,2524,2665
hermangrooten, IM,2147,2161
hermanho, CM,2471,2646
hernancatelli, CM,2373,2223
herostring, FM,2273,2495
herowilczek, CM,2727,2731
herracek, IM,2420,2499
herzog2012, FM,2772,2821
hesham-a, GM,2604,2624
hexagonwarrior, NM,2506,2506
heyerik, NM,2605,2589
heyiampotato, IM,2539,2562
heytbeteacher, FM,2902,2921
hhtor89, FM,2248,2399
hiddenmachinations, CM,1513,1645
hieii, NM,2601,2608
hienng1301, WCM,2172,2047
hieronymus00, WIM,2329,2377
highercontrast, IM,2345,2457
highkenny, IM,2736,2740
highlama, FM,2152,2320
highlawview, CM,1738,2052
hightide, NM,1470,2000
hiharuka, WCM,2612,2700
hijorojo19, FM,2341,2341
hikaru, GM,3315,3570
hikaruchija, FM,2533,2553
hikeman2017, CM,1441,1327
hilary46, FM,2613,2791
hilmiparveen, WFM,1957,1965
himallama, CM,1955,2106
himera, IM,2406,2303
himmybuckets21, NM,2408,2519
hiperion131, FM,2177,2388
hippotaner, FM,2412,2542
hipsterchess22, CM,2200,2219
hirna2005, FM,1748,1961
hissha, GM,1773,2024
hitaman, GM,2747,2747
hitechpanama, CM,2318,2326
hittingrookbottom, FM,1779,1828
hjlc2009, WFM,2189,2197
hk1974, IM,2120,2042
hkburwell, NM,2661,2661
hmag76, FM,2110,2215
hmolvig, CM,2197,2197
hoacin, GM,2474,2444
hobbit_01, WCM,2417,2438
hocalarinhocasi, FM,2166,2232
hoffmana26, GM,2570,2470
holden-caulfield, FM,2838,2957
holep, FM,2340,2473
holimax, CM,1744,1953
hollywood_chess, NM,2284,2564
homayoontofighi, GM,2908,3007
homayooont, GM,3052,3054
homelander150, IM,2108,2353
homeless_patzer, NM,2717,2782
homelesssteven, FM,2703,2772
homino, WFM,2147,2414
homosacer97, FM,2255,2315
homyakova_elena, WFM,2100,1567
honestgames, IM,2771,2885
honestgirl, GM,2311,2590
honestjoe1, FM,1851,2062
hongjin, IM,2841,2923
hongnhung1234, WFM,2607,2695
honiex, FM,2511,2534
honorataa, WFM,2300,1755
honzarubes95, IM,2433,2456
hooded_old_man, CM,2138,2334
hoosierdadi, IM,2604,2536
hope_6, FM,2608,2778
hoplex, CM,1855,2143
horaciomedeiros, NM,2143,2312
horakio, NM,2220,2314
horcruxbb, IM,2282,2422
horizonevent, GM,2423,2659
hornsounder, FM,2348,2517
horokoskii, NM,2171,2346
horpereyra17, NM,2334,2431
horripile, IM,2453,2679
horselover123, NM,2376,2573
horsesgalore, NM,1802,1851
horseychess, WCM,1774,1855
horus31, CM,2304,2520
hoshiboshi, NM,1993,2073
hoshor, NM,2192,2280
hosta_mahogey, NM,1943,2094
hotelero, FM,2202,2356
hotzenplotz007, WCM,2541,2598
houdini1213, CM,1800,1721
houdinovic, IM,2784,2832
housedayne, FM,2735,2755
houseofdurin, CM,2098,2149
housewife07, WFM,2302,2152
hovik_hayrapetyan, GM,3000,3005
hovmoellerhest, FM,2205,2497
howitzer14, GM,3024,3069
howtomoveaknight, CM,2520,2607
hpanesso, IM,2643,2643
hrant_chessmood, GM,2844,2961
hrawk007, CM,2182,2182
hristos03, CM,2644,2716
hristosbanikas, GM,2952,2952
hrixenz, FM,2632,2632
hrlyqnn1, WIM,2078,2191
hrvatskimaher007, FM,2805,2930
hrvojezagreb, CM,2113,2173
hsd2016, CM,2627,2682
hsh1987, IM,2719,2811
hsmile, CM,1918,2113
hsskoo, FM,1967,1959
ht1010, CM,2512,2565
huachiminga, WFM,2025,2146
hubertknott, NM,2352,2202
hudijegszid, FM,2508,2542
hudriwudi, FM,2383,2437
hue_chess, NM,2750,2762
hugo-berthier, CM,2445,2666
hugo_amsterdam, FM,2138,2157
hugoboss7266, CM,2122,2247
hugooakland, GM,2124,1974
hugospangenberg, GM,2545,2592
hummingbird2009, CM,1955,2184
humpy1987, GM,2598,2649
humungosaurrr, IM,2779,2816
hunga, GM,2525,2459
hungrycaterpillar4, IM,2586,2735
hunninn, IM,2577,2715
hunterbrr, NM,2153,2356
huntress_m, WFM,2156,2499
huragan007, FM,2740,2846
hurburt1, FM,2588,2748
hurghada, FM,2419,2533
hurricane7791, GM,2738,2830
hurricane_morphy, NM,2448,2448
hus2014, IM,2152,2031
husainnakara, NM,2194,2332
hushedboy, NM,2145,2165
huskywithahat, CM,2664,2778
hustlestandard, GM,2639,2651
hvillagra, GM,3017,3117
hwangrara, WCM,2115,2177
hwegner, IM,2640,2646
hydrargyrum_girl, WFM,2318,2397
hyp3puzzl3s, CM,2473,2510
hyp3rl1nk, NM,2576,2676
hypeman111, FM,2285,2339
hypercar, FM,2700,2759
hypernova99, NM,2548,2727
hyperpylon, CM,2400,2400
hypert, IM,2370,2220
hypothalamus009, WCM,1870,2272
hyxiom, GM,1619,1850
hzmc92, NM,2643,2660
i-have-no-rizz, NM,2797,2890
i-mesquita, NM,2825,2944
i_am_a_miracle, CM,2255,2475
i_am_javi, IM,2827,2906
i_am_sankalp, FM,2503,2517
i_am_whitebeard, IM,2922,2986
i_amnotnikhil, CM,1767,2419
i_enchev, GM,2319,2503
i_fink_u_freeky, IM,2750,2921
i_like_kasparov, CM,2222,2177
i_ll_be_back_soon, CM,1823,2104
i_love_mary_makarova, FM,2520,2510
i_will_never_forget_u, GM,2968,3098
iagrest, WIM,2198,2294
iakovulivar, IM,2452,2312
iam_abrilyoj, FM,2156,2169
iamanoush, WFM,2716,2746
iamastraw, IM,3120,3116
iammaster712, CM,2443,2461
iammetiniko, FM,2345,2287
iamnotim, CM,2348,2475
iamschrodingerscat, NM,2727,2996
iamshocked, IM,2825,2860
iamsimpleguy1, FM,2316,2102
iamzero0, FM,2455,2558
iana_shirova, WFM,2163,2500
iancastillo1202, CM,1965,2097
ianov0007, IM,2398,2455
iaraldinho, IM,2396,2698
iarenotthinkso, IM,2453,2849
iaspet, CM,2609,2664
iball95, FM,2837,2917
ibemadhappy, NM,2462,2462
iberezina, IM,2024,2152
ibon17, CM,2720,2806
ibove, NM,2369,2369
ibraev_vasilj, FM,1818,2147
ibraheem0, FM,2232,2429
ibrayevnb, GM,2451,2558
ibtihal24, WCM,1356,1566
ibutterurbread, FM,2624,2800
ic3s2, NM,2710,2727
icantstanddisgame, FM,2409,2527
icaughtacrab, WNM,1850,1972
icebelka, WIM,2103,2341
iceioger, CM,2540,2540
icetea20082008, CM,2464,2574
icewizard1, CM,2409,2311
iceworks, FM,2101,2195
icg-paja, CM,1891,1959
ichbinberliner2012, FM,2614,2846
ichiban-misaka-simp, NM,2495,2599
ichigokurosaki64, FM,2675,2779
icltspmosmong, CM,2453,2501
icy, CM,3198,3198
icychess54, NM,2097,2340
ideika, WIM,1988,2233
idiioteque, FM,2358,2465
idiot33333, IM,2809,2799
idontknowchess75, GM,3223,3330
idontwannarecognized, NM,2417,2457
idunnhelgad, WCM,1764,1894
idvidal, FM,2610,2671
iecs12, CM,2503,2503
ieie2007, WFM,2137,2266
if_name_main_a, FM,2662,2685
ifanrj, CM,2439,2619
ifrancisco, NM,2434,2724
ifunstoppable, WFM,2031,2031
igetflaggedalot, IM,2675,2756
ignaciocavadini, NM,2533,2542
ignathor, IM,2856,2810
igor0073, FM,2440,2590
igor_bitensky, IM,2415,2648
igor_janik, GM,2974,2989
igor_kowalski, IM,3111,3111
igor_lysyj, GM,2550,1391
igorbjelobrk, IM,2637,2659
igorcadilhac, FM,2519,2607
igordubrovich, NM,2040,1809
igorknyazev, FM,1890,1918
igorkovalenko, GM,2848,2922
igorm2008, FM,2770,2826
igorvershinin2009, FM,2754,2761
igotjinxed, NM,2439,2503
igrok3069, GM,2629,2809
ihatenajdorf, FM,2190,2194
ihavecometodefeatyou, NM,2249,2254
ijustmightsac, NM,2156,2156
ikbiedremiseaan, WCM,2105,2124
ikhasu, IM,2296,2409
iko, CM,2245,2095
ikpeti, FM,2332,2334
ilanschnaider, IM,3100,3192
ilanvardi, NM,1927,2295
ilgiux, FM,1926,2565
ilia_jude, GM,3018,3102
iliaguevnisim, FM,2489,2806
ilike_latinas69, NM,2376,2446
ililililliiililiiliiliiil, IM,2636,2635
ilimchess2, NM,2039,2077
iljajoke, IM,2466,2562
iljazaragatski, GM,2570,2438
iljiushenok_ilya, GM,2752,2762
iljushin_alexey, GM,2562,2624
iljushina_olga, WGM,2066,2127
illia_nyzhnyk, GM,2960,3057
illingworth, GM,2906,3064
illustradochess, NM,2273,2466
ilm2034, IM,2779,2850
ilmaster98, NM,2715,2706
ilmiron, FM,2344,2468
ilostmyaccount3, CM,2235,2245
ilovechess-1602, CM,2000,1624
ilovedd, FM,1938,2286
ilovejokes555, CM,2366,2366
ilovetheamazon, NM,2417,2603
ilovetravel22, WFM,2085,2114
ilqar_74, FM,2974,3078
ilsultanoo, IM,2904,2964
ilusha, NM,1825,2005
ilushka, FM,2261,2279
iluusions, FM,2621,2646
ilvip11x02, FM,2403,2572
ilya261991, IM,2451,2538
ilzeberzina, WGM,1859,2018
im_alex_ivanov, IM,2574,2658
im_anupdeshmukh, IM,2008,2262
im_arthurdw08, IM,2857,2934
im_chessbrain, IM,2902,2902
im_michal_luch, IM,2558,2598
im_ramayrat_pcap, IM,2079,2167
im_samra, GM,2675,2704
im_tissir, IM,2550,2611
imagine_drag0n, FM,2903,2903
imajs, IM,2693,2776
imaksim2010, CM,2210,2221
imangeloyoung, IM,2315,2365
imarjunv, IM,2763,2786
imbetterthandre, NM,2209,2333
imbushchess, CM,2006,2125
imcoach, IM,2588,2669
imdarealist, NM,2077,2307
imdtop, FM,2366,2423
imdvb6307, IM,2547,2547
imhotep_0, NM,2083,2302
imivangalic, IM,2540,2540
imjonathancarlstedt, IM,2327,2479
imka63, IM,2450,1709
imkarimismael, IM,2604,2530
imlevaltounian, IM,2721,2823
immatt64, GM,2398,2614
immortal-killer, FM,2548,2548
immortal_legend710, FM,2576,2681
immortaltechnique, FM,2554,2642
impapa, IM,2243,2243
impossibleforu, FM,2720,2845
impractical, NM,2112,1986
improatchess, FM,2130,2171
improvidence, IM,2303,2445
impuca, IM,2074,2242
impuca1959, IM,1997,2101
imquinner, IM,2069,2293
imre91, GM,2697,2840
imrichbestest, IM,2259,2291
imrk_64, IM,2407,2690
imrosen, IM,2749,2880
imstets-vasy-odessa, IM,1567,1851
imthegod666, IM,2414,2677
imuffevinther-schou, IM,2077,2361
imultimatebeast, IM,2604,2707
imvadim, IM,2649,2740
imvoja, IM,2410,2304
in_shambles, WFM,2268,2394
inadac, WFM,1839,1865
inagrev, FM,1995,2081
inbetweenmove, GM,2699,2699
incike, GM,2380,2481
incognito_knight, GM,2650,2683
incredible64, CM,2217,2374
incrediblebubacik, GM,2807,2807
inde-finitely, NM,2104,2040
indfraeng, IM,2476,2545
indian-elephant, GM,2769,2841
indian_tactician, FM,2745,2761
indianlad, GM,2990,3138
indianpowerkid, IM,2505,2578
indianschoolofsuffering, IM,2335,2425
indiomiguel, NM,1782,1847
individoom, IM,2618,2714
indomiemaster123, CM,1814,1861
indsltchessplayer, CM,2206,2206
inepton_fermion, FM,2427,2484
inertw, CM,2215,2293
inessilva09, WFM,1788,2104
ineverlikedyou, FM,2433,2588
inevity, FM,2350,1819
infantaria08, NM,2206,2332
infernal_xam, GM,2925,2994
infinit1y, WFM,2206,2405
infiniteadaption, NM,2410,2547
infinitegiantkiller, NM,2610,2638
infinitypoint, NM,2862,2881
infuriatedcroc, WCM,2042,2168
inga83, WGM,2141,2391
ingoscarardila, CM,2313,2433
inigodust, IM,2487,2496
initiatingasc, NM,2538,2538
injazzstyle, GM,2516,2516
inlovewithf, FM,2495,2505
inneremptiness, IM,2907,3043
inopov, GM,2561,2550
insanetraining, CM,2269,2119
insatiable27, CM,2466,2528
inspektor_rex, GM,2855,3041
instructorpj, CM,1872,1878
interestingprofile, FM,2601,2616
intowns23, NM,2100,1421
intoxicatedolphin, CM,2397,2494
invisible_s0ul, WFM,2278,2437
inzlf, FM,2663,2853
iomshark, IM,2565,2625
ionutdd123, CM,2481,2490
iostnala, NM,2056,2283
iouki25, FM,2370,2227
iozefinaw, WGM,2032,2276
ipachess, FM,2378,2409
iqsports_chess_coach, NM,1758,2106
iranchesstrainer, FM,2754,2754
iraniancheetah, CM,2317,2464
irazyne, NM,2093,2238
irena10, WFM,2280,2342
iri_cheetah, FM,2672,2781
irian-jaya, WCM,1460,1633
iribu, WGM,2510,2525
irina_baraeva, WIM,2313,2383
irina_barchuk, WFM,2004,2200
irina_mikhaylova, WGM,2287,2443
irina_sudakova, WGM,2189,2211
irina_turova, WGM,2329,2645
irina_utiatskaja, WIM,2166,2016
irinaostry7, WIM,2084,2224
iris77, WCM,1733,1698
irishchessman16, IM,2298,2479
irishmonkey, FM,2343,2367
irisqueen, WCM,1951,1951
irmaak, WCM,1730,1730
irochka83, GM,2368,2548
irolnatvik, IM,2100,2205
iron_fistt, NM,2614,2738
ironiasudby, NM,2623,2623
irontigran94, IM,2343,2489
irushh, FM,2550,2704
isaacwiebe, NM,2245,2400
isaiahkim12, NM,1560,2105
isainz, NM,1638,1778
isajevsky_anton, FM,2675,2675
isaks, FM,2468,2552
isaquegoncalvessanto, NM,1903,2009
isfsam, FM,2473,2508
ishowmoves57, CM,2143,2274
isikcan, IM,2834,2888
isikcan05, GM,2850,2853
iskusnyh, GM,2634,2634
isla88, FM,2417,2513
islamhajaliyevyoutube, CM,2348,2348
islamovqaasim, CM,2250,2249
ismael-khadour, FM,2100,2269
ismayilseferov, FM,2215,2246
ispanec, FM,2446,2464
israelfillip, NM,2026,2077
israeliking, NM,2569,2637
istanbul1, IM,2289,2481
istoleurfood, WCM,2069,2107
istvanovszkimartin, FM,2256,2478
istvansinka, FM,2150,2000
isurualahakoon, FM,2027,2154
itachiuchiha999, GM,2709,2854
italian5, IM,2484,2500
italianmachine, NM,2384,2476
italo-zapata, CM,1921,2165
italymaster, FM,2367,2520
itay121, NM,2714,2705
itheonlyme, FM,2352,2575
itk04, IM,2756,2756
itscheckm8mate, WIM,2165,2318
itscryptoknight, FM,2528,2532
itsdsyr, WFM,2192,2261
itsekuri07, IM,2950,2989
itskyell, CM,1770,1770
itsmyknights, NM,1760,2212
itsniki97, WCM,2146,2251
iturrizaga, GM,3004,3044
itzky, FM,2903,2903
iuckyducky, WIM,2136,2402
iulian22, CM,2366,2417
iulik86, IM,2496,2651
iunusovnuriddin, CM,2533,2533
iuri_shkuro, GM,2825,2825
iusegine, FM,2520,2586
iustin106, FM,2633,2591
ivan_gerasimov, FM,2609,2459
ivana_999, WIM,1670,1901
ivanandresglez, FM,2499,2516
ivandrade10, FM,2164,2213
ivanhoeleo, CM,1909,2104
ivanka65, FM,2149,2148
ivanmorovic, GM,2509,2509
ivano12, FM,2595,2620
ivanooob, FM,2816,2869
ivanquiroga, CM,2604,2670
ivanradivojevic, FM,2274,2543
ivansoriano1, IM,2700,2790
ivanuraev, FM,2618,2651
ivanvolodin7, FM,2650,2728
ivavidenova, WGM,2309,2452
iven08, IM,2323,2260
iverichighladze, IM,2350,1995
iversonas, NM,1929,2218
ivn_2001, CM,2303,2303
ivyamoko, WFM,1804,1891
iwannabetheguy, NM,1982,2057
iwant2lose, NM,2188,2344
iwanyu, GM,2866,2953
iwillbecomethepirateking, FM,2518,2605
iwkooo, FM,2803,2890
iyael, CM,1775,1885
iyanastur7, FM,2398,2494
iztub, CM,2302,2365
izuzquiza, CM,2351,2305
j-isaac, CM,2534,2590
j-p-l-r, GM,2629,2505
j164, WFM,1767,1927
j2806, WCM,1948,2055
j_coca, FM,2308,2509
jaackcamel, CM,2115,2115
jaap-amesz, CM,2223,2141
jabberwockiez, WGM,2300,2458
jabh84, NM,2452,2331
jacek_gesicki, FM,2563,2640
jacekdubiel, IM,2365,2388
jacemalcom, IM,3005,3005
jachymcarostrelec4, FM,2355,2355
jack_puccini, FM,2752,2752
jackal6469, IM,2984,2989
jackechess, WFM,1977,2013
jackhearts, NM,2508,2643
jackleterrible, FM,2481,2623
jacknoahjack, FM,2382,2519
jackrodgers, FM,2710,2841
jackrudd, IM,2277,2396
jacksonchen, NM,2169,2080
jacksterthepro, FM,2526,2607
jackvino, FM,1893,2364
jacky72, IM,2932,3062
jacob_chesslollipop, CM,2417,2544
jacobsfrog, NM,2535,2662
jacques_gyllenhaal, FM,2066,2299
jactorres, FM,2403,2465
jacutina22, FM,2307,2157
jaddiejiet, FM,2536,2585
jadeit90, CM,2562,2733
jadoublewski, IM,2406,2462
jafartheparrot, FM,2578,2616
jagadeesh_siddharth, GM,2778,2938
jagerrmeisterr, FM,2884,3045
jagllan, FM,1807,2005
jagrr, FM,2240,2411
jah_skido, CM,1917,2039
jahonas, NM,2514,2553
jaisankars, FM,2441,2533
jaivvardhanraj, CM,2040,2127
jakhongir-vakhidov, GM,2862,2876
jakopogi, IM,2923,3042
jakubczakon, IM,2119,2550
jakuboss22005, CM,2390,2602
jakubpulpan, IM,2847,3115
jala111, WFM,1825,1877
jaloliddinilkhomi, FM,2802,2830
jam1stfm, FM,2150,2000
jamal-jamal-jamal, CM,2166,2397
jamaladam12200620, CM,1841,2024
jamalm2, CM,1702,2108
jamatemate, NM,2805,2805
jamengrand, FM,2146,2482
jamert, FM,2271,2444
jamesaltucher, NM,2009,2124
jamesbond0200007, NM,2706,2769
jamescoleman, CM,2523,2523
jamesmdt, IM,1442,1645
jamiecole, WCM,1230,1423
jamik13, IM,2450,1730
jamison0708, CM,2411,2456
jammydodger91, IM,2362,2212
jamondejabugo1234, FM,2220,2527
jan080760, FM,2176,2205
jan1401, IM,2212,2247
jan2404, CM,2062,2096
jan939519, FM,2107,2167
janh4, NM,1861,2072
janhelmer03, CM,2525,2550
janistantv, GM,2787,3082
jankarsten, IM,2655,2713
jankydongle, NM,2516,2755
janmur7, CM,2402,2459
jannat65, WFM,1951,1951
jannat_65, WFM,2334,2338
jano, FM,2527,2566
janosik, GM,2917,3042
jans174, FM,2395,2434
jansmeets, GM,3034,3034
janukshan, CM,2233,2279
janumber1, CM,2526,2538
jaquetriple, CM,2116,2132
jaramsdal, FM,2077,2182
jardy79, FM,1993,2280
jarming, FM,2687,2776
jarrahi2452, IM,2886,2988
jarshh95, CM,2258,2427
jashariardian, FM,2528,2540
jaskol95, CM,2662,2800
jasminxaa, WCM,1823,1823
jasonbolivar, FM,2257,2345
jasonhuila, CM,2199,2281
jasonliu02, CM,2369,2421
jasonmendoza2, IM,2612,2612
jasperbeukema, FM,2559,2655
jasrom, NM,2442,2455
jat0123, NM,2697,2727
jatorres60, FM,2239,2428
javadovvv, CM,2716,2810
javichuela2789, CM,2403,2309
javier39848593, WCM,2056,2143
javierfreilemartin, FM,1986,2059
javiergil, IM,2199,2055
javierruizvazquez, CM,2576,2667
javirec, FM,2500,2509
javokhir_sindarov05, GM,2971,2971
javylavilla, FM,2232,2364
jawharbf, FM,2150,2000
jawschess1955, NM,2000,2143
jawsviejo, FM,2200,2050
jaxyz64, FM,2502,2567
jaydee0305, IM,2919,2988
jayden5345, FM,2505,2505
jayden960, FM,2729,2769
jaymemiranda, CM,2062,2071
jb2mix, IM,2730,2763
jbd735, NM,2439,2547
jbgd, FM,2070,2404
jbj, FM,2560,2634
jcgs1030, IM,2302,2340
jchernandez84, CM,1695,1780
jcibarra, GM,2950,3070
jcmesafischer, CM,2619,2648
jcpoza1971, NM,2042,2228
jcreyes69, FM,2223,2238
jcurbaneja, CM,1629,1810
jcvandamme10, FM,2479,2504
jd001, FM,1927,1777
jddg, CM,2305,2317
jdjwjsikdkfjxj, FM,2379,2221
jdoss, FM,2271,2392
jdpachess, NM,2388,2653
jdpino, NM,2150,2000
jean-claude_vandal, FM,2605,2703
jeandredr, CM,1925,1951
jeaniiiusk, WNM,2228,2523
jeanrus, CM,2012,1413
jeaston1, NM,1974,2502
jecdii, FM,2146,2174
jedigirl14, WCM,1673,1673
jedipredator, IM,2303,2633
jeep80, FM,2178,2157
jeetjain, FM,2560,2642
jefferyx, GM,3133,3211
jeffinho023, FM,2500,2716
jeffpk, FM,2168,2274
jeggerm, IM,2600,2129
jehubner, WNM,2100,2100
jeigoth, CM,2033,2313
jek59, NM,2001,1352
jelenakarleusa-so-18, IM,2729,2908
jeloma, FM,2303,2418
jem, CM,2246,2291
jen_am, WFM,1429,1685
jenia84, WGM,2200,2349
jenni64, WIM,1556,1912
jennifermochess, WFM,1549,1618
jennyqi13, WFM,2009,2009
jens1102, IM,2448,2680
jenshahade, WGM,1882,2202
jeppesen08, FM,2529,2706
jeremdev, FM,2473,2371
jeremgiap, FM,2284,2411
jermorgurgeh, FM,2246,2382
jero888, FM,1715,2319
jerom555888, FM,2589,2595
jeroma71, FM,2704,2883
jerry_77, FM,2779,2811
jerryle, NM,2214,2267
jesper_kjaergaard-jensen, CM,1997,2351
jesse_james1989, FM,2703,2553
jessefebruary, WIM,1923,1972
jesseinkman, CM,2518,2645
jessejames88tx, NM,2597,2766
jessicahs, WFM,1940,2326
jessicahyatt, NM,2231,2323
jesspinkman, GM,2650,1400
jessy-molina, WFM,1675,1986
jestemlepszyxd, GM,2810,2894
jesuscg, IM,2019,2304
jesuschristmylivinghope, NM,2656,2804
jesusesmifuerza, CM,1698,1918
jethrovv, FM,2605,2759
jetleochess, CM,2464,2498
jevgenijaleveikina, WFM,2043,2175
jeziel_vale, NM,2271,2292
jfcampos, FM,1746,1820
jflup, IM,2507,2507
jfriedel, GM,2662,2692
jg-17, FM,2450,2540
jg1me, FM,2611,2593
jgauci, CM,2211,2211
jgroffct, NM,2438,2445
jharkhandchessacademy, FM,2128,2197
jhedigm, FM,2425,2531
jhonnyuribe, CM,2378,2443
jiahaoxiang, IM,2715,2772
jiangofett, NM,2633,2739
jiejio, NM,2544,2540
jiihart, CM,2022,2347
jij2018, FM,2350,2350
jim2600, GM,2137,2170
jimis98, FM,2822,3086
jimlahey, GM,3056,3072
jimmmyzhang, NM,2563,2701
jimmy-schlumpf, IM,2038,2143
jimmymac77, FM,2220,2077
jimonios, CM,2762,2876
jinbojinbo, GM,2552,2771
jindrichkuba, FM,1861,1909
jinelarodriguez, WFM,2187,2225
jinrie, CM,2321,2420
jinx1996, IM,2593,2685
jinxy2009, CM,1884,1917
jjbolanos, CM,2141,2196
jjdarek, CM,2186,2186
jjedrikjg, WFM,1768,2016
jjlai1111, CM,2602,2602
jjosu, GM,2975,2984
jk13, IM,2628,2823
jk2w, CM,1798,1720
jkidd123, NM,1753,2078
jkidjr22, NM,2735,2978
jkolly, FM,2273,2572
jkonnyu, IM,2276,2360
jkxkvs, GM,2524,2534
jlandaw, FM,2640,2820
jlcastaneda, FM,2595,2502
jlesya, WFM,2302,2284
jlf287, CM,2510,2453
jlg2413, FM,2642,2851
jlkinglion, FM,1916,2140
jll2006, FM,2694,2863
jlmanzanares, FM,1889,2114
jlrhei, NM,2414,2487
jlucasvf, GM,2863,2911
jm05c, FM,2620,2661
jm_gutierrez, FM,2278,2301
jmatias, FM,2372,2437
jmb2010, GM,2723,2922
jmcadavid1998, CM,2180,2382
jmf24, WGM,2418,2483
jmpion, CM,2633,2689
jncool68, GM,2791,2789
jnitz, NM,2498,2498
jnwdubdgbe, IM,2928,3021
jo_black1990, CM,2072,2282
joachimbn, IM,2561,2753
joachimmouhamad, FM,2355,2488
joaco21, CM,1559,1559
joaco_mc, FM,2402,2402
joakimvonand, IM,2700,2706
joanchess, FM,2107,2033
joannadworakowska, WGM,2087,2502
joao_dianda, NM,2133,2358
joarprodhan, CM,2360,2442
jobavajr, NM,2075,1940
jobito, CM,1955,1876
jocmil, FM,2614,2708
jodmar, NM,2149,2149
joeassaad, CM,2838,2853
joegoldberg13, NM,2499,2584
joejan, FM,1965,2029
joejoe243, CM,2066,2475
joejreusa, CM,1718,1713
joel1285, FM,1806,2036
joelynli, WFM,1936,1965
joeyjojo_09, WCM,1661,1562
jofe242, CM,1813,1712
jofisch10, FM,2422,2424
jogadormedio, NM,2537,2546
johangunawan, FM,1951,1852
johannesh, IM,2646,2700
johansalomon, GM,2766,2786
johhnnyyii11, CM,2418,2418
johnathan113, IM,2976,3015
johnchess7, NM,1730,1671
johndoe698, CM,2248,2392
johngraves1, NM,1995,2374
johnlit, FM,2246,2106
johnmez, FM,1499,2019
johnnyanto, CM,2331,2484
johnnycagemk2, NM,1631,2134
johnnyyy_bravo, IM,2812,2723
johnwick1389, CM,2107,2146
jojo_1608, WFM,2273,2317
jojo_898, WFM,2425,2425
jojozp, FM,2618,2696
joker_gumble, FM,2403,2468
jokers20184061, FM,2228,2336
jokksi99, FM,2781,2821
joksijoksi, WIM,2422,2552
jolintsai, GM,2820,2820
joliyroger, FM,2432,2517
jomarego, FM,2154,2154
jonahwillow, IM,3171,3171
jonas_88, NM,2627,2627
jonas_hacker, IM,2367,2472
jonas_md, IM,2212,2529
jonaseilenberg, FM,2702,2745
jonasgallasch, FM,2494,2581
jonashilwerda, FM,2307,2420
jonasrath, CM,2390,2350
jonaszbaum, IM,2708,2821
jonathanchuah, CM,2800,2650
jonathanhilton, NM,2126,2241
jonathanhilton1, NM,2378,2490
jonathanwesterberg, GM,2678,2842
jonesmurphy, NM,1037,2010
jonfrankle, NM,1789,2049
jonkristianh, CM,2532,2540
jony79, FM,2445,2484
jopebouzy, CM,1151,1306
joppie2, GM,2941,3140
jordanloyd2020, IM,2319,2711
jordi-wayne, NM,2000,2056
jordiqc, CM,2139,2143
jorgebittencourt, IM,2269,2269
jorgeferreira, CM,2401,2401
jorgeluis86, FM,2526,2601
jorgerosito, IM,2505,2505
jorlazchess, CM,2228,2274
jorquerino, FM,2026,2364
joseacorrea, CM,2109,2109
josechess1994, FM,2393,2537
josechessgg, FM,2600,2649
josefineheinemann, WGM,2698,2837
josegonzalez_64, GM,2484,2484
joselito22, FM,2161,2250
josemoramoron, FM,2133,2088
joseph_truelson, NM,2593,2629
josephrov, FM,2265,2367
josephryan, FM,2111,2021
josephtolima, FM,2601,2636
josephymwale33, FM,2605,2688
joseremolar, FM,2500,2602
joserobinson, CM,2007,2178
josesande, FM,2068,2185
josesoza, CM,2077,2115
josey_wales2020, FM,2300,2043
josgar05, FM,2511,2607
joshb91, NM,1817,1685
joshdaruca, GM,2824,2919
joshuacao, NM,2124,2280
joshuachick, GM,2622,2865
joshuagk27, FM,2653,2653
joshuaguo, NM,2524,2524
joshukid, FM,2517,2771
joshweinstein, NM,2511,2578
josip_buje, FM,2450,1829
josiur, FM,2518,2533
josiwales, IM,2748,3042
josjimal, CM,2535,2697
josmito10, IM,2805,2900
josoha, FM,2428,2428
josorio78, NM,2328,2394
jospem, GM,3146,3269
josuexp, FM,2355,2495
journal, FM,2486,2456
journey_to_grandmaster_yt, IM,2705,2705
jovana51796, WFM,2401,2401
jovankahouska, IM,2284,2284
jovencata, CM,2184,2418
jovensuave, FM,2423,2591
jovidon91, FM,2718,2726
jowke, FM,2150,2000
joyli1234, WCM,982,982
joyspaceman, CM,2566,2642
jozefkneht, IM,2328,2613
jposthuma, IM,2814,2832
jps520, FM,2060,2094
jpstearmanfan, FM,2300,2300
jptica, NM,2305,2363
jpuczai, NM,1894,2102
jquiroga18, NM,2310,2399
jr1193, CM,2214,2311
jraosam, CM,1650,1838
jrbarreto, IM,2581,2628
jrenatomaranhao, NM,2180,2248
jrlok, GM,2250,2500
js20000, GM,2497,2497
jsdbv, IM,2110,2020
jsdbv18, IM,2579,2470
jsequera, IM,2199,2252
jsinanan, NM,1191,1424
jslaby, IM,2496,2787
jsmastropiero, FM,2307,2282
jsprepz, GM,2913,3056
jszabolcsi, IM,1887,2112
jtayar88, IM,2580,2844
jtchua, WCM,2038,2146
jtcoach, GM,2494,2597
jterminator, CM,1214,2000
jtoth, CM,2250,2321
juanarmandorohl, IM,2687,2781
juancglez, GM,2679,2688
juanchesst, IM,2697,2701
juancinho, CM,1930,1997
juancruzarias, FM,2793,2938
juandiego7804, FM,2303,2303
juandiv_chessmood, CM,2026,2199
juaneschess_twitch, CM,1107,1231
juanjosecapablanco, CM,1970,2378
juanman96, FM,2232,2287
juanovic, CM,2070,2236
juanrohl, IM,2730,2636
jucaxx, NM,2259,2376
judgeholden13, NM,2238,2223
judit041024, WFM,1957,2141
juditpolgar, GM,2782,2828
judomaster3, CM,2024,1361
jueies, FM,2602,2602
juic5r, CM,2504,2645
juice_wr1d, NM,2574,2771
juicy_fork, FM,2574,2666
juko7812, WFM,1903,1578
julant, WGM,2547,2567
juleona, WFM,2384,2346
juli2512, WFM,1963,2151
julia_ushakova, WFM,1919,2105
juliaefremova, WIM,2182,2319
julianlinchess, NM,2419,2536
julianmchess, IM,2003,2003
julianos82, FM,2285,2355
julianproleiko, NM,2587,2646
julijanplenca, IM,2513,2513
julinha97, FM,2500,2630
julio_becerra, GM,2710,2747
julioramirezosio, CM,2503,2476
julipy, WFM,1887,2015
juliusceres, FM,2031,2056
juliuspohyt, IM,2811,2931
jumbo, GM,2913,3003
jumpingjac2, NM,2665,2787
jumpingknight20, IM,2930,2975
jumpman1998, NM,2337,2337
jungle_jaguar, IM,2718,2762
junglebook25, IM,2535,2535
jungleman82, IM,2505,2414
junhaopro, CM,2527,2582
juniorjumper, CM,2551,2673
juniormvl, FM,2353,949
juniortay, CM,2311,2468
juniorz98, NM,2502,2505
junjicol, FM,2462,2610
jup1978, FM,2405,2449
jussupowfan, FM,2614,2655
just-na, WFM,2447,2470
just2slow, GM,3089,3133
just_lucky_1, FM,2653,2758
just_worse_than_u, FM,2946,3120
justantan, GM,2879,2770
justanything, GM,2778,2778
justdazzled, FM,2028,2445
justinburgess, NM,2421,2641
justinjosh, FM,2619,2482
justinwang1234, IM,2755,3058
justinz, FM,2230,2366
justkid, FM,2585,2754
justmig, IM,2765,2896
justmss, WIM,2087,2221
justwatch000, IM,2689,2694
juwen, GM,2678,2688
juzekarbuzek, CM,2400,2525
jvferreira, GM,2138,2138
jwd11, CM,2225,1949
jwillz14, IM,2656,2679
jyliu, WIM,2068,2255
k-g4, IM,2296,2296
k-nygren, CM,2543,2631
k1ttygang, FM,2271,2552
k2jw, FM,2539,2565
k_a_s_t_o_r, GM,2832,2959
k_alena13, WFM,2103,2234
k_grigoryan, GM,2906,2974
ka1ser64, NM,2470,2658
kaanozcan006, FM,2648,2732
kabegody, CM,995,1223
kachsona, GM,2604,2604
kacparov, IM,3063,3099
kacperkacprzak, FM,2878,2935
kacperkarwowski, CM,2700,2791
kacperpolok, FM,2524,2587
kacprekt, FM,2328,2581
kadatskiy_alexander, FM,2645,2655
kadirsoria, FM,2112,2406
kaffeehaus1851, GM,2715,2870
kaffeeschluerfer, FM,2032,2193
kafkaesqueknight, FM,1971,2200
kai_nov, IM,1907,2437
kaidanov, GM,1746,1854
kaiovcfr, CM,2081,2108
kaisermafra, CM,2308,2320
kaisersaucey, IM,2154,2255
kaissa10, WFM,2126,2455
kaitlyninc, WFM,2133,2133
kaiyrbekov, IM,1729,2316
kaizen_chess_academy, CM,2615,2615
kajoyskie, WNM,2143,2221
kaka, NM,2425,2489
kaka666, GM,2901,2999
kakarot_001, IM,2656,2704
kakaroto_28, FM,2230,2299
kakashi34, FM,2150,2000
kakorrhaphiophobie, FM,2211,2454
kaktus71, FM,2502,2630
kalani88, FM,2245,2161
kale36, CM,2409,2580
kaleandmushrooms, NM,2260,2531
kali03, FM,2300,2221
kalinchick, NM,2353,2222
kaliopa, WGM,2204,2278
kallerotmg, NM,1954,2412
kalogridakos, FM,2546,2564
kamb2r, WFM,2165,2224
kamduki, CM,2050,2206
kami30, CM,2373,2373
kamikazeheinz, FM,2450,1783
kamikazeheinz2, FM,2342,2441
kamilek84, GM,2736,2791
kamilgrycel, FM,2609,2711
kamilianin235, FM,2599,2644
kamina03, FM,2434,2609
kampak, FM,2112,2112
kampkatten, GM,2833,2829
kanalszachowy, CM,2424,2475
kanielc, NM,1732,2054
kanishgiri, FM,2436,2436
kanseimigatte, FM,2425,2528
kanthecarowin, NM,2632,2670
kantorgergely, GM,2818,2826
kanzaww, IM,2466,2546
kap5, FM,1807,2536
kaphrep, GM,2809,2901
kapibara_warri0r, WCM,2311,2311
kapishp1, NM,2302,2428
kapitan_bayan, FM,2550,2574
kaponerde, WCM,2314,2314
kaponov, NM,2440,2579
karacsonyi_gellert, IM,2909,2882
karaivosa, CM,2284,2147
karatebaby, FM,2527,2808
karateloru, FM,2532,2616
karavaev50, FM,2450,1876
karavanela, GM,2239,2298
karenzadita, WIM,2264,2629
karenzc, WIM,1815,2017
kargan90, GM,2507,2562
karina_ivanova, WFM,1718,2129
karinaa87, IM,2246,2468
karinachess1, IM,2665,2806
karjanr, NM,2317,2431
karl_2000, GM,2406,2470
karlemilelmer, CM,2250,2315
karlydx, WCM,1700,1700
karmada123, FM,2339,1884
karolkacprzak, FM,3001,3001
karospr, IM,2653,2503
karpovian123, NM,1916,2425
karpovs_butler, CM,1941,2172
karpovs_maid, GM,2561,2735
karpovvadim, IM,2288,2355
karstenhansch, FM,2594,2712
karthi2301, IM,2653,2653
kasabian, CM,2226,2226
kasandra124, WFM,2250,2002
kash12345, FM,1999,2154
kashishmjain, IM,2803,2848
kashkoosh, CM,2394,2490
kaskrik11, WFM,2229,2229
kaslask, IM,2220,2273
kasparicy, FM,1929,2244
kasparik_garik, IM,2600,2600
kasparov_from_the_future, IM,2567,2567
kassablanca, IM,2604,2622
kassimov_b, IM,2476,2642
kasun_bole, CM,2201,2294
katakuridono, CM,2335,2410
katarinaostojic, WFM,2231,2241
katchesskat, WFM,2228,2455
kate1606, WFM,2003,2180
katerinamiroshnik, WFM,2263,2247
katerynalagno, GM,2715,2764
katharinareinecke, WCM,1838,1923
katheksis, FM,2585,2585
katpah, FM,2808,2833
katspanov, FM,2128,2171
katuducha, FM,1832,2336
kaua18, FM,2699,2764
kavithaje, WFM,1896,1948
kavyev_ruslan, FM,2261,2642
kawhi_leonard2, FM,1819,2113
kayamarley, CM,1666,2362
kazakhfighter04, GM,3017,3228
kazakov_konstantin, IM,2274,2274
kazan28, GM,2691,2826
kazancev_valerij_m, FM,2465,2521
kazmin_dmitrij, FM,2246,2331
kazmin_semyon, FM,2702,2790
kbachler, FM,2065,2247
kbep1, NM,2502,2505
kbt123411, WFM,1879,2033
kbzasdavid16, FM,2608,2740
kcfpatzer, CM,2258,2270
kchor05, NM,2571,2738
kcnock2004, IM,2326,2611
keaton87, IM,2636,2636
kecalk, IM,2734,2722
keeper0416, FM,2702,2721
keepitcoming, NM,2294,2604
keepitcool9499, NM,2491,2550
keisyzrk, NM,2343,2485
keitharkell, GM,2501,2517
keithonsky, CM,2736,2868
kejjaj, CM,2002,2156
kekic76, CM,2300,2447
kelocky, NM,2148,2404
kemelgallo, FM,2745,2765
kempsy, GM,2884,2996
ken7u7, FM,2533,2738
kenjikichiro, FM,2513,2521
kennethalex, CM,2100,2123
kenreoo, FM,2406,2480
kensei26, NM,2393,2414
kenst, FM,2166,2290
kenta1234, IM,2839,2900
keopki, WFM,2015,2092
keosidi, FM,2450,2487
keranke, IM,2962,2999
kereswasbest, NM,2082,2350
kerrystead, CM,1743,1803
kesarev, CM,2401,2251
keselek-pion, IM,2531,2538
kestutislabeckas, IM,2524,2635
kethrochess, FM,2455,2384
ketigrant, GM,2346,2408
ketitsatsalashvili, WGM,2455,2535
ketster, WGM,2698,2726
kettai, FM,2215,2177
keures, NM,2210,2210
kev4444444444, FM,2117,2135
kevin_gibson, NM,2202,2251
kevin_goh, GM,2653,2670
kevingeorgemicheal, IM,2658,2789
kevinhappyface, NM,2375,2583
kevinwang97, IM,2513,2669
keyshlavega, WCM,1528,1703
kezin_roman, IM,2578,2659
kf2-and-smile, FM,2558,2648
kflorian98, IM,2925,3046
kgali, WIM,1339,1786
kgambitman, NM,1816,2135
kgarde, IM,2236,2086
kgli1m, NM,2074,2171
kgutierrez95, WFM,1922,2134
kh_bayasgalan, WCM,2068,2129
khalakhanov, CM,1619,2617
khaledjeldah, FM,2291,2291
khalid_chess, CM,2057,2128
khalifa_alhefeiti, CM,2000,2081
khalilmousavi77, IM,3091,3053
khalilmousavi98, GM,2850,3063
khaliunaa01, WFM,2244,2339
khallod, IM,2601,2578
khamrakulov_djurabek, GM,2808,2835
khamzinolzhas, FM,2567,2586
khandakeraminul, FM,1886,2180
khanim_b, WGM,2500,1748
khansnephew, NM,1650,1798
kharposh, NM,2030,2306
khatanbaatarbazar, GM,2497,2610
khayala13, WGM,2319,2431
khaz_modan, GM,2595,2602
khazarbabazada, FM,2964,2991
khazhatuly_alikhan, CM,2706,2767
khazhatulyalikhan, CM,2510,2603
khazieva_elza, WFM,2201,2514
khbegmuratov, IM,2816,3010
khbr4, IM,2688,2909
khoipham, IM,2495,2514
kholoudal-khelaifi, WCM,1033,1285
khromkin, FM,2326,2636
khungthep, NM,2584,2722
khusenkhojaev, IM,2456,2465
khvicha_supatashvili, IM,2802,2804
ki2010, WCM,1493,1496
kiaanagrawal, CM,1438,1815
kian_msh, CM,2238,2309
kiana_arab, WCM,2270,2365
kibitzingpatzer, CM,2250,1906
kiborg1987, GM,2885,2946
kibromnnn, CM,1765,1860
kicaps, FM,2706,2729
kick-start-the-rhythm, WFM,2165,2311
kidagent, FM,2168,2398
kids2010, IM,2897,2987
kidzchessacademy, CM,2168,2268
kielinkei, FM,2513,2523
kien05, CM,2830,2919
kiesari, FM,2261,2517
kiev-1, NM,2333,2476
kikalaurincova, WFM,1881,2016
kikoveiga, IM,2681,2852
kildepiotr, IM,2376,2481
killabeezonatak, FM,2238,2464
killer-kostya, GM,2712,2728
killer311, IM,2363,2449
killer64sk, FM,2304,2547
killer_dreams, FM,2544,2602
killerbishop888, IM,2934,2986
killerrook, NM,1532,1944
kilpkonn, WFM,1883,2089
kimitoapelao, NM,2375,2583
kimkahre, NM,2269,2342
kimkibo, NM,2274,2301
kimmich_mindset, CM,2202,1791
kimmini05, CM,2506,2150
kimonji, IM,2318,2373
kimster98, FM,2814,2814
kimstevenyap, IM,2522,2565
kindnessonboardfoundation, FM,2410,2438
king2121212, CM,2203,2404
king_19772009, WFM,2607,2752
king_kinto, CM,2150,2150
king_of_the_wing, CM,1989,2313
king_of_victoria, NM,2029,2167
kinga2008, CM,2674,2736
kingapolak, WFM,2038,2251
kingbaiano, NM,2233,2252
kingbuilder001, NM,2229,2278
kingbwil, CM,1573,1931
kingcrush64, FM,2314,2321
kingcrusher275, FM,2635,2778
kingcyber19, FM,2748,2849
kingd356, NM,2548,2570
kingdestroyer3000, NM,2161,2093
kingdray, FM,1946,2052
kingharii, IM,2809,2832
kinghomelander, CM,2356,2439
kinghunter183, WIM,2476,2541
kingloek, GM,2692,2580
kingnb, IM,2871,3026
kingof2soap, FM,2118,2509
kingofattack555, FM,1995,2053
kingofconvenience, GM,1659,1509
kingofkolkata, FM,1504,2335
kingofnovosibirsk, CM,2352,2354
kingofthenil, GM,3015,3170
kingpanda13, FM,2551,2660
kingplot65, NM,1693,1946
kingragnarv1, GM,3005,3260
kingrazor33, CM,1919,2118
kingrossi, FM,2451,2458
kingscrusher, CM,2656,2831
kingside_rook, CM,2683,2882
kingslayer061cm, CM,1496,1790
kingslayy7yer, WCM,2211,2317
kingsman132, FM,2506,2613
kingstar70, FM,2389,2422
kingswhite2008, CM,2494,2601
kingtsay88, FM,2024,1962
kinguncrowned24, FM,2744,2824
kingwalk456, NM,2428,2502
kinkaiser, FM,2409,2725
kino, NM,2508,2669
kintoho, GM,2284,2417
kinzhal, GM,2534,2684
kira170, GM,2638,2770
kira_raa, WCM,2059,2081
kiranmanisha, WGM,2170,2297
kirbydowna, NM,2341,2441
kircsaj, WIM,2450,1353
kiril1965, GM,2750,2143
kirill_2008gm, FM,2567,2516
kirill_klukin, IM,2951,2955
kirill_kopenkin, FM,2724,2830
kirill_zaitsev, NM,2724,2724
kirillannenkov70, FM,2240,2341
kirillgenius, CM,2523,2526
kirillov_andrey, IM,2529,2586
kislov_oleg, FM,2435,2571
kismet6, NM,2048,2207
kite1993, WIM,2640,2645
kittycat35, WFM,2044,2057
kjjl, FM,2110,2341
kjzsdu, FM,2814,2814
kkpanu9, NM,1971,2306
klaas1996, CM,1910,2032
kladenskyamater, FM,2160,2219
klan1, GM,2572,2467
klassimo18, IM,2308,2323
klauser63, FM,2169,2256
klavdia_nik, WGM,1887,2030
klean_shuqja, WFM,2186,2194
kleinebeer98, GM,2944,3035
klendi, CM,2418,2450
kleong12, NM,2154,2360
kleopl, NM,2360,2552
klercaku, WFM,2464,2474
kleyton_lima, NM,2418,2495
kli19002, NM,2148,2240
klibrelato, WIM,2067,1968
klimkoj, GM,2704,2814
klokan64, WFM,478,1185
klonik, WFM,2350,1622
klyashtornyvladislav, IM,2037,2210
kmpk, CM,2535,2571
knarik83, WIM,1983,2066
kncp_719, FM,2705,2876
knd2020, WGM,2769,2753
knetterbernd69, FM,2236,2361
kngopal, CM,1936,2121
knight8700, NM,2384,2460
knight_attacker10, WFM,2551,2551
knightduta, FM,2852,2873
knighthunter2024, NM,2675,2755
knightinshiningarmour16, WCM,1992,2220
knightleap, NM,2088,2142
knightly_king1, CM,1685,1778
knightmare82, GM,2882,2909
knightmareprodigy, FM,1855,1938
knightmarestyle, IM,2819,2827
knightmate64, CM,2532,2539
knightoclock, NM,2339,2391
knightoutpostop, CM,2696,2696
knightpromotor, CM,2405,2405
knightrider701, FM,2611,2679
knightseesix, NM,2574,2574
knighttraps, CM,2000,2134
knjazj, FM,1576,1844
knvb, GM,2876,3201
koalaskakistis, IM,2566,2669
kobalia, GM,2546,2541
kobemagic, CM,2081,2343
kobykalavannan, FM,2628,2700
kochichess, FM,2077,2300
kochudini, FM,2504,2579
koenigin94, WGM,2048,2006
kogotbobra17, FM,2862,2923
kokosikkaka, FM,2400,2380
koksal06, IM,2809,2849
koksik_13, GM,2700,2744
koktebel22, GM,2798,2697
kolento93, CM,2440,2302
kolle05, FM,2310,2558
komal_kishore_pothuri, NM,2206,2316
komaromy31, NM,2105,2094
kombinator01, FM,2692,2869
komiagina_maria, WIM,2154,2574
kommfrankfurtjunge, FM,2330,2385
komodo_dragaon, FM,2511,2845
komogro, CM,2386,2412
konavets, GM,3190,3254
koncheto, CM,2902,2902
kondylev, GM,2631,2481
konek-gorbunok, FM,1924,2282
kongechess, IM,2524,2524
koningkobe, FM,2583,2662
kononenkod, FM,2418,2418
konovalova_vera, NM,2123,2085
konradrutkowski, FM,2415,2566
konstantin_yayloyan, FM,2550,2756
konstantine_25, FM,2511,2515
konstantinvshivkov, FM,2287,2287
konzip22, CM,2231,2464
kopeisk81, WGM,2259,2302
kopfverletzung, FM,2404,2428
kopi_siew_dai, FM,1676,1729
kopyciarz, IM,2350,1214
kopylov_alex, IM,2819,2994
kopytkin, FM,2066,2312
korason34, IM,2668,2789
korbul, IM,2657,2657
korchmar_vasiliy, IM,2639,2695
korgissehc, GM,3061,2920
korkmaz16, CM,2375,2504
kornelone99, IM,2491,2623
koroldimitriy75, NM,2627,2644
korona_91, IM,2621,2674
korosh2011342, CM,2408,2460
kors67, IM,2151,2267
korsolainen, CM,1983,1479
korstinto, CM,2020,2150
korum65, IM,2604,2629
kosak12, GM,3006,3006
kosanovicgoran, GM,2226,2361
kosche007, FM,2494,2516
koshkamatrioshka, CM,2632,2647
kosmeg, IM,2625,2715
kosmys, WCM,1469,1666
kostas83, FM,2408,2351
kostukov_alex, NM,2292,2334
kostya0705, FM,2370,2491
kostya26, NM,2531,2701
kostya_nikologorskiy, IM,2652,2773
kosya4ok, GM,2584,2755
kot60, FM,2252,2252
kotchy, NM,1840,2000
koterv1610, WFM,2522,2459
kotlyar_k, FM,2809,2912
kotofeyca, FM,2501,2535
kou88, FM,2163,2205
koukku, NM,2289,2378
koukourou, FM,2527,2566
koustavchatterjee1, GM,2726,2817
koutsalogo, GM,2886,2891
koutsin, IM,2553,2578
kouzari, GM,2556,2584
kovalchuk94, FM,2540,2722
kovalyov_eduard, FM,2325,2394
kovkov, GM,2537,2599
kowarenai, NM,2809,2713
koziororo, FM,2781,2831
kozlov_roman, FM,2590,2665
kozok, FM,2448,2720
kpera, FM,2380,2673
kqchessacademy, FM,1681,2000
krakenbeast, FM,2419,2371
krakozia, GM,2865,3026
kralj56, IM,2195,2195
kran900, FM,2274,2124
kranchis, FM,2468,2556
kranga, NM,1906,2458
kranthikumar1993, NM,2029,2265
krasavchik2002, FM,2466,2463
krasavetc, IM,2240,2597
krasimir_rusev, GM,2753,2841
krauchenia_nastassia, WFM,2060,2290
krazypawns, IM,2796,2910
kreonx, FM,2639,2662
kresojevicvasa, FM,1757,1923
kretinovich, FM,2411,2489
krilinkienza, IM,2503,2581
kripri, NM,2377,2570
kris2804, WIM,1991,1782
kriscacco, FM,1866,2007
krishna_2800, FM,2195,2336
krishnamurti3, FM,2485,2523
kristina_kim, WCM,2674,2674
kristof_08, FM,2470,2436
kristy2009, CM,2400,2443
kritipatel, WCM,2014,2209
kritni, WCM,2004,2004
krlence, CM,2348,2359
krokerguy, CM,2512,2512
krolpawel92ontwitch, NM,2733,2765
krolpaweltv, NM,2721,2793
kromax33, GM,2601,2685
krompirchek, WFM,2227,2309
kroonts13, FM,2422,2523
kroppar, FM,2363,2363
kroshkakami, NM,2460,2605
krovavyoryel, FM,2601,2648
krsilva, CM,2452,2580
krstulov_alex, IM,2621,2826
krucki03, FM,2697,2715
kruhor, GM,2750,2079
krujjster, IM,2601,2606
krupko_alexey, FM,2247,2300
krutoy123, IM,2387,2261
krvelacny_krecek, IM,2647,2694
krzysztofszczurek, FM,2693,2730
krzyzan94, GM,2725,2853
ksenia_legenko, WFM,2152,2228
ksenijan, WFM,1710,1710
kshetrapala_of_chess, FM,2392,2484
ksho99, NM,1751,1977
ksuforever, CM,2405,2405
kswp, IM,2075,1925
kuandan, CM,2562,2562
kuanysh1981, FM,2489,2528
kuba2006, FM,2507,2648
kubagepard, IM,2497,2509
kubal123, FM,2374,2484
kuban1991, IM,2719,2749
kubarabatin, FM,2225,2302
kubas1010, IM,2747,2804
kuchma777, GM,2649,2784
kudesnik84, IM,2454,2535
kudo8366, CM,2401,2442
kuenkuen1989, CM,1484,2266
kuhlmann, FM,2268,2439
kukola, WCM,1850,1620
kuku33riya, WCM,1983,1983
kuli4ik, GM,2902,2968
kumaranbalaji98, FM,2699,2781
kumi29, CM,2483,2627
kunaevchess, IM,2216,2538
kungmongmanh, WGM,2434,2505
kunoichi_69, NM,2775,2858
kurai, FM,2650,1361
kurganchess45, IM,2467,2467
kurkusha, WFM,2078,2014
kurtschneider, NM,2351,2562
kuruguru, CM,2303,2383
kuruhuru, FM,2386,2597
kushagerchess, IM,2565,2693
kushagramohan, IM,2676,2708
kushbhagat2009, FM,2807,2860
kusiia, WFM,2439,2522
kutirovrolando, GM,2411,2471
kutyapofa, WCM,2127,2158
kuwaitchess, CM,2034,2051
kuwaitigm, WCM,2075,2201
kuybokarovtemur, GM,2832,2874
kuzubovyuriy, GM,2814,2822
kuzuevdanil, IM,2683,2740
kvaidan, CM,2230,2272
kvissv, WFM,2377,2392
kvothekilla, NM,2535,2592
kw33ngambit, FM,2835,2835
kweather11, NM,2098,2154
kwisatz_haderachsn, FM,2202,2274
kwsclt7, CM,2148,2317
kxmo13, NM,1962,2387
kxt100, NM,2172,2366
kyawlayhtaik8, FM,1974,2170
kyawmyataung2005, FM,2289,2330
kyh717, WIM,2200,1468
kyiekorver, NM,3000,3341
kyiv-volvo, CM,2225,2653
kyky1232, FM,2266,2266
kylelancman, NM,2375,2481
kylemorrison64, NM,2046,2046
kylnmd, WIM,2131,2144
kyrie-eleven, FM,1950,2359
kyrie2012, IM,2414,2457
kyrongriffith, IM,2676,2706
kyuotbi, WIM,2161,2241
kz_champ_gm, CM,2333,2495
l1m96, FM,2867,2975
l3on4rdo, GM,2724,2724
l4ncer, FM,2193,2304
l_lorenzo, FM,1910,2294
l_thno, WFM,1904,1904
la_muralla123, CM,2469,2469
labdalla, FM,2229,2237
laboratorio25, FM,2432,2650
lacafi, NM,2184,2291
lachaturanga, WFM,2205,2205
lachesisq, GM,3091,3168
lacplesis27, FM,2081,1986
ladheezwousharounm, GM,2637,2539
ladislav1969, IM,1962,2094
lady_berry, WFM,2140,2516
lady_nika, WFM,2669,2757
ladychessnv, WCM,2139,2158
lagedema, FM,2417,2494
lagravesamuell, FM,2664,2737
laguayabaalbizuista, CM,1856,1976
lagunanivaria, FM,2719,2841
lagunov1961, FM,2059,2212
lagushonok, WIM,2000,1839
laico, FM,2267,2489
laiditmang05_ducminh, NM,2576,2576
lailailaiking, NM,2654,2798
laitveik, FM,1826,1676
lajul, FM,2450,2071
lakofdawalapment, IM,2311,2332
lali-rustavi, WCM,2047,2081
lalitsahu, CM,2432,2036
lalu, NM,2806,2837
lamachampetre, WFM,2069,2391
lamamilan77, CM,2316,2355
lambo478, IM,2702,2702
lamboliu, NM,2539,2602
lambosian, CM,2547,2592
lamedude, FM,2308,2474
lamomiablanca, IM,2516,2708
lamomiajunior, IM,2809,2964
lamon2000, FM,2154,2332
lancelot120376, CM,2241,2368
landman, FM,1939,1939
langua_chess, FM,2503,2582
langusto, IM,2704,2748
laninabonita, WGM,2273,2273
lanita_1408, WGM,1922,2260
lanshou, IM,2609,2641
lapitch, GM,2795,3001
laplatinum, FM,2245,2296
lapleutrerie, FM,2618,2739
laporfia, CM,2152,2428
laracroft_07, WFM,1766,1933
laraschulze21, FM,2000,2162
larax, IM,2749,2761
larbiben, CM,1860,2002
larciano, WFM,1876,2101
larina_maria, WFM,2133,2526
larina_marija, WFM,2161,2025
larisa004, WFM,1968,2006
larisakalinina, WIM,2007,2163
larissa789, CM,1787,2000
larissasteenbekkers, CM,1726,1627
larissayuki, WIM,2050,1190
larkin-vladislav, IM,2851,2943
larrave, IM,2179,2421
larrylarsen, FM,2287,1593
larsmandreassen, CM,2222,2352
larso, GM,2784,2884
lasallechess, FM,2329,2448
lasayon, IM,2587,2477
laskakid, IM,2225,2320
lasker_fiverr, NM,1290,2000
last7samurai, GM,2755,2868
lastgladiator1, GM,3065,3155
lastherojr, IM,2528,2676
lastman106, CM,1865,1919
lastreetcmamaison, GM,2741,2874
lather42, FM,2071,2151
latigre, CM,1510,1846
latinachess, WIM,2365,2490
latixxa, FM,2276,2323
latreche-sabrina, WIM,1742,1885
laugomezg, WCM,2050,1811
laura145vian, WCM,1750,2026
laura_smith, WFM,1937,2248
laurent2003, CM,2408,2408
laurents2000, CM,1818,2104
laurenzchess, IM,2695,2743
laurin_2009, CM,2571,2683
laurynaszaveckis, CM,1994,2000
lavalitahumana, WIM,2299,2533
lavenderchess02, WCM,2036,1886
lavogadinni, NM,2035,1749
lavpajcin123, FM,2604,2624
lavr92, IM,2807,2814
lavrov_maxim, IM,2483,2606
lawliet64, NM,1957,2198
lawrencecooper, IM,1953,1953
lawrencetrent, IM,2578,2720
lazaro25, FM,2361,2409
lazaruschess92, FM,2521,2521
lazarusicarus, NM,2378,2534
lazovt, IM,2755,2824
lazy_river, GM,2921,2921
lazyim, IM,2700,2822
lcfox, GM,2500,2305
lcmil, NM,2597,2681
lcmorningstar12209, WFM,2304,2346
lcv4022, WCM,1550,1560
ldearco, FM,2343,2343
le-castor-faineant, CM,2302,2462
le-koala-fou, CM,2278,2538
le_poisson, WIM,1921,2331
leandro-slagboom, FM,2504,2519
leandrojimenez, FM,2337,2406
learn2chesstd, FM,1992,1981
leavethecannoli, CM,2075,2084
leavethepool, CM,2142,2145
lebel7, FM,2033,2400
leboshnitzel, NM,1947,2273
lechateaufort, CM,2455,2518
leclash, FM,2247,2304
lector118, FM,1708,2627
ledakovalexandr, FM,2674,2674
lee_yeon_sung, NM,2533,2557
leebit02, FM,2508,2508
leejunhyeok, IM,2817,2817
leepday, FM,2522,2546
lefjonjuv, IM,2295,2431
lefonghua, FM,2689,2834
left_shark99, GM,3157,3223
legbreaker, NM,2262,2335
legendadada, WIM,2209,2350
legendaryscar, FM,2601,2601
legendinunknown, IM,2750,2944
legendisback1, GM,3114,3310
legenya1998, NM,2523,2531
legit, IM,2901,2991
legomaster77, CM,2089,2201
lehel-vrnc, FM,1929,1949
leivala, IM,2097,2836
leiwang680, CM,2291,2403
lekurnyikovszvetozar, IM,2381,2419
lelajavakhishvili, IM,2312,2612
lelouch_brittainia, WCM,1694,1694
lelya96, WFM,2253,2143
lemayvega, FM,2377,2377
lembke407, GM,3164,3182
lemmingsplayer, CM,2737,2745
lemon365, NM,2021,2021
lempire123, GM,2642,2643
lena_geo, WGM,2195,2308
lenkaptacnikova, WGM,1632,1967
lennis93, IM,2808,2890
lennitaz, WIM,2048,2051
lenyas66, IM,2357,2357
leoajedrez92, IM,2467,2611
leobispo83, NM,2836,2830
leocarlos, FM,2572,2618
leoduarte, IM,2398,2411
leolinx, CM,2129,2166
leoloia, FM,2377,2499
leolv10, FM,2626,2638
leon009, GM,2904,2904
leonardol2005, NM,2448,2527
leonelagutierrez, WFM,1594,1673
leonid_starozhilov, FM,2818,2848
leonidsh29, FM,1942,2185
leopato, NM,2323,2323
leopoldasss, IM,2120,2435
leosumant, FM,2421,2421
leowin2012, NM,2516,2585
lepatronn, CM,2012,2221
leplusfaible, CM,2355,2405
leplusmortel, IM,2545,2720
lepongebob, FM,2163,2506
leroideschampions, FM,2756,2841
lesachtal, CM,2179,2243
leschebaza, FM,2565,2655
leslymontufar, WFM,1841,1930
lessler-sea, NM,2121,2334
lestofante90, GM,2950,3021
lestri, GM,2444,2482
letans, FM,1809,1795
letigamb, WFM,2000,1634
letinac, FM,1998,2190
letsgoband, FM,2677,2696
letswin2, CM,2651,2738
levallem, FM,2119,2247
levanzovsky, IM,2546,2701
levitating_bishop34, NM,2141,2339
levonaronian, GM,3057,3191
levski-sofia, IM,2208,2284
lewanatol, CM,2140,2163
lexiel, WGM,2078,2347
lexisvar, FM,2357,2382
lexyac, CM,2173,2251
leykunmesfin, FM,1386,1981
lgabi, FM,2700,2624
lh84, WCM,1978,1431
lhavas, FM,2417,2417
lia_maria, WFM,2101,1674
liadcuba, NM,2401,2519
liambaruchza, CM,2222,2290
liamlennart, FM,2729,2788
liamneves, NM,2401,2547
liamputnam2008, IM,3333,3213
liamvrolijk, GM,2967,2933
licancabur, FM,2305,2230
lictorhectares, FM,2218,2252
liczner, IM,2899,2994
lider34, FM,2550,2550
liderchessacademy, FM,2621,2624
lidiodelgado, FM,2503,2503
lidongw, NM,2240,2265
liduino, NM,1969,1979
liebestraumen, CM,1563,1543
lieke-95, WCM,2002,1871
liellev, WCM,1732,1533
liemle, GM,3121,3121
life-of-fire, FM,2257,2514
lifeek, FM,2246,2238
lifeisallaboutchess23, WFM,1902,1957
lifeissofun, FM,2198,2332
liga_stavok, IM,2746,2881
lightning_pig, WCM,1508,1817
lightningdragon8, CM,2404,2446
lightningstrike9012, IM,2572,2468
lightsinthenorth, FM,2761,2761
lightx3d, FM,2567,2624
like962, GM,2656,2804
likelychess13, CM,2391,2401
likewater, IM,2900,3020
likvidator228, FM,2701,2701
lildoggo2007, FM,2524,2661
lilekoridze, WFM,2456,2609
lili_ani, GM,2330,2831
liljon_chess, FM,2413,2435
lilleper1, GM,2803,2832
lilovence, WFM,2542,2560
lilylg, WIM,2107,2269
lilyofthefield, WCM,1646,1702
lilyrishu, WCM,1790,1855
limarr, CM,1862,2165
limeinthecoconut, FM,2283,2424
limelight2727, FM,2514,2565
limingyi, NM,2116,2116
limkyaw, FM,1656,1959
lindsay790, WCM,2119,2195
linesman39, FM,2114,2248
linhaocheng, CM,2344,2480
linlin1812, FM,2637,2637
lion-al-messi, FM,2648,2711
lion_dl, FM,2281,2311
lionchamp, CM,2050,1386
lionchessclub, FM,2667,2768
liondinamic, CM,2073,2104
lioni26, IM,1960,2021
lionking2009, FM,2672,2680
lionking2367890, CM,2258,2286
liontheleon_06, GM,2848,2899
lior_m, FM,2391,2616
lipauska3, IM,2591,2656
lislla, WIM,2227,2077
liss_ca, WIM,2000,1547
lisychess, WGM,2388,2279
literally_i_drive, NM,2703,2736
litsman, CM,2340,2361
litti, FM,2484,2426
little-gnome, FM,2382,2340
little_skib, NM,2748,2829
littlechessfan, WFM,2203,2203
littlekarpov, IM,1522,2109
littlekoala08, NM,2602,2642
littlelionman, FM,2738,2760
littlemooo, WCM,1144,1298
littlemymoomin, WFM,1814,1885
littleozy, IM,2423,2573
littlepawnfriends, WFM,2770,2844
littlepeasant, GM,2829,2905
littlepinkyboy, FM,2597,2809
littleplotkin, IM,3129,3007
liumar, FM,2248,2327
liuyuanzhanfu, GM,2784,2795
livajam, FM,2213,2213
livec, IM,2550,2271
livegamesense, FM,2369,2711
liverpool174, FM,2588,2779
livestrong04, IM,1973,2005
livingthechesslife, WFM,1199,1310
liviudieternisipeanu, GM,2802,2802
livvy2020, WFM,1783,2142
liwenliang, IM,2252,2406
liza2016, WIM,1347,1527
lizasolovyova, WGM,2499,2550
ljariussneed88, FM,2413,2434
ljm509, CM,2013,2355
ljuks68, FM,2232,2413
lkb001, CM,2404,2490
ll220284ll, CM,2706,2755
llamalord42, NM,2130,2505
llambipasku, IM,2709,2716
llarimarc, FM,2708,2724
llavanesr, NM,2150,2085
llrchess, FM,2055,2104
lluiss, FM,2103,2102
lm13wnh, WFM,2119,2155
lmastershadowl, NM,2111,2111
lmfchess, WCM,2132,1982
loaysameer, IM,2661,2716
lobachevyury, FM,2046,2409
locotito77, GM,2463,2744
lofigrind, NM,2676,2782
loggiafelixdamaria, FM,2039,2121
logicbaba, IM,2705,2882
logisam, FM,2535,2535
logman74, IM,2373,2517
logoczar, NM,2347,2545
loiacono_antonio, FM,2637,2705
loinofthenorth, GM,2672,2640
lokander, IM,2611,2611
lokiy47, IM,2539,2539
lokomotiv777, FM,2273,2321
lollinope, CM,1829,2066
lolo9292, IM,2588,2600
lolsirs, FM,2314,2410
londonkid, CM,2584,2780
lonelyqueen0, GM,2989,3067
lonelyzeng, GM,2694,2818
lonesomegeorge1, IM,2524,2530
lonestarpawn, CM,2016,2203
longstom, CM,2267,2388
lony7, IM,2550,994
loonsdekoeben, FM,2469,2519
lopem, FM,1626,2000
lord4hire, CM,2147,2213
lord_neezy, NM,2037,2434
lord_of_the_vision, FM,1830,1732
lordchaos21, GM,2839,2867
lordillidan, GM,3047,3062
lordiron, FM,2300,2605
lordplayer64, FM,2458,2554
lordsacalot, CM,2259,2381
lordthomasmore, IM,2578,2626
lore97, NM,2036,2036
loreleicornelisse, WFM,2683,2766
lorenz0_8, FM,2721,2893
lorisinoc, FM,1847,2113
lorneracosta, CM,2715,2824
loruf, FM,2478,2501
losageless, WCM,2233,2236
lose_pawn_lose_game, CM,2473,2506
losratonesenjoyer, NM,2220,2220
lost_monkey, CM,2401,2508
losxodos, IM,2501,2501
louadasme, CM,2032,2087
louiekov2022, NM,2717,2806
louis198, FM,2583,2615
louis64, FM,2201,2311
louizor, FM,2450,2271
lovac58, GM,2393,2423
love7unicorn, IM,2691,2700
love_craft, IM,2600,2638
love_dat_philin, IM,2527,2600
loveforever_pepi, IM,2450,2300
loveinyouratoms, IM,2822,2822
lovelifebro, CM,2515,2625
loverboy33, NM,2411,2466
loverespectchess, GM,2827,2862
loveumore, FM,2253,2253
lovevae, GM,3108,3121
lovinski, FM,2423,2508
lovkov_roman, IM,2919,2919
lovlas, IM,2802,2802
loy_konstantin, NM,1894,2092
loyacomondu, NM,2081,2111
loyalclone, NM,2360,2519
loyalfighter, CM,2602,2622
lphoangquan, CM,2620,2749
lprostoy, CM,2595,2692
lpsupi, GM,2866,2971
lquerella, IM,2298,2443
lredwolf, NM,2336,2474
lrestevez, FM,2016,2141
lrjchess, IM,2705,2705
lschess, NM,2658,2767
lsf, CM,2318,2361
lshaped, NM,1673,1759
lstefl, FM,1927,2157
ltorresr, IM,2637,2637
luachess1, WNM,1732,1795
luar1609, FM,2680,2696
lubaba-fire11, WCM,1378,1899
lubov_gordyk, WFM,2552,2433
lubovmarkelova, WFM,2254,2305
lubricate9, FM,2631,2638
luc5, FM,2260,2582
luca020707, FM,2389,2478
luca_va99, NM,2520,2520
lucabrasi1968, FM,2598,2598
lucachess49, FM,2393,2393
lucaprotopopescu, CM,2526,2559
lucas_tomiello, FM,2604,2719
lucasmito, IM,2759,2956
lucasran, FM,2688,2840
lucena125, WFM,2052,2325
lucerne82, GM,2861,2961
luchess2, WIM,2050,893
luciamalanramos, WCM,1923,2182
lucian_gl, FM,2211,2211
luciana, WIM,2044,2199
lucidination, FM,2204,2305
lucieryb, WFM,2052,2052
luckismyskill, GM,2677,2982
lucky_puncher, FM,2250,1805
luckychanco38, NM,1308,1625
luckymajky, FM,2533,2609
luckyswitchback, FM,2902,2910
luckytiger, GM,2843,2905
lucliasco, IM,2905,3001
lucomighty, FM,2083,2259
lucumpe04, FM,2665,2758
ludogoretz, FM,2432,2514
luibov_an, WFM,1883,2211
luipaard, IM,2315,2367
luis-garcia, NM,2268,2268
luiscez, CM,2462,2328
luisfsiles, FM,2418,2452
luisgui16, IM,2553,2672
luisibarrach, GM,2627,2960
luismcpsantos, IM,2181,2345
luismiguelov, CM,1766,1853
luiso1961, FM,884,978
luiz_carlos_arrais, NM,1844,2067
luizzy, FM,2836,2861
luka95, FM,2447,2501
lukachess3, IM,2476,2326
lukamodric1902, IM,2841,2874
lukar07, CM,2368,2253
lukas2010, IM,2826,2846
lukas_111111, GM,2529,2575
lukazz029, NM,1908,2142
lukianoo, GM,2831,2769
luklei18, IM,2429,2476
luksona14, FM,2724,2831
lukuka11, IM,2618,2748
lularobs, WCM,1381,1669
lullabyvisca, WFM,2662,2512
lumechess07, FM,2224,2245
luminous9888, WCM,1713,1809
lunalumiere, WIM,2159,2159
lunathetuna2013, WCM,1892,1936
lunaticx, GM,2800,2966
luneity, IM,2886,2980
lupi32, CM,1929,2267
lupta_robin, IM,2595,2742
lupulescuc, GM,2677,2706
luq27, IM,2493,2603
lutuimaamaro8889, CM,2255,2273
luukmaestro, CM,2142,2263
luxkat, IM,2365,2506
lvc7912, WCM,1586,1630
lwluk, FM,2000,1362
lxchubby, IM,2703,2749
lxxshen, WCM,846,1301
ly4o, FM,2721,2802
lychee_boba, WCM,1518,1736
lychess666, IM,2704,2704
lynette2015, WGM,2295,2295
lyonbeast, GM,3138,3224
lysiak_poltorak, WFM,2585,2635
lz31415, IM,2916,2977
m-garcett, NM,1885,2064
m-mar04, WIM,2529,2620
m0raisfiree2015, CM,2390,2594
m0raissking, CM,1709,1845
m0usesiip, NM,2092,2139
m1711, IM,2762,2818
m3alam, CM,1887,1981
m4444710, IM,2849,2856
m4k1m4, IM,2297,2530
m5mnooo, WFM,2076,2117
m_ahp, WCM,2131,2132
m_asp009, CM,2585,2591
m_bozorov, FM,2352,2393
m_ezat, IM,2552,2603
m_hassen, FM,1823,1273
maaikee, WFM,2308,2347
maakasu, NM,2442,2480
maalle, FM,2041,2027
maazzetti, FM,2449,2523
mac0504, IM,2674,2738
macakgarfield, FM,2200,1519
macdaddymac, NM,2795,2806
mach1el, FM,2781,2781
macha23, WIM,2054,2054
machinegunphilipp, FM,2345,2602
macho_2006, GM,2791,2928
machteldvf, WIM,2485,2558
machupichu10, GM,3003,3020
maciejbrzeski128, NM,2228,2265
maciejos95, IM,2513,2570
maciek_92, GM,2836,3039
macko06, FM,2519,2475
mackster23, IM,2820,2870
mackus, NM,1805,2015
macmolner, GM,2545,2504
macp1988, FM,1952,1834
macron20htf1, IM,2614,2642
macszczur, WCM,1903,1933
mactep-i, NM,2272,2238
mactrazz, NM,2571,2707
madalien2, IM,1787,2330
madalin18, NM,1908,2093
madamdd, IM,2318,2381
madankayastha1991, CM,1881,1897
madapprentice, NM,2230,2231
madaza17, IM,2357,2375
maddie, NM,1890,2107
maddog94, IM,2324,2615
madeliesje, WIM,1829,1936
madheshkumar, CM,2783,2883
madmagister, NM,1791,2237
madoge, WFM,2124,1984
madre_jedi, WFM,2455,2553
maect19, FM,2177,2189
maestro-fermin, IM,2237,2345
maestro1986, IM,2567,2745
maestro99az, IM,1897,2386
maestroyodita, FM,2200,2350
maestroza, GM,2440,2492
maevskiynikolay, FM,2521,2540
maftuna2303, WIM,2141,2258
magek0, FM,2611,2646
maghalashvili, GM,2672,2938
maghrebiner, FM,2704,2736
magic-nelwyn, FM,2510,2631
magicalbishop123, FM,2694,2884
magician4ma, IM,2471,2787
magicmaster17, GM,2864,2714
magicyo, IM,2484,2345
magila31, FM,1954,2361
magionator, CM,1993,1993
magiqueroger, IM,1868,1896
magkarucarlamura, GM,3104,2995
magmachess, NM,2286,2475
magnetive_waves, WCM,2139,2139
magnetus_chess, NM,2447,2557
magnifico08, FM,2805,2811
magnolie, GM,3004,3004
magnum1900, CM,1455,1467
magnuscarlsen, GM,3184,3390
magnusenlle, FM,2150,2000
magnusgiri, FM,2367,2451
magnusseinfanboy, IM,2461,2556
magzypotato, FM,2641,2712
mahan_83, FM,2789,2847
mahanif, CM,2151,2265
maheswaran26, FM,1809,1923
mahiro, IM,2564,2556
mahishah0108, WCM,1600,1035
mahmoud-s-haddad-m, CM,2153,2270
mahri73, WGM,2066,2207
mahua_sake, IM,2926,2960
maia1177, IM,1954,2130
maicolbenavides, FM,2488,2679
maikrosoft63, FM,2606,2644
maili15, WGM,2454,2564
mainemanfm, FM,2018,2175
mainsequence, CM,2263,2410
maitreia, IM,2665,2667
majarimx, CM,1895,2129
majkelopulos, FM,2603,2579
majoa88, WGM,2268,2438
majorcoast, CM,2148,2285
makalexa, WIM,2197,2460
makdyr, CM,2216,2216
makhmutov_rail, IM,2407,2411
makogon_natalya, WFM,1704,1923
makoveevi, FM,2807,2827
makrog, IM,1468,2216
maksat-94, GM,2650,2151
maksimelf, NM,2344,2344
maksimys18, CM,2574,2631
makswolf200817, FM,2755,2787
malachi1971, FM,1946,2318
malakhovkirill, NM,2500,2527
malandragem, NM,2346,2303
malcolmpein, IM,2447,2449
malek48, WCM,1388,1688
malek_koniahli, FM,2715,2726
malenacr, WIM,2050,1599
malev212, GM,2509,2509
malginati, WIM,2227,2082
malhar9, FM,2314,2561
malibubj, FM,2123,2196
malikova777, WIM,2265,2383
malinaaa02, WFM,2304,2304
malkalmardgh, CM,2243,2307
malkawi_fadi, FM,2150,2000
malko-08, CM,2407,2407
maltaqueen, WFM,1684,1575
malti, CM,2069,2218
maluco_do_natal_00, NM,2013,2017
malysch, IM,1900,2208
mamagyi, FM,2057,2057
mamalaylay, FM,2010,1963
mamanchess123, WIM,2382,2468
mambalelo, FM,2228,2298
mamedyarov_twitch, GM,3054,3084
mamey78, GM,2700,2750
mammadyarov, GM,1079,929
mammadyarova, WGM,2437,2437
mammadzadag, IM,2555,2684
mamonika, WCM,2007,2183
man_of_ai, IM,2500,2521
manarkhalilxxxx, WFM,1833,2163
mandaloriana19, WIM,2308,2494
mandelinkabramborova, FM,2284,2412
mandetowitch, FM,2226,2265
mandizha, IM,2197,2073
mangoboba, FM,2485,2335
mangofish594, WFM,2146,2349
mangyou, NM,1961,1997
maniaconthedanceflo, NM,2330,2371
manikoloz, IM,2460,2467
manitodeplomo, IM,2647,2794
manmanlai1, IM,1936,1936
manmish2, FM,2662,2762
mannydk, FM,2106,2147
manochessbrasil, NM,2712,2742
manochesssbrasil, NM,2746,2752
manoj_mishra123, CM,2324,2333
manoklover, NM,2320,2320
manolitocerdito, CM,2421,2492
manon-reja, IM,2430,2518
manu_chessexcelsior, CM,1943,2163
manubibi, IM,2616,2712
manudavid2910, FM,3104,3196
manuel_petrosyan, GM,2943,3032
manuela004, WFM,2135,2003
manuelermachenko, CM,2755,2836
manuellarrea, FM,1975,1890
manuelsobrinho, NM,1874,1904
manukyan_artak, NM,2296,2423
manukyan_artyom, CM,2707,2809
manumunoz01, FM,2051,2202
mapebo94, WIM,1628,1628
mapleaff, NM,2224,2612
mapledanish, NM,2443,2483
maplet, WFM,2222,2072
mapo_tofu, IM,2674,2561
mar3elamrilaila, WFM,1344,1387
marabu44, NM,2316,2403
maracayo, IM,2285,2416
marasmus01, FM,2259,2400
marat_gilfanov, FM,2689,2683
marc_jocs, NM,1800,1937
marcan2b, GM,3047,3047
marcell_losonczi, FM,2184,2455
marceloplaya, IM,2491,2441
marchogdewr, FM,2172,2181
marcin, IM,2577,2637
marciojor, NM,2417,2417
marclonoff, FM,2090,2189
marcnd, GM,2732,2765
marcocordeiro2013, NM,1856,2257
marcocortesrodriguez, NM,1836,2148
marcocorvi, FM,2045,2258
marcodobrikov, IM,2719,2737
marcoriehle, FM,2860,2884
marcostrelew, NM,2411,2508
marcsan95, FM,2514,2586
marcsimsl, IM,2640,2922
marctarnold, GM,2446,2519
marcul0, FM,2949,2991
marcus_harvey, IM,2820,2903
marcusaurelius424, NM,1427,1662
mardakerxxx, GM,2948,2841
marekfizer, CM,1710,1727
marekpolska, FM,2463,2589
marelealb, FM,2287,2347
marepant, WFM,2304,2374
margarita2907, WFM,2166,2017
margarita_2703, WFM,2321,2370
margency, GM,2806,2836
margim26, NM,1807,2003
margoe, WCM,1480,1781
mariaannastefanidi, WFM,2032,2032
mariaeizaguerri, WFM,2300,1771
mariaesthergranados, WIM,2206,2369
mariafominykh, WGM,2294,2335
mariaforever, FM,1993,1861
mariamijaniashvili, WFM,2206,2207
marianacadilhac, WFM,1977,2093
mariangie523, WCM,2184,2212
marianikolaieva, WFM,761,1400
marianokar, IM,2514,2530
marianoloiterstein, FM,2054,1904
marianpetrov, GM,2701,2710
marianta2013, WCM,2116,2234
marichola, WFM,1825,2131
marie135, WCM,1390,1707
marielchessy, WIM,2240,2332
mariia89, WFM,1712,2050
marijakuznecova, WFM,2320,2383
marijastojanovic, WIM,2150,2000
marik_spb, FM,2443,2463
marina_chess_rus, WIM,1821,1671
marinamakro, WGM,1733,1941
marinkay, WIM,966,1180
mariusbieliauskas, CM,2024,2261
mariya_zubova, WIM,2162,2373
marjose1957, NM,2033,1788
markope, NM,2423,2436
markov_mikhail, IM,2846,2929
markparagua, GM,2900,2904
marks1420, NM,2493,2696
markusragger, GM,2702,2702
marljivi, FM,2436,2436
maroon5_nm, FM,2802,2803
maroro07, WFM,2504,2504
marquezangel1990, FM,2424,2613
marranos, IM,2542,2482
marreta84, FM,2262,2140
marreuh, CM,2121,2172
marrrrrrry, WFM,1842,1900
mars520, CM,2114,2243
marshknight, NM,2430,2476
marsik123456789, WFM,2095,1984
marsmol, CM,2364,2576
marsofsilva, WFM,1809,1690
marsqi, CM,2312,2493
marszach123, WGM,1852,2010
martabartel, WGM,2153,2259
martial2008, IM,2502,2504
marticafierro, IM,2563,2617
martik40, IM,2203,2225
martinbaekgaard, FM,2097,2307
martinbezuch_youtube, FM,2543,2594
martinbitel, IM,2557,2796
martincerveny, IM,2496,2346
martinez1985, GM,2374,2719
martinez_95, FM,2288,2376
martinhaubro, IM,2401,2373
martinhollan, FM,2761,2761
martiniirichard, NM,2192,2114
martinique24, WGM,2410,2564
martinjogstad99, FM,2507,2556
martinmartinez95, IM,2493,2426
martinmatthiesen, FM,2274,2554
martinmena, FM,1983,2021
martinneu, IM,2594,2712
martinoksendal, FM,2632,2645
martinzumsande, IM,2544,2491
martorelliantonio, IM,1528,1812
martsynovskaya, WIM,1942,2376
marty435, IM,2908,2921
martynkovaelena, WIM,2343,2343
marusyakholyavko, WFM,2130,1688
marvelanddcforlife, NM,2700,2700
marvelavengers4, CM,2366,2466
marvialvarado, WFM,2227,2194
marvinguev, CM,1943,1016
mary-sanna, WFM,2145,2151
mary_cool, WIM,1800,1146
maryankyrychenko, FM,2302,2580
maryann19, WGM,2323,2477
masahirobaba, FM,1905,2301
masenik, CM,2362,2575
mashafromrussia, WFM,2276,2309
mashenka97, NM,2464,2573
mashulo, IM,2548,2702
maskbass, FM,2150,2000
masmos97, GM,2610,2687
masnyszachistaaa, IM,2706,2835
masrahi, CM,1545,1853
masruri_rahman, FM,2856,2938
massakru, CM,2530,2533
massarioli, NM,2616,2646
massdeep, IM,2184,2285
master1465, FM,2472,2495
master_lilov, NM,2796,2647
master_of_math, NM,2172,2358
masteramy, WFM,2150,2000
masterbeaterr, FM,2227,2345
masterblaster1, FM,2452,2332
masterbotchokoy, FM,2270,2120
masterdoobs, CM,1317,1317
masterisback04, CM,1942,2128
masterkroket, FM,2338,2636
masterleif, FM,2753,2764
masterleo2018, IM,2075,2075
mastermk73, CM,2148,2319
masterofmasters2006, NM,2045,2366
masterofmayyhem, IM,1438,3005
masterofpuppets2, FM,2442,2483
masterperformers, IM,2638,2638
masterr_yi, FM,2700,2700
mastervince2244, NM,1482,1658
mastervlad8, NM,2160,2158
masteryolo29, FM,2304,2492
masteryoungk, FM,2369,2457
masterzhan, FM,2219,2075
mastronuzzo, FM,2169,2169
mastroskaki, GM,2754,2754
mat_kolosowski, IM,2702,2824
matagordo, IM,2329,2506
matalon, IM,2237,2237
matalows, CM,1916,1916
matamnsms, NM,2039,2274
matanzas1967, IM,2101,2553
matapatos, FM,2214,2203
matbobula, IM,2411,2493
matein28, NM,2811,2823
matej2221, FM,2311,2592
matenitian, NM,2592,2652
matenkatz, GM,2350,2888
mateoreyes, FM,2204,2204
mateschmate, NM,2702,2702
matetricks, NM,2634,2717
mateusviageiro, FM,1716,2424
mateusz_bronowicki, FM,2258,2530
mateusz_dubinski, FM,2289,2392
math3m6thic, CM,2044,2053
math54321, CM,1992,1896
matheusmdr2005, FM,2609,2741
mathiascasalaspro, FM,2566,2419
mathiaswomacka, GM,2194,2263
mathieumuc, FM,2402,2525
mathilde0611, WFM,2005,2069
mati2211, CM,2704,2704
matibar, GM,2735,2909
matic_nareks, FM,2609,2605
matihalac, CM,2503,2512
matijaolimpiakosivic, FM,2629,2817
matiss90, FM,2680,2688
matmaskinen, WFM,1640,2007
matols, WIM,2096,2372
matsar, FM,2307,2307
matsenkosergey, GM,2751,2865
mattcolins2025, NM,2890,2710
mattheii, NM,2691,2684
matthew-fishbein, NM,2491,2504
matthew_clarke, FM,2110,2127
matthewchess268, CM,1553,1923
matthewg-p4p, IM,3003,3098
matthewuiuc, NM,2155,2262
mattovich, FM,1873,2019
mattydperrine, FM,2672,2838
matveev_vladimir, FM,2753,2780
matviy2009, NM,2913,2929
matycarcamo91, NM,2644,2682
matychess1, IM,2812,2842
matzo, NM,2431,2346
maudsjakkerdeg, WFM,1459,1949
maugreyfoloeil, FM,2327,2384
maulo09, NM,2700,2700
maung-mg-kzh, FM,2211,2271
maurice93, FM,2828,2828
mauricioariascr, IM,2462,2462
mauricioflores, GM,2903,2857
maurijs, CM,2410,2490
maurinm, FM,2802,2802
maurovargas01, FM,2533,2602
maurusprimo, FM,2137,2145
maus7, IM,2572,2771
mavericksv, CM,2226,2474
mavifirtina, FM,2167,2389
mavuba, IM,2597,2611
max50001, NM,2290,2479
maxfan2008, FM,2492,2520
maxidag30, CM,2409,2475
maxim_e2e4, NM,2214,2248
maximdlugy, GM,2941,2890
maximnovik, GM,2236,2294
maximus_717, IM,2660,2661
maximych26, FM,2150,2000
maxip32, IM,2580,2641
maxiw2006, CM,2504,2439
maxleto, FM,2587,2604
maxterlopez, IM,2900,2915
maxwell1986, GM,2656,2506
maxz1996, NM,2354,2489
mayo_neighs, NM,2605,2731
mayofuentebella, NM,2404,2269
mazanchenko_dmitry, FM,2164,2268
mazarini41, FM,2469,2541
mazetofonias, FM,2709,2739
mazetovic, GM,2566,2807
maziarbagheri, FM,2077,2230
mba_chess_2021, FM,2029,2110
mbachez, IM,2312,2312
mbappefuturegoat10, NM,2262,2262
mbdida, WFM,2350,2350
mbmaster, NM,2689,2602
mbneu, FM,1974,2356
mbojan, IM,2876,2982
mc4chess, NM,2663,2796
mccarthystone, FM,2504,2649
mcdonalds6piecemcnuggets, FM,2430,2459
mcguima49, NM,1827,1976
mchoisy, WFM,2250,1757
mclarenf1lm, NM,2598,2778
mclean12, CM,1663,1663
mcorallo, NM,2159,2159
mcqueen444, FM,2524,2602
md_javed, FM,2280,2348
mdchess1734, WIM,2354,2369
mdsharifhossain, FM,2056,2124
mdv1982, IM,2250,1357
mdzebar, IM,2150,1398
me_ch_an, WFM,2312,2379
meaniebub, NM,2286,2465
medalja, WGM,2471,2471
medallion2028, GM,2412,2412
medarde94, IM,2475,2475
medinacocalik, FM,2150,2063
medinapazmiguel1968, IM,2588,2700
medvegy, GM,2713,2645
medzhyk, FM,2802,2944
meeehssi, FM,2300,2166
meekinskris, NM,2491,2717
meekmammoth2, FM,2555,2743
meenakshiwgm, WGM,2619,2619
meeraa77, WIM,2083,2120
meeresgrund, CM,2076,2085
meesvanosch, FM,2608,2670
megachargerex, NM,2506,2517
megachessplayer2, CM,2173,2200
megagigahiper3345, IM,2527,2551
megaman80, NM,2483,2483
megamanmusic, NM,1885,2115
meganlee-sea, WIM,2543,2606
megaraptor1, IM,2699,2773
megazz, GM,2506,2507
meharchinnareddy, IM,2371,2371
mehdi_hasanparag, FM,2186,2140
mehdihosseinipour, FM,2730,2830
mehow_badereg, FM,2192,2196
mehraaab, FM,2548,2583
mehran_azamikia, CM,2004,2004
meisterjabo, FM,2435,2435
melian_9230, WIM,2150,1820
melicg25, WIM,2126,2344
melihkaancan, NM,2273,2667
melindavarga, WFM,1822,2129
melissa_guez, WIM,2046,2298
melvinio11, CM,2335,2364
memaassif, WCM,1750,1536
memer5334, FM,2694,2886
mendozadavid2000, CM,2266,2444
mengjane, WIM,2300,2173
mengmeng2020, CM,2322,2379
menor31, IM,2458,2458
meoluoi91, WGM,2600,2759
meotintin, WIM,2414,2414
meowchael, IM,2453,2597
mepetmepe, FM,2700,2761
meredolna, CM,1347,1785
merei7, FM,1749,2529
mergenkakabaev, FM,2231,2422
meri-arabidze, IM,2723,2793
meridaandres, FM,2450,1894
merikard, IM,2024,2340
merryram, WFM,1626,1862
mersad_98, IM,2874,2916
mertcan-sevig, CM,2519,2545
mertceyhan35, CM,2654,2675
mertfelin, FM,2443,2443
merybliya, WFM,1756,2184
merylmahjoob, WCM,1341,1636
mesa_1, IM,2734,2860
messerwoland, CM,2224,2236
messiboca, GM,2717,2825
messikingdom, FM,2668,2772
mestre_soares, CM,1758,2130
mestrefeitosa19, NM,2403,2403
mestresilva, IM,2601,2625
mesutgm, GM,2527,2605
meszarosgyorgy, CM,2218,2263
metadast, FM,2432,2585
metalbattler, IM,2150,2000
metallchessbullet, CM,2652,2725
metalratel, NM,1878,2016
meth, NM,2700,2700
metiforce, GM,2976,3057
metra7, IM,2504,2642
metra93, IM,2734,2744
mexpaisano, IM,1936,2229
mexxicano, WCM,1874,1936
mezioudamina88, WGM,2500,2500
mf1966idrisov, FM,2384,2480
mf_fraco, FM,2729,2774
mf_malo, FM,2107,2299
mfatigue, FM,2535,2585
mfberna, FM,2491,2618
mfcampeao, NM,2141,2254
mfcarlos, FM,1897,2078
mfcyryd, FM,2402,2258
mfedor76, IM,2410,2394
mfguimaraes, FM,2403,2610
mfranic, IM,1512,1738
mfreemannz, CM,1495,2210
mfwagnerpeixoto, FM,2143,2244
mgapr, NM,2675,2679
mgeli, GM,2253,2543
mgh1380, FM,2411,2456
mhebden, GM,2445,2305
miamishark, NM,1802,2377
miaou33, FM,2688,2719
miarpa, FM,2505,2505
micfel, IM,1511,2019
michael_scofield01, GM,2831,2960
michael_zaslavsky, IM,2703,2840
michaelbaron, FM,2378,2816
michaelbjordanlover, NM,2315,2355
michaelk123, IM,2353,2704
michaelpat000, NM,2445,2445
michaelq2d5, GM,2929,3036
michaelroiz, GM,2848,2875
michaelshahade, FM,1248,1724
michaelskie11, NM,2356,2437
michaelson_11, WIM,1998,2117
michaeltilt, NM,2356,2456
michailovm, NM,2110,2455
michal_fiedorek, FM,2407,2495
michalczak, FM,2403,2403
michall9, WIM,2322,2334
michechess89, FM,2531,2651
michelangelo, GM,2651,2501
michelangelo111, FM,2443,2475
michelangelooo, NM,1738,2203
micheliavelli, GM,2717,2717
michelle_yaon, WFM,1745,1957
michellekatkov00, WFM,2212,2293
michellopez159, FM,2502,2594
michelsan, NM,2125,2347
michiganeagle, FM,2412,2412
michou228, WCM,991,1409
micke12a, FM,2438,2501
micki-taryan, GM,3018,3206
micktory02, NM,2394,2599
microbear, NM,2459,2622
micwhite, FM,2157,2377
midedu, FM,1946,2204
midefaster, FM,2300,2094
midgardsormur, FM,2526,2533
midnightfox, FM,2312,2356
miep2, CM,2196,2238
miferz44, IM,2847,2847
migcha, FM,2023,2229
migchiel, IM,2312,2421
migeira, CM,2102,2341
mightygmpretender, NM,2853,2988
mightymic, IM,2260,2110
mightymike_009, CM,2616,2661
mightysmasher, FM,1974,1909
miguelbestard1981, CM,1947,2123
migueleduardogb, CM,2255,2255
miguelho67, IM,2484,2575
miguelito, GM,2880,2907
mihaiionescu1, IM,2503,2538
mihail_gorozhanin, FM,2386,2416
mihaitu34, IM,2490,2396
mihajlovskij, NM,2460,2684
mihnea2017, FM,2394,2430
mijaimevalmana, IM,2165,2518
mijuarez, IM,2561,2561
mijuliensong, IM,1460,1697
mikado81, FM,2350,1652
mikakarttunen, IM,2694,2835
mikasinski, FM,2728,2866
mikayel99, NM,2665,2751
mike24147, NM,2406,2613
mikedannnn, IM,2542,2627
mikeklein, FM,2091,2221
mikekorovin, FM,2632,2751
mikerahal, IM,2200,2207
mikesailer, NM,2167,2372
mikewier, NM,2282,2282
mikhail646464, GM,2133,2200
mikhail_antipov, GM,2999,2855
mikhail_biryukov, FM,2659,2586
mikhail_bryakin, GM,2819,2918
mikhail_golubev, GM,2413,2413
mikhaillushenkov, IM,2690,2703
mikhailovviacheslav, IM,2664,2565
mikhailpanin, CM,2640,2669
mikhailsher, NM,2701,2752
mikhailtobak, FM,2541,2735
mikheev1976, IM,2348,2414
mikheeva86, WFM,1831,1883
miki_gb, CM,2612,2679
mikkokivistoe, FM,2054,2328
mikozovna, WGM,2349,2349
mikromurks, CM,2401,2611
milanjeremic, FM,2578,2428
milanonavigli, IM,2553,2532
milanovic3, IM,2024,2104
milanovicdan, GM,2537,2404
milanzajic, GM,2810,2820
milchone1, IM,2501,2564
mildalaub, WFM,2010,2247
milena1423, WCM,2237,2332
milenak_09, WCM,2527,2600
milenapn, WFM,2293,2299
mili_brizzi, WIM,2033,2329
milignus, CM,2171,2164
milkteataste, WCM,1811,2003
milkteatones, CM,2460,2483
millenium19, WGM,2272,2329
millerkallpa, FM,2025,2377
millyneuf, FM,2597,2641
milop27, FM,2202,2204
milorenzana271, IM,2015,2291
milos021, GM,2651,2594
milosji, GM,2305,2633
milovanratkovic, IM,2668,2788
milovichalex, CM,2071,2239
mim06, CM,2205,2455
mimihh, FM,2171,2391
mimikeross, IM,2317,2317
mimizah, FM,2121,2287
mimstefanova-inactive, NM,2649,2666
mimsychess, IM,2262,2349
minamina18, IM,2150,1322
minawael23, FM,2664,2786
mind1mover, IM,3000,3107
mindcoach, IM,2600,2600
mindgrowing, FM,1924,1924
mindhunter08, FM,2730,2870
mindhunter247, WGM,2323,2593
mindloo, FM,2350,2405
mindmlnes, FM,2745,2980
mindprogress732, CM,2254,2181
minhgtran, IM,2924,2937
minhpham13, WFM,1866,2002
minhquang_chesscoach, FM,2857,2938
minisim, IM,2674,2730
minnesotachessmaster, NM,2079,2112
minoporco, NM,1809,1813
minty_bubbles, WCM,1913,1913
miocardiocito, CM,2268,2104
miodrag-jevtic, FM,2378,2396
miracmelihtopuz7, CM,2668,2747
miragha_yev, IM,2816,2972
mirandamikadze, WGM,1776,2069
mirandayo, WGM,2043,2234
mirceamateica, NM,2057,2041
mirceaparligras, GM,2490,2428
mirchi_26, WCM,2085,2139
mirciulica14, FM,2769,2823
miredenizdogan, FM,2025,2253
mireq85, FM,2162,2313
mirman90, GM,2775,2912
mirochka, WGM,2160,2156
miromiljkovic, GM,2650,2717
mironius, GM,2515,2515
miroslavsavic, FM,1494,2048
mirovlasenko, IM,2702,2728
mirror80, FM,2405,2558
miruna_daria28, WIM,2433,2433
mirzaad786, FM,2119,2249
mirzano31, WCM,2115,2115
misapap, GM,2600,2641
mischuk_d, IM,2726,2831
mise2020, NM,2007,2045
miserableplayer4, CM,2607,2600
misha_bilous, IM,2539,2637
misha_chessone, FM,2499,2499
misha_melnichuk, FM,2605,2663
mishanick, GM,3004,3130
mishikomchedlishvili, GM,2793,2793
mishkafighter, IM,2976,3056
misi_95, GM,2848,2873
misiekzielony, IM,1854,1855
mismaly, CM,2373,2358
miss_jj20, WIM,2428,2500
miss_miami, WCM,2095,2095
missgrace2015, WIM,2300,2327
missigirl, WFM,2146,2199
missmariposa, WFM,2462,2519
missmoomin, WCM,1047,1463
missponyo10, WFM,2029,2029
mistango, IM,2617,2706
misterchess_07, CM,2412,2580
misterjozi, CM,2434,2434
misterlamine, IM,2520,2627
misteryesno, CM,2025,2362
mistheoretical, CM,2503,2515
mistrzemi, FM,2312,2304
miterryble, IM,3083,3206
mitfit64, NM,1423,2050
mithrandirjunior, NM,2501,2573
mitraasz, WIM,2794,2818
mitrabhaa, GM,2959,3176
miuko7, FM,1822,2300
mixmasterchess, NM,1902,2053
miyamoto_musashi11, FM,2592,2599
miyazaki64, FM,2193,2193
miyoloko, FM,2621,2734
mizant, FM,2042,2159
mizner, IM,2421,2277
mjbacojo, FM,2526,2541
mjelcic, CM,2222,2191
mjray79, GM,2753,2790
mk0812, WIM,1488,1721
mkarp, FM,2208,2297
mkforever, WFM,1901,2150
mkkuhner, WCM,1292,1533
mklenburg, IM,2268,2488
mkllnd1517, FM,2240,2353
mklose11, FM,2529,2620
mkrtchyanmariam, WIM,2636,2751
mkrysz, IM,1276,1385
mladen73, IM,2110,2060
mlchen, NM,2398,2398
mlchiang, NM,1922,2130
mlkkel, FM,2723,2736
mlyagl, NM,2473,2749
mmahdi2013, FM,2481,2524
mmaks007, WFM,2106,2348
mmc_08, WIM,2149,2149
mmdarko, FM,2275,2275
mmichaelides, NM,2038,2053
mmmflatbread, GM,2814,2937
mmsanchez, IM,2672,2717
mmukka, FM,2495,2542
mnd2203, IM,2528,2631
mnikolov, GM,2525,2683
mnuwan, NM,2133,2195
mnvf, NM,2040,2183
mnvillanueva, IM,2710,2791
mnyuyu, CM,2103,2356
mochamp, NM,2015,2123
mochibear88, NM,2583,2583
mockingbird998, WIM,2253,2416
moderjason, IM,2868,2932
moeinzai_khoshhal, FM,2411,2412
mohamed-damaj, CM,2437,2705
mohamedd_salah_11, CM,2146,2382
mohamednader3, IM,1956,2025
mohammednx111, CM,2176,2296
moheb_amir, IM,2625,2634
mohmoh75, FM,1551,1609
mohsenghorbani, IM,1955,2300
mohssenbinaddi, CM,2031,2114
moiphatlakanyi, CM,2125,2142
moisesanto, CM,2682,2739
moistketchup, FM,2458,2458
mokerslag, FM,2496,2543
mokshad1603, IM,2775,2803
mokshanovalexey, IM,2700,2758
moldytofu, WFM,2235,2290
molecularchemist, IM,2987,3201
moltini, FM,2623,2698
molton, GM,2719,2780
momchilpetkov, GM,2920,2926
momia77, FM,2361,2515
momojunkai, WFM,2301,2291
momotaro77, NM,2537,2537
mona_khaled, WGM,1876,2243
mona_mahini, WFM,2021,2021
monalize, IM,2123,2268
monarchsf, FM,2076,2201
moncler08, FM,2688,2750
mong2069, WFM,1448,1644
monika84, WFM,2112,2158
monikarozman, WFM,2103,2103
monkeycmonkey, CM,2187,2437
monkins, FM,2204,2287
monluis, CM,1930,2008
monmoransy, GM,2667,2667
monomita, IM,3100,3100
monster-ratata, FM,2465,2479
monsterchess_uz, IM,2893,2900
monsterenergy2022, CM,2614,2712
monstertube, NM,1971,2158
montanez, CM,2023,2197
monty82, FM,2302,2356
montyotto, FM,2414,2414
moodynorway76, FM,2041,1600
moon_stone123, FM,2525,2683
moonknight_288, FM,2604,2604
moonlight89, IM,2735,2569
mops_2004, IM,2670,2713
morechessjulia, WFM,1552,2053
morf1us, IM,2698,2548
morfius, IM,2301,2348
mornar1951, GM,2433,2283
moro182, GM,2801,2913
moroccanchess23, IM,2708,2709
morocewich64, CM,2277,2166
morozcoma, FM,2129,2137
moroze, FM,2374,2437
morphinho22, FM,2121,2027
morphozis, IM,2693,2699
morphy1984, FM,2725,2770
morphyues, CM,2228,2431
morralover, CM,2250,2429
morshynska, WGM,2156,2193
mortalbovine, NM,1670,1825
morte-negra, NM,1932,1942
mortensfjell, IM,2221,2169
morteza_mahjoob, GM,2406,2797
mortngabriel, FM,2554,2554
mortred777, IM,2470,2478
moscovita, IM,2541,2642
moshefriedland, FM,2037,2008
moskvaa, GM,2497,2347
mossedivertenti, GM,2626,2626
mostafa_sakha, CM,2435,2403
mostii, CM,2846,2881
mostokay, NM,2628,2647
moultino06, IM,2502,2516
mouniouboun, IM,2530,2586
mountblitz, GM,3186,3186
mountthief, IM,2723,2747
mouraobio, NM,2516,2535
mourinho_jose, FM,2351,2492
mousavian_hamed, IM,2174,2186
mouse-sleep, CM,2701,2781
mouseroom44, CM,2481,2590
mouseslips_are_the_best, FM,2336,2372
movebymove, GM,1395,1357
moventog, FM,2474,2474
movingmeats, IM,2641,2768
mozartus88, CM,2515,2515
mozartus9, CM,2602,2602
mozayr, FM,2342,2481
mpgm, IM,2668,2668
mphofmann, FM,2260,2260
mr-leahy, NM,2316,2316
mr65, FM,1888,2389
mr_asgharzadeh, FM,2357,2428
mr_bobby97, FM,2514,2514
mr_carabali, FM,2610,2619
mr_crow_ua, FM,2409,2636
mr_dismal, FM,2615,2604
mr_dynamic, GM,2427,2427
mr_graffin, WFM,1812,2075
mr_gustavo, IM,2690,2726
mr_heisenberg13, GM,2757,2800
mr_lion22, CM,2569,2582
mr_nimzo, FM,2512,2354
mr_november18, FM,2028,2034
mr_penings, NM,2801,2879
mr_ruthless, FM,2480,2606
mr_sinigami, FM,2593,2672
mrannihilation, NM,2533,2533
mravecuk, FM,2156,2286
mrbad74, IM,2381,2408
mrbadbeat, FM,2465,2505
mrbetazero, IM,2515,2588
mrbigtimer, FM,2451,2570
mrbrightside1315, FM,2440,2560
mrbrown6424, FM,2565,2573
mrbye07, CM,2416,2466
mrcorbat, NM,1920,2083
mrdemir, CM,2130,2037
mrescacs, CM,2240,2307
mrgorik, IM,2600,2733
mrhasanstien, CM,1943,2128
mrhenriksson, FM,2141,2199
mrkgg1, FM,2672,2709
mrkooshachess_twitch, FM,2830,2860
mrkvoz, GM,2830,2728
mrlammy, CM,2654,2907
mrlion3000, CM,2948,2974
mrludus, NM,2427,2427
mrmatesm, IM,2742,2742
mrmotley, GM,2820,2830
mrms05nnb, FM,2505,2424
mrmusicwriter, NM,2467,2610
mrniceplay, CM,2171,2193
mrntzchess, IM,2505,2569
mroziiu, CM,2563,2723
mrp2702, WFM,1410,1557
mrpedegru25, CM,2320,2386
mrpurplechess, FM,1939,2030
mrrooke6, FM,2546,2624
mrsavic77, GM,2580,2436
mrsharik, FM,1840,2153
mrsuccess, IM,1631,1535
mrtattaglia, GM,2957,3246
mrvjk, IM,2513,2635
msachintha, WFM,1641,1549
msalazarg, WFM,2147,2147
msb2, GM,3068,3176
msbff, FM,2820,2972
mshuaau0, FM,2103,2165
mslemongirl, WFM,2243,2472
msolleveld, GM,2579,2579
msspock73, WFM,1955,2066
mszelag, IM,2501,2524
mtchess0207, FM,2468,2479
mthaler, NM,2183,2273
mthr89, WIM,1937,2176
mtyron, FM,2300,2565
muazaz, FM,2147,2047
mudinoss, FM,2733,2739
mueganita, WIM,2230,2424
mugiwara2b, FM,2374,2572
mugzyyy, GM,2582,2657
muhammad-waqar, FM,1906,2144
muhittinbuker, CM,2153,1833
muifel, FM,2196,2253
muisback26, GM,3176,3202
mukhriez1676, CM,2269,2365
mumbaitiger, GM,1375,2003
mumlookatmenow, FM,2684,2734
mumtozbegim, WCM,1833,1917
muncettin, NM,2729,2792
munduyungi, FM,1859,1867
munguntuul_b, IM,2315,2450
munichmouse, FM,2429,2429
munkhzul_davaakhuu, WIM,1879,1929
munkhzul_turmunkh, WGM,2312,2513
muracle, FM,2582,2859
murad_ibrahimli, IM,2926,2941
muradnuri, FM,2772,2810
muradore, GM,2315,2445
murafa1, FM,2281,2292
muran29, FM,2535,2706
murayamaaa_san, FM,2043,2188
murayamasann, FM,2222,2257
murtas73, GM,2316,2316
murtazin_ruslan, FM,2544,2565
murugapotri, WCM,2253,2257
musarabo, IM,2542,2574
musashistyle, IM,2610,2574
musclemonster12, FM,2503,2551
musiccitymaster, FM,2175,2371
musiclover288, WCM,1746,1876
muslim_player_05, FM,2373,2467
mustafay, NM,2165,2506
mustafayevfarid2004, FM,2741,2777
muthaiahchess, IM,2706,2716
mvm2008, CM,2739,2896
mvoiska, WGM,2064,2100
mvpag, NM,1561,2018
mvtuge, CM,2239,2249
mw86, WFM,2837,2837
mwamba1409, IM,2528,2771
mwpchess, FM,2602,2627
my-life-my-love-is-mj, FM,2087,2159
my_last_life, FM,2798,2838
myburger, FM,2668,2740
mydream003, IM,2779,2786
myelination, CM,2407,2483
myfitnesspal, GM,3234,3371
mygoathans, FM,2652,2660
myinthan1962, IM,2117,2167
mykola-bortnyk, IM,3085,3250
mylenefarmer, IM,2533,2656
myleoclub, CM,2517,2552
mymchessacademy, NM,2194,2339
mynameisbuba22, WIM,2049,2049
mynameisjeanvaljean, FM,2357,2549
myohtutaung18, FM,2098,2047
myonaing, IM,2183,2282
myriadmiracles, CM,2476,2597
myshakov_fedor, FM,2407,2601
myst2500, IM,2883,2887
mystere22, NM,1950,1800
mysterio47, FM,2797,2797
mystery2007, FM,2354,2370
mythril_h3ml0ck, NM,1846,2132
mytzy, WCM,1712,1787
mywarrior500, NM,1596,1949
n00bm3ster, IM,2427,2436
n18player, FM,2297,2297
n_i_chess, NM,2358,2445
n_mullodzhanov, NM,2705,2826
na_binci, CM,2227,2340
naaas1, GM,2714,2850
naaats888, CM,2042,2566
nab_c, IM,2526,2227
nabukatnezarr, IM,2554,2674
nachsueb, FM,1694,2000
nacirizouhair, CM,1700,2162
nacisan, NM,2017,2300
nadeev_sergey, FM,2378,2411
nadezdapentala, WFM,1974,2157
nadezhdaaza, WIM,2009,2162
nadirsm, FM,1805,2289
nadiss, WIM,2277,2293
nadtkins, IM,2618,2657
nafania1, FM,2336,2558
nagatanasata, GM,2878,2942
nagimov_artiom, FM,2401,2471
nagobe, NM,2023,2161
nagwa12201464, WCM,623,835
nahueldiazh, IM,2388,2388
nailbashirli, IM,2691,2794
nailbeshirli, IM,2613,2618
naisortep, CM,1977,2192
najdorfontop, CM,2332,2352
najdorfplayerc5, FM,2705,2861
nakachuk, GM,2951,2989
nakajo, FM,2619,2709
nakanyikem, WCM,1017,1264
nakedorange, FM,1995,2238
nakimurastur, CM,1531,1381
nakmansong, FM,2303,2462
nakorn, FM,1334,1333
nalatac, FM,2210,2218
namagandachristine, WFM,1681,1762
namasiku, WCM,767,1044
namelesspro, NM,2812,2812
namir131313, CM,1740,1590
nancy11111, WCM,2159,2393
nanditha_chess, WCM,1824,2404
nangm, CM,2375,2650
nanguyen, WFM,2109,2440
nanjibear, NM,2057,2071
nanmkkhinehlyan, WFM,1372,1842
nannn9, WCM,2058,2113
nanochil2, IM,2711,2886
naoki, NM,3039,3039
napierattack, FM,2364,2364
nara_kh, WGM,2436,2576
narek_ghimoyan, CM,2569,2609
nargalz1us, NM,1856,2347
narigoncompadre, CM,1438,1961
narmin_26, WGM,2403,2296
narminsoyunlu, WFM,2126,2283
naruna_chan, WCM,2165,2416
naruto-k, FM,2583,2585
nasirakylbekov, FM,2455,2507
nasrin_babayeva, WFM,2048,2055
nassimzrikem, FM,2112,2303
nastaj, WGM,1976,1870
nastasia28, WFM,2237,2299
nastassjamatus, WFM,1616,1678
nastya_rakhmangulova, WGM,2398,2329
nastyahn, WFM,2152,1236
nastyking37, CM,2411,2559
nastypanda, NM,2347,2565
nat74, GM,2364,2471
nata_jibuti, WFM,2518,2592
natalia_pogonina, WGM,1563,1529
nataliek07, WFM,798,816
natalya_buksa, IM,2574,2648
natalymonroy, WIM,1525,1730
natasharegan, WIM,1590,1708
natelleka, WFM,2057,2113
natesolon, FM,2567,2574
nathan_filgueiras, IM,2640,2694
nathanhoover, NM,1745,2144
nationalobesityepidemic, NM,2707,3006
natovi77, CM,1734,2134
natrost2000, WFM,1832,1912
natura_naturans, FM,2383,2436
nature_blonde, WIM,2239,2246
naty139, WIM,1986,2226
nau64, FM,2151,2204
navak2009, CM,2629,2764
navi_nazarpro, CM,3095,3164
navin_kanna, IM,1969,2360
navnp04, NM,2646,2703
navyblue1, NM,1647,1725
nayemhaque22, FM,2351,2438
naytunkyaw, IM,2111,2132
nazar-nazar, FM,2557,2466
nazipaiki, IM,2456,2467
nazranakhan074, WFM,1714,2019
nbk90, IM,2369,2663
ncatt, WFM,2506,2548
ncchamp, NM,2263,2263
ncdaddy, FM,2055,2254
ncdogan, FM,2709,2701
nchess96, WIM,2228,1978
ncofre98, FM,2606,2723
ndahura, CM,2282,2383
ndrvici, CM,2020,2188
neathanp, CM,2288,2327
nechepurenkorv, FM,2703,2703
nechitaylo_nikita, FM,2293,2375
necromon, FM,2471,2535
nedjulpie, IM,2515,2614
needmoreflow, WGM,2593,2696
neevklid2001, WFM,1766,1793
nefariousnebula, NM,1858,2022
nefas, NM,2327,2533
nefelv, NM,1854,1892
neferpitou27, GM,3029,3029
neftegor, IM,1328,1200
negrosas, FM,2505,2505
neil_doknjas, NM,2568,2588
neilarmstrong191, FM,2516,2545
neilbhav, NM,2156,2156
neimar24, IM,2394,2635
neipa, FM,2566,2603
neistoviupryam, NM,2273,2404
neithor1984, NM,1780,1819
neklan, IM,2200,1393
nekochabo, IM,2801,2831
nekoo04, WIM,2137,2317
nekotyanof, IM,2708,2947
neldus123, CM,2123,2143
nelissatt, WCM,1388,1430
nellichka, WIM,1992,1992
nelsi, NM,2516,2584
nelsito1452, FM,1962,2215
nelsonlinda, FM,2673,2673
nelunika, WIM,1803,1951
nemanjavukcevic, FM,2468,2468
nemequittepas, GM,2483,2827
nemo_nobody, FM,2177,2468
nemofishy, GM,2820,2759
nemonescio, CM,2123,2340
nemsko, WGM,2623,2619
nemsourek08, FM,2700,2772
nenad2911, FM,2350,2350
nenad_coach, FM,2356,2356
nenadrobulj, FM,2270,2154
neonninja73, CM,2603,2603
neosupremacy, IM,2874,2886
neri_gaite, WFM,2106,2217
nerzgul, CM,1878,1957
nesterovsky, GM,2945,2947
nesty_javi_chess, IM,2731,2840
neuguenzburg, FM,2394,2244
neurisdr, GM,2652,2751
nevenjakupovic, FM,2031,2098
nevergiveuppp, NM,2450,2475
nevermind242, FM,2364,2364
neverw84m8, IM,2454,2679
nevigaming, FM,2507,2556
nevorlegov, GM,2579,2608
new_player_0010, WCM,2141,2466
newbornnow, GM,2463,2670
newchess1213, CM,2608,2624
newchesscorner64, CM,2536,2563
newlight1, NM,2475,2432
newplayerorishe, FM,2582,2691
newyorkchicago, IM,2446,2865
newyorkmouse, FM,2773,2857
newzorro, GM,2650,2770
nexoknight11, CM,2599,2637
next_touch, IM,2564,2575
nezhmetdinov2020, IM,2963,2963
nezuko432, GM,2535,2535
nf3b31-0, IM,2583,2594
nfchess13, FM,2588,2711
nfds, FM,2784,2800
nfogaras, CM,1873,1893
nfork, FM,2063,2220
ngc772n11, NM,1850,1875
nguyenduchoa, GM,2426,2556
nguyenhlb, CM,2520,2548
nguyenmyhanhan, WIM,2130,2170
nguyenquanganh3112, CM,2643,2656
nguyenxi, GM,2802,2998
nhn_08, WFM,2219,2272
ni-hua, GM,2809,2903
ni0lath, IM,2438,2587
nicaragua_chess, FM,2243,2243
niceblunderlol, FM,2200,1164
nicecream18, WFM,2148,2404
nicegg, CM,1664,1970
nicholas_ilic, FM,2506,2630
nicholastakano, NM,2386,2602
nichyne, FM,2450,2645
nick0p, NM,2292,2549
nick12772, NM,2407,2548
nick1996pa, FM,2181,2181
nick_nisperos, NM,2161,2211
nicki2013, CM,2793,2848
nickmatta, FM,2511,2636
nickvet, IM,2631,2656
nicky1405, CM,1701,1701
niclox, IM,2808,2826
nicochasin, IM,2811,2920
nicoderboss24, FM,2196,2403
nicolai1950, FM,2536,2536
nicolaik, IM,2235,2101
nicolaimaxime, FM,2904,2942
nicolas_chess10, CM,2549,2610
nicolas_delacolina, NM,2807,2886
nicolasbatista3, FM,2472,2648
nicolassrc, CM,1650,1062
nicolasulaneobelassi, NM,2235,2319
nicolevalladar, WCM,1597,1921
nicolik, IM,2654,2672
nicollem13, WFM,1842,1927
nicolochessit, FM,2537,2582
nicotira2, NM,2258,2463
nidjatmamedov, GM,2661,2783
nigeldwarf, NM,2646,2742
nigelfat, GM,2846,2860
nigelshort, GM,2739,2682
nigerianprodigy, IM,2388,2549
night_owl_23, WFM,1853,2123
night_rider3491, CM,2698,2185
nightingaleblade, IM,2357,2357
nightlord1, NM,2331,2555
nightofzero_on_fire, FM,2715,2873
nightowlcalculator, CM,2495,2501
nigirisushies, FM,2440,2453
nihalsarin, GM,3094,3402
nihilistiq, NM,2506,2506
niilo1, FM,2408,2426
nijat_a, GM,2951,2864
nikachu, NM,1977,2264
nikajurisnicolas, WNM,1453,1522
nikavolkov, CM,3005,3070
nikfil2013, CM,2357,2464
nikhileshk, FM,1821,2038
niki_2003, WCM,1697,1768
nikita_klepikov, FM,2218,2445
nikita_urusov, FM,2253,2204
nikitadovbnya2008, CM,2288,2425
nikitaka16, FM,2696,2835
nikitakhoroshev, IM,2611,2701
nikitarychagov, CM,2201,1661
nikitashandrygin, FM,2643,2736
nikithebest, FM,2280,2484
niklasschmider, IM,2583,2626
nikola-fiveminuteschess, IM,2550,2550
nikolagry, FM,2805,2825
nikolaj_6, IM,2552,2474
nikolajborge, IM,2211,2596
nikolakis2014, GM,2522,2529
nikolama2000, WFM,2077,2092
nikolas1408, GM,2625,2645
nikolastheiss, NM,2517,2633
nikolay_milchev, IM,2120,2369
nikolinakol, WFM,2024,1667
nikoloztsomaia, FM,2536,2688
nikotheodorou, GM,3108,3211
niktlt, GM,2555,2808
nils_03, IM,2603,2603
nilufaryakubbaeva29, WGM,2088,2309
nimajavanbakht, IM,2593,2711
nimamideje, IM,2761,2806
nimrod_veinberg, IM,2178,2720
nimven, WFM,1703,1754
nimzorocks, FM,2118,2378
ningningwang, WCM,1853,1937
ninguno46, IM,2515,2728
ningyzhou, WCM,2080,2126
ninhvo, IM,2662,2679
ninjatrick, CM,2750,2889
ninocanina, WFM,1825,1825
ninodg, FM,2517,2524
ninokalayci, WCM,1818,1842
ninomaisuradze, WGM,2309,2482
ninullia, WGM,2372,2502
niraj619, CM,2449,2495
niranjannavalgund, FM,2437,2568
nisemayumayu, WFM,2153,2361
nishaonyoutube, IM,1856,2226
nishyuu, WFM,2210,2310
nissegusten, IM,1708,1558
nitalucian, NM,2410,2490
niteshch, CM,2128,1704
nitzan_steinberg, GM,2975,3054
niu9988, CM,2004,1801
niusha, WCM,1756,2159
nj123456, CM,2254,2325
njal28, GM,2970,3172
njpanda, WCM,1665,1992
nllo777, FM,2607,2632
nm2019, WCM,1843,2054
nm_antelacus, NM,2221,2364
nm_diasattack, FM,1961,2370
nm_koval, NM,2209,1862
nm_vanessa, NM,1862,1953
nmbraveheart0820, NM,1873,2141
nmchesstoimpress, NM,2090,2240
nmchesstoimpress_stream, NM,2010,2297
nmd0402, CM,2398,2445
nmjeevank, FM,2835,2896
nmjonathantan, NM,2412,2595
nmluo, NM,2162,2173
nmmustang6000, NM,2049,2065
nmofpuppets, NM,1757,2108
nmorales21, WIM,1409,2130
nmpdk, NM,2519,2519
nmshanmeruga, NM,2302,2490
nmwannabe101, NM,1959,2006
nmxv, NM,2371,2533
nmzanette, NM,2117,2274
no-regret, FM,2645,2732
noahritzerveld, FM,2300,2300
noam_vitenberg, FM,2481,2602
noamapplesauce, NM,2101,2372
noblerone, NM,2709,2709
noboakevin1999, IM,2572,2572
nobody267, WCM,1900,1440
nobodyperfect13, IM,2044,2472
nocheatingkid, NM,2619,2964
nochewycandy, NM,3001,3001
nocnypako, IM,2683,2683
nodariousbig, IM,2841,2872
nodi26, IM,2400,2428
noela1512, WFM,1815,2134
noeladricula, CM,1256,1383
nogallonoparty, NM,2332,2332
noghay, IM,2662,2662
nogoalokente, FM,2545,2557
nohethto, NM,2890,2973
noki102, NM,2555,2628
nomadknights, FM,2426,2655
nomel07, CM,2361,2390
nomercy_ukr, NM,2576,2621
nomoneyhoney, FM,2525,2527
nomyas41, IM,2492,2492
nona_d, WIM,2136,2273
noname372k, NM,2520,2799
noncrediblefrenchdefense, WFM,2515,2515
nondrovski, IM,2285,2345
nonmaster99, NM,1896,2283
nonsopolo1, FM,2357,2372
noobmaster176, GM,2762,2777
noobsiaya, NM,2347,2349
noomerccyy, NM,2710,2776
nooneknowsbetter, CM,2364,2432
nor1lsk, IM,2580,2714
noraa8, NM,2461,2694
noranup, FM,2657,2737
noret, NM,2031,2072
norival, GM,2494,2463
norman-who, NM,2390,2604
norman927, NM,2419,2419
northbound30, NM,2620,2671
northpigeon, FM,2074,1928
northremembersns, IM,2190,2274
northridgehawk, NM,2544,2544
norwaytoadog, CM,2204,2263
nosoggybottoms, IM,2550,2675
nostradamus123, FM,2216,2355
not-a-rapper, NM,2500,2500
not_2dayy, FM,2436,2658
not_built_different, CM,2417,2417
not_najdorfs_player, WCM,2502,2558
notfischer, NM,2182,2269
notfmjoshyet, CM,1956,2042
notthebishopsacrifice, FM,2570,2640
nottodaysir, CM,2618,2689
notyetfinish, GM,3188,3187
nouali_mohamed, FM,2600,2731
noukii, GM,2867,2967
nousecomp, FM,2012,2012
novabbeseiungenio, FM,2574,2785
novak_pezelj, IM,2737,2737
novakcabarkapa, IM,2748,2945
novakdjokovic142, IM,2400,2142
novakratko, CM,2524,2524
novendrapriasmoro, GM,2949,2963
novocane, CM,2212,2358
novoselovroman, FM,2652,2702
novoselski, IM,2290,2535
novozhilovsemen, FM,2785,2925
nowayjosey, GM,2946,3095
nowinchess, CM,1983,2143
nozdrachev_leonid, IM,2428,2659
nozdrachev_vladislav, IM,2856,2957
npaipal, FM,2177,2309
npaleveda, NM,1892,2014
nrbi44, FM,2119,2236
nrvignesh, GM,2446,2447
nrvisakh, GM,2869,2920
nss13, FM,2412,2412
ntbt_dhs, IM,2689,2906
ntdvan12, GM,2784,2826
ntmh281, WGM,2292,2479
nuadvaga, NM,2045,2180
nubair1198, IM,2746,2917
nubairyt, IM,2832,2905
nuestro64, WCM,721,1896
nuharilwan, WFM,1203,1261
nuidisvulko, GM,2585,2763
number9, FM,2236,2375
numberonefan, GM,2866,2918
nunezravelo, FM,2099,2504
nurali3012, CM,1960,2005
nurgyulsalimova, IM,2766,2915
nurmitv, FM,2827,2888
nuscha3, WFM,2243,2355
nusratalo, WCM,2100,1816
nutflush, CM,1861,2194
nutibara, IM,2561,2411
nutsontheboard, CM,2183,2183
nuvas, GM,2830,2929
nw_tynka, WGM,2400,1629
nwcapa, NM,1721,1931
nwchess2016, CM,2150,2214
nxrby, FM,2448,2542
nyameba, CM,2197,2230
nycjack1, NM,2521,2717
nylvor, FM,2630,2659
nyqui, NM,1824,2122
nz_trains, CM,2159,2009
nzt72, FM,2830,2830
oachesspro, FM,2300,2365
oanachessmalta, WFM,1906,1909
obidobad, IM,2421,2578
obispus, CM,1740,1982
obito24, FM,2675,2793
obiwinkkenobi, CM,2245,1815
obliviate12, GM,2655,2865
occhio-vivo, NM,1812,1691
oceanracer03, NM,2010,2189
ochsenfroschgambit, FM,2324,2324
ochukov, FM,1649,2040
octachamp, IM,2515,2515
octoberbreeze, CM,2354,2521
octopus_assassin, FM,2406,2409
odarne, NM,2229,2229
odaskramstad, WCM,2023,2048
odchessworld, FM,2871,2885
odeggard, CM,2032,2108
odreamchess, FM,2814,2837
oezs95, IM,2609,2668
oganromchess, FM,2405,2603
oggy1984, FM,2409,2499
oglazaoskar2005, FM,2544,2657
oglob71, IM,2105,2105
ogpin, FM,2547,2593
oh-nahhh, FM,2553,2553
oh_no_my_queen9, FM,2334,2334
ohajek96, CM,2874,2874
ohanyaneminchess, GM,3117,3278
ohusbands, IM,2509,2536
oiam03, WIM,1692,2000
oiiuuko, FM,2046,2142
ojevwe, CM,2340,2247
ok97, GM,2878,2979
okkotsuyuta03, FM,2476,2558
okriak, IM,2504,2504
ol_bilych, IM,2690,2900
olaala, WIM,2305,2527
olakenn, FM,1554,1793
olawsson, FM,2134,2174
olderson, FM,2528,2528
oldfreezeham, FM,2406,2453
oldguy2, FM,2119,2152
oldguysrule1956, NM,2263,2342
oldsoldiere, NM,2500,2518
oldterminator, CM,1681,1531
oldweakgm, GM,2901,2890
ole83, WGM,2045,2174
oleg_papayan, FM,2828,2828
oleksandr_bortnyk, GM,3123,3367
oleksandrprokhorov, NM,2141,2300
olfer, FM,2410,2410
olga-belka, WFM,2019,2124
olga_girya, GM,2547,2582
olga_lelekova, WIM,1931,2385
olga_ustinova, WFM,1810,2519
olga_zhuravleva, WIM,2238,2342
olgavasiliev, WIM,2387,2509
olgerts_indricans, NM,2442,2681
olifantcz, WGM,2224,2340
oligan22, WGM,2443,2455
oligator83, NM,2150,2000
olimpusmaximus, GM,3048,3178
olintoarthur, NM,1919,2326
olita21, IM,2284,2173
oliver98, FM,2301,2594
oliver_cromvel, FM,2232,2369
oliver_wartiovaara, FM,2616,2722
oliveratomchess, FM,2489,2632
olkaa, GM,2715,2758
olkarchess, CM,2814,2822
olksuna, GM,2527,2598
olliear, FM,2456,2476
olomi007, GM,2585,2501
omar-noaman, IM,2368,2425
omarnoman, IM,2251,2425
omeed_87, NM,2594,2618
omeganebulapegasus, IM,2711,2842
omeletking, FM,2766,2766
omer1997, IM,2519,2736
omerkhanfm, FM,1249,1880
omidnoroozi21, IM,2738,2746
omisoc, IM,2121,2399
omk124, FM,2808,2863
omranalhosani22, IM,2692,2833
omulcafea, FM,2500,2501
onatb, IM,2206,2152
ondoko, FM,2172,2331
onedar, WCM,1828,2008
oneeyedguest, FM,2462,2590
onegust, FM,2206,2428
onelastbreath, FM,2406,2468
oneofmyturns, IM,2891,2891
oneshot007, FM,2223,2421
onetowin, CM,1957,1958
oniichanuwu7, IM,2607,2621
only_strong_moves, FM,2767,3024
onlyflagnoskill, CM,2010,2172
onlyggwheniwin, NM,2558,2634
onlytime4, WGM,2149,2123
onnoelgersma, FM,2781,2873
onter8, WFM,1805,1827
onurcinarengin7, CM,2546,2559
onwgs, CM,2317,2424
oogee, FM,2213,2259
oogwaygetsgirls127, FM,2375,2426
oparingrigoriy, GM,3090,3102
opening2000, GM,2573,2573
opening_prep, FM,2660,2752
oppiezippy, NM,2161,2188
opqrc, FM,2579,2594
optikbaskan, IM,2500,2562
optimus_prime120, FM,2174,2239
optimusprimebr, CM,1992,2060
orange_ghost, IM,3333,3333
orange_mode, IM,2482,2490
orangepelt, FM,2200,1763
orassahh, FM,2471,2520
oratoricalgenius, NM,2838,2891
orby314, NM,2056,2243
orest_vovk, FM,2609,2689
orestn, FM,2296,2310
organdzievhren, FM,2060,2277
ori99, WFM,1673,1678
orionkinghunter, NM,2124,1974
oritaichman, FM,2636,2687
orkan85, IM,2427,2694
orkhan_eminov, FM,2473,2479
orkinyo12345, IM,2503,2680
orlovachess, WCM,1737,1735
ornulfo, NM,2137,2201
orphanator2009, FM,2503,2539
ors1984, IM,2263,2287
ortizanahi2001, WIM,2365,2365
ortizfrancisco, NM,2721,2721
ortznoi57, NM,1644,2019
orujov2008, FM,2415,2431
orujov_2008, CM,1855,2144
orwaid, NM,1617,1633
os55555, CM,2102,2102
oscar-i, FM,2031,2452
oscar-luna, NM,2173,2400
oscarang, NM,2347,2404
osh1ro, FM,2837,2845
osielchesslover2011, FM,2330,2383
oskariot, GM,2903,2903
oskychess, GM,2615,2722
osoriofernando, CM,2307,2477
ossipoff, NM,2703,2703
ostrovskiy-marshalls, IM,2637,2487
ostrykaktus, FM,2157,2444
othergabe, NM,2530,2715
otiliabaciu, WFM,2036,1305
otrov-11, CM,2640,2711
otrovnipacov2405, FM,2158,2202
otsz, FM,2588,2621
ouaret_abdelouhab, IM,1994,2157
oursemare, GM,2395,2245
outofaces, GM,2371,2740
outpostqueen, WIM,2016,2312
outsmiter, NM,2343,2193
overfrost, NM,2538,2538
overschat, FM,2436,2436
ovsiannikov_maxim, FM,2498,2549
ow321, NM,2804,2819
owl_towel, NM,1993,2243
oxygen64, FM,2552,2561
oykuince, WCM,1881,2009
ozates, FM,2520,2713
ozelot, IM,2675,2685
ozen_metehan, CM,2339,2392
ozimov13, CM,2480,2480
ozzie_c_cobblepot, NM,2422,2667
p-e-t-r-0, IM,2783,2749
p0ubelle, WIM,2272,2433
p10neer, CM,2450,2032
p4ad, FM,2755,2834
pablo1067, CM,1697,1985
pabloadrobruquez, CM,1454,1765
pabloricardi, GM,2191,2370
pablovik, NM,2135,2202
pablozarnicki, GM,2680,2780
pabmar70, FM,2295,2407
pachonpower, FM,2462,2462
pacifique, NM,2446,2533
pacomitaco999, NM,2102,2235
padam19, IM,2784,2784
padenie_zvezd, GM,3048,2975
paff_morris_twitch, CM,2611,2633
pai-mei, FM,2295,1262
paimpolexpress, IM,2799,2958
paingmoe, FM,1772,1846
paintrain08, CM,2630,2719
pakarma, FM,2557,2668
pakmaster, FM,2150,2662
paladin61, IM,2675,2795
paladin_ll, FM,1756,2434
palipali, WFM,2050,1588
palmateo, FM,2232,2387
palombie, FM,2600,2738
palosteden, FM,1785,1702
pamapseba, NM,2162,2200
panateniense, NM,1987,2138
pancontomate12, CM,2385,2436
pandaguy4000, CM,2497,2517
pandamaster3000, NM,2563,2727
pandazero, WGM,2191,2336
panevezys, GM,3104,3165
pangtao, IM,2571,2682
pankajfm, FM,2096,2264
panmichel1996, FM,2383,2424
pantata007, CM,2193,2288
panter1307, FM,2076,2152
panterov, CM,2031,2131
paolochess15, FM,2220,2074
papa12341234, IM,2900,2965
papabearpdx, NM,1302,1344
papaiedudu, NM,2445,2701
papakwnnov, FM,2370,2285
papaoutai, IM,2668,2676
papapizza, IM,2727,2804
papapizza_old, FM,1966,1861
paparama_1917, FM,2615,2722
paparovgr, WFM,2454,2454
papascaccorum, CM,1828,2100
papasmurfwithglasses, FM,2254,2325
paperotto610, FM,2116,2121
papipapita, IM,2646,2793
papusoibatran26, IM,2278,2619
paradise10, CM,2505,2764
paragonfighter, NM,2695,2708
parajuli_rajendra, CM,1206,1827
paralinch, GM,2961,3056
paranoyak, FM,2736,2843
parawanda, CM,2718,2725
parcerita1, WGM,2528,2528
parhamov, GM,3222,3239
pariasortega, CM,2413,2513
parimarjan, GM,2753,2753
parintele_chess, FM,2060,2106
parkas, CM,2333,2460
parmen_gelazonia, FM,2553,2641
parmigiano, WIM,2153,2153
parmupill123, FM,2490,2606
parnali1611, WIM,2279,2305
parnian_gh, WCM,2573,2717
parthenope, WFM,1608,1742
partiallysquared, FM,2264,2114
particle-accelerator, GM,2920,2924
partyinth3usa, CM,1928,2181
partytime1180, FM,2553,2607
parvizgasimov, IM,2125,2263
pashinskiy_mikhail, FM,2067,2410
pasmendjambvirgulptipon98, FM,2527,2559
passacaglia23, NM,2569,2502
passedpawnmustpushed, NM,2248,2311
passportplease, FM,2495,2495
passy234, FM,2402,2402
pastaaontwitch, GM,2921,3076
pasteta13, FM,2720,2785
pastore1978, FM,1909,2285
pastouche06, IM,2546,2664
patagonico2020, CM,1991,2141
patatablava123, WCM,1766,2407
patchi0423, NM,2513,2521
patently_parochial_panda, CM,2003,2203
pathfinder1234, NM,2174,2269
pathoma, FM,2758,2608
patolindo, NM,2056,2209
patricius007, FM,2646,2716
patrisiii123, CM,2358,2420
patrykb8, CM,2605,2639
patt-trick, FM,2493,2611
pattycastillo, WFM,1929,2071
patzel09, IM,2733,2772
patzer-reloaded, FM,2301,2613
patzer1ndisguise, FM,2602,2693
patzernation, NM,2200,2178
patzerplay, NM,2476,2576
patzerslasher, IM,2134,2195
paul66666, GM,2679,2679
paulachess, WFM,2223,2227
paulaepb, WIM,2285,2557
paulaner88, FM,2082,2217
paularossi99, WFM,2336,2616
paulewski, CM,2270,1683
paulfromspb, GM,2741,2741
pauliukevicius, FM,2557,2659
paulkoris, FM,2378,2496
paulocesarcosta_sad, NM,2207,2237
paulphoenix87, GM,2778,2695
paulrusan, FM,2106,2202
paulvelten, GM,2904,2904
paulz64, IM,2399,2504
pavalamalli, WGM,2171,2304
pavel_chernyshov, FM,2314,2504
pavel_skatchkov, GM,2434,2638
pavelalexandru07, FM,2266,2326
pavelchernomordik, FM,2062,2151
pavelchessyoutube, FM,2441,2618
pavelmaletin, GM,2368,2246
pavelmartynov, FM,2479,2732
pavelvavric, FM,2339,2387
pavelyurkov777, FM,2294,2226
pavet, IM,2679,2880
pavlitas17, IM,2288,2550
pavlov_sergey, IM,2572,2575
pavlovdanila, FM,2881,2899
pawelczarnota, GM,2766,2839
pawn0209, WFM,1996,2091
pawneatingzombie, NM,1875,2000
pawngobblerx2000, IM,2515,2517
pawnhopper316, NM,2404,2594
pawnmedley, IM,2322,2201
pawnn, NM,2175,2460
pawnosaurus, NM,2294,2550
pawnpusher1245, CM,2193,2230
pawnpusherschessaccademy, CM,2500,2563
pawnsoverpieces02, FM,2448,2627
pawnstar6870, WCM,2070,2106
pawnstorn, NM,2456,2477
pawnwonder, IM,2313,2313
payto1, IM,2326,2336
payyappat, FM,2608,2637
paz477, FM,2250,2250
pbatch, FM,2536,2551
pchelkinvk, CM,2748,2768
pds7603, IM,2234,2319
pdybala10, IM,2589,2727
pe0312, WFM,1769,1934
pe0la, IM,2913,3026
peace_power, CM,2269,2372
peacefulwarrior888, GM,3027,3048
pearl1988, WFM,2321,2321
pechen_yeltsina, FM,2713,2713
pecuricam, FM,2281,2189
pedrada88, IM,2614,2614
pedram1975, FM,2055,2216
pedro_gines, GM,2817,2942
pedro_nascimento85, NM,1783,2099
pedrogil25, FM,2504,2593
pedroholly22, FM,2357,2421
pedrosuarez, CM,2439,2515
pegaso529, CM,2248,2336
peixe64, FM,2600,2602
pelingorki, FM,2672,2751
pellegrino_chess, NM,2167,2167
pelmerch, FM,2496,2572
pelonacongarapata, WCM,1412,1982
pelopidass, IM,2600,2706
pelusiansky, FM,2659,2764
penafiel-josselyne02, WCM,2122,2251
pencil-in-a-bar, IM,2842,2850
pendragon619, IM,2237,2517
peng_li-min, GM,2904,2904
penguiinqueen, WGM,2265,2265
penguingm1, GM,3192,3504
penguinisanoob, CM,2290,2362
penguinpacks, NM,2412,2503
penyulambat, IM,2743,2805
peonrojo150, FM,2709,2709
pepechess12, CM,2376,2376
pepecuenca, GM,2736,2771
pepekan, IM,2316,2300
pepita111, WFM,2218,2346
perdomov, CM,2150,2150
perecke, IM,2660,2745
peretyatko, GM,2797,2738
perez-billinghurst, NM,2237,2415
perimir, FM,2472,2485
perodjetlic, FM,2200,2046
peroncio, IM,2751,2701
perplexingperfection, GM,3118,3194
perpz, WFM,2021,2198
persian_elephant1, NM,2329,2448
pertinhez76, CM,1957,2173
perunbarglowski, FM,2727,2733
pervincaperiwinkle, WCM,1780,1724
pesandu_liyanage_1, FM,2504,2521
pescadoazul, NM,2519,2715
peshkach, FM,2713,2713
peshkanavalnogo12, FM,2659,2698
pestilentpigeon, WFM,1900,1717
petardrenchev, GM,2364,2432
petarsdjuric, FM,2291,2413
pete1988, FM,2223,2415
petearrpan, FM,2648,2707
petearrrpan, NM,2491,2600
petelael, NM,1486,1800
peterconstantinou, FM,2150,2000
peterjjackson, NM,2231,2231
peterleko, GM,2763,2784
peterpantz, FM,2313,2401
peteryehmd, NM,2144,2166
peteseeger, FM,1462,1312
petincash, FM,2502,2543
petr_valerievich, FM,2451,2555
petrisoradrian1992, IM,1519,1369
petrolulsah, FM,1922,2347
petroniy_arbitr, WIM,2322,2398
petronov, FM,2150,2105
petrostein, FM,2166,2049
petrosyan_tigran, IM,2476,2507
petrov_nikita, GM,2541,2535
petrpalachev, FM,2731,2757
petrsoucek, FM,2258,2426
petthecat, NM,2150,2000
petukhov_dmitry, FM,2247,2292
pezyr, FM,2702,2663
pfalcon1949, NM,1225,2146
pg6player, CM,2606,2667
pgelis, NM,2213,2325
pgrj, CM,1292,1702
pgw-in-sf, GM,2366,2403
ph1ller, CM,2509,2618
phankhiem2007, CM,2830,2830
phantom19801127, NM,1877,2322
phantom671, GM,2517,2517
phelathegreat, IM,2364,2455
pheonixking2000, IM,2941,3061
phernand09, NM,2171,2437
philekhoob, CM,2516,2659
philippelinster, FM,2307,2405
philippians46, GM,3186,3498
phillips_roy, FM,1947,2118
philofive, FM,2489,2446
philos_85, FM,2678,2528
philosopherrr, FM,2365,2844
phobos19, NM,2156,2324
phoenix_sjh, WGM,2404,2507
phoenixfire8, IM,2502,2727
phonysallly, FM,2514,2610
photochess, WFM,1703,1893
phqbophobia, NM,2215,2423
phrasalverb, FM,2796,2802
phriex, CM,2498,2614
phurba13, CM,2203,2356
phuzer, FM,2624,2510
pianoskater, WCM,1838,1831
piccadilly123, CM,2500,2612
picev, IM,2395,2404
pichi2004, IM,2656,2683
pichonazo, IM,2554,2404
pichr_27, CM,2494,2522
picturesquecheck, FM,2265,2423
picturewindow1, WFM,2183,2198
pidzsy, GM,2562,2412
piekarski64, NM,2074,2086
pierrotface, FM,2389,2519
pietromola75, FM,2124,2160
pifion, IM,2278,2400
pig-filth, FM,2257,2299
piggu, NM,2743,2899
pigson7th, IM,2910,2903
pihu_123gupta, WCM,2059,1539
piinuma, NM,2427,2595
pikachu742, WCM,2071,2125
pikku_myy73, WFM,2434,2361
piliposyanrobertchess, IM,3002,3091
pille85, FM,2047,2242
pilopa, GM,2611,2715
piluso1984, FM,1452,1861
pinasoprano, CM,2090,2127
pinduca1, NM,2141,2373
pinelone, FM,2321,2404
pingah9, FM,2521,2611
pinguino120, NM,2031,2039
pinkapplechess, WCM,1807,1901
pinkdiffenbachia, NM,2403,2403
pinoywoodpusher, NM,1966,2000
pinpinall, FM,2878,2938
pintacara, FM,2632,2632
piongu, IM,2528,2523
piotreek2010, CM,1766,1946
piotrek1979, NM,2172,2394
piotrold, CM,1756,2100
pirc88, FM,2384,2375
piriflillo, FM,2675,2675
pirlo1, FM,2021,2373
pirulillo, FM,2318,2449
piscatorox, CM,2257,2424
pisher, FM,2208,2317
pitopitocuatro, CM,2382,2473
pitzalpepe, NM,2737,2783
piwan, IM,2485,2672
pixelaress, FM,2582,2743
pizzabiteabite, WCM,1911,1911
pizzalover2502, CM,2461,2461
pjatoba, FM,2520,2520
pjotrr, FM,2044,2202
planetaajedrez, FM,1416,1498
plasm712, NM,2628,2725
platinumdi, NM,2250,1206
platy3, GM,3049,3186
play_everybody, CM,2209,2239
play_late_no_sleep, FM,2577,2920
playablecharacter, NM,2450,2538
playatchesscom, FM,2322,2186
playchesssimple, IM,2366,2549
playchesstokilltime, IM,2564,2686
playerorkinyo, IM,2586,2453
playforwinalways, CM,2617,2667
playgood28, NM,2201,2136
playingsomechess, GM,2550,1200
playingwhilesick, NM,2704,2719
playpositional, GM,2977,2832
plimsol, IM,1958,2442
pliukha_mikhail, NM,2803,2871
ploddingpawn, WFM,2577,2634
plorpz, IM,2932,2955
plotnikovpavel, FM,2173,2447
plouarzel, IM,2588,2618
ploxoi, NM,2479,2564
plumalka, WGM,2639,2647
pluusje, FM,2205,2456
plymouthargyle, CM,2024,1960
pma83, CM,2563,2587
pminear, NM,2400,2780
pnamarasinghe, NM,2341,2361
pnepaul, NM,1740,1894
png2025, IM,2501,2519
po6don, FM,2010,2145
poaslan, IM,2664,2845
pochti_trezv, FM,2309,2421
poetepe, FM,2395,2620
poghosyan_suren, FM,2404,2310
pogosian_manvel, FM,2550,2027
poisonpawn64, CM,2404,2433
poiuytrewq8, IM,2155,2155
poiuytrewqa, FM,2125,2358
pokemon0227, NM,2294,2411
pokochajszachy, CM,2502,2516
polandhussars, FM,2553,2771
polaroidsmiles, WFM,2331,2369
polemistis, FM,2342,2423
polinakarelina, WFM,2105,2196
poliplaza, NM,2604,2714
polish_fighter3000, GM,3156,3248
polishforce3000, CM,2500,2530
politeplayer, FM,2042,2172
politov_pavel, FM,2568,2568
poliziano, IM,2372,2382
pollo2016, GM,2552,2592
polloisra, FM,2095,2280
polotnik, IM,2548,2638
polstastisch, FM,2503,2603
pomberito2, CM,1965,1965
pomegranate988, GM,2556,2701
pomeraniandog, WIM,1850,1410
pomeziachess, CM,1671,2195
pomp523, CM,2503,2568
poneis_malditos, NM,2233,2368
pontiac-bandit-99, NM,2471,2629
ponyqueen07, WCM,2020,2278
ponzianipower, NM,2501,2501
pooh2012, NM,2932,2947
pop_inactive, IM,2374,2374
popmilan95, FM,2903,3084
popopuiyt, FM,2522,2400
popov_ivan, GM,2769,2622
popov_m, IM,2798,2662
popovbm, FM,2257,2483
poppingcheckmates, NM,2701,2824
poppy73, WIM,1869,2437
popzoka, FM,2034,2327
porosen, WFM,1952,2048
porque123, NM,2585,2644
portugalskaya-raketa, FM,2872,2881
poseidon1989, GM,2485,2485
poseidon5191, GM,2534,2534
positionalgenius, FM,2386,2525
positionalpanther, FM,2701,2666
positionalqueensacrefice, CM,2240,2111
positionaltactician43, FM,2551,2562
pospisku, FM,2340,2442
potap1923, GM,2344,2344
potapovam, WIM,2595,2747
potosino1970, GM,2685,2759
potpiedude, NM,2643,2810
poucin, IM,2837,2837
poummba, IM,2328,2351
pournami_s, WCM,1816,1842
pouya21, GM,2802,2889
powerbars300, IM,2201,2400
powerchessutah, CM,2092,2159
powermove, WFM,1527,1895
powerofapoint, IM,2912,2964
powerthinking2650, IM,2418,2545
poxerstar, FM,2244,2464
ppa-pro, NM,1774,1849
ppokerchess, IM,2380,2230
ppupkin, CM,1951,2040
pr1105, FM,2361,2483
prachiti01, WFM,1949,2207
practical-play, CM,1042,2881
practicalknowledge, IM,2090,2037
practice_tailung, CM,2525,2542
practicemakesok, NM,2812,2907
practicemakesperfect90, CM,2626,2652
practitivity, IM,2364,2214
pradeepthi, WCM,1863,1733
praguequeen, WGM,2202,2368
prakash510, NM,2557,2575
prakharbajaj21, CM,2354,2370
pranazen, NM,2187,2096
prascar, IM,2802,2689
praschess, IM,1834,1865
praslov, FM,2110,2455
pratyusha18, WGM,1803,2125
praveenb2002, GM,2845,2845
precisepatzer, CM,2605,2605
predatoru, GM,2617,2673
predo63, FM,2366,2484
predragnikac, IM,1985,2565
premetfugas, NM,2221,2244
premierchess64, NM,2319,2425
preobrazhenska_d2011, WFM,2008,1900
prerijskikojot, FM,1337,1597
presidentloek, FM,2474,2527
prettyprincess2002, GM,3001,3114
pretzel2, NM,2227,2308
prianshdas000, FM,2452,2504
pricedaniel33, NM,1661,1511
prime-morty, FM,2123,2205
primegiroud, CM,2250,2292
primussanguisseptimus, GM,2631,2631
princec7, IM,2683,2702
princecharming92, FM,2520,2559
princemurad09, FM,2473,2672
priyadarshini_m, WFM,1926,1926
priyansh_2011, NM,2363,2480
prizant_academy, GM,2514,2728
prlpl, WFM,1991,2035
probablybad04, CM,2481,2611
problematique_99, FM,2580,2545
prochessbr, NM,2243,2351
prochesscoach, FM,2519,2519
prochesswicth, NM,2434,2601
prof_osvaldo, NM,1867,2011
profava, FM,2142,2266
profcalculus, FM,2014,2018
profedechess93, CM,2702,2840
profesore123, FM,2109,2345
profesorsrdjan, FM,1514,1741
professionalwinner_2025, CM,2795,2812
professor_fm, FM,2666,2694
professorchess101, IM,2836,3051
professorsrule, FM,2445,2374
profligate149, NM,2131,2017
profluiztomaz, NM,2346,2415
profofchess, IM,2448,2512
profterrieux, IM,2350,2403
profylactic, IM,2365,2460
profylax, GM,2550,1381
progresso2016, FM,2097,2358
promacherrrr, IM,2937,2937
promen1999, GM,2800,2836
promising_talent, CM,2328,2535
promotingknight, WFM,1630,1769
prophetofthelord, NM,1379,2000
prophetreborn, IM,2862,3084
prostochendir, NM,2083,2280
protectiago, NM,1790,1860
protectivecarrot, FM,2324,2372
proteuo, FM,2511,2548
provotorov_alexandr, IM,2212,1112
proxy6, WGM,1927,1800
prugno, FM,1911,2140
prxcess_brownie, WFM,1885,1907
pryhodko_olexander, FM,2260,2507
przemekpiotrowski, FM,2696,2800
przemyslawskalik, IM,2259,2520
psakhislev, GM,2321,2171
pseudobenkoo, FM,2745,2798
pseudoss, CM,2200,1784
psvidler, GM,2809,3053
psychokiller48, FM,2824,2824
psychonerd5, CM,2439,2439
ptsdzzq, FM,2610,2788
publicaccountcze, GM,2174,2712
pudor, CM,2430,2430
puertoviejo, IM,2357,2207
pullakuski, CM,1922,2192
pumpkin_in_moonlight, WIM,2191,2422
punkmonkz, NM,1626,1866
pup_chief, FM,1831,2089
pupilomito, NM,2354,2497
purepower12, CM,2603,2619
puricfm, FM,2021,2222
purple_passion, WFM,1976,2090
purpleunicorn2853, WCM,1732,1749
purpurice, NM,2730,2753
pursuitofhappyness2, GM,3071,3203
purton, FM,2440,2440
purush64, FM,2174,2391
purusottamchaulagain, CM,1340,1190
pushdapawn, CM,2286,2402
pushingpawnsnyc, NM,2350,2571
pushingsomepieces, WFM,1918,2002
pushyourpawns0, FM,2169,2219
pusteblumme, CM,2163,2198
putra48, FM,2743,2743
puz2010, FM,2784,2808
puzzlebot_1294, CM,2515,2791
pvorontsov, GM,2671,2675
pwbxy, FM,2049,2369
pyrihroman, FM,2749,2750
pzcs, FM,1920,2318
qashashvilialexandre, GM,2270,2462
qaswara1977, FM,2372,2586
qcorn, NM,2504,2533
qd-ad, NM,2808,2505
qdlatyzg, CM,2092,2045
qeeqer, IM,2774,2789
qglen, FM,2440,2552
qiaohu_henry, NM,2579,2579
qib_wang, NM,2447,2456
qing29, NM,2139,2444
qingaunlee, FM,2352,2399
qingdom, CM,2053,2017
qkid2024, NM,2729,2722
qnmeng, WIM,2564,2564
qowcrazy, CM,1480,1850
qqwow, NM,2676,2780
qscrgn24, FM,2151,2417
qsjtgx, IM,2711,2801
quaide7, FM,2274,2343
quantumwizard137, WIM,2549,2549
quaritch79, NM,2383,2500
quattroporte300, WFM,2259,2324
quazimodon, FM,2753,2774
queen_2007, WCM,2170,2214
queen_iryna, WIM,2333,2333
queenant89, WCM,1492,1684
queenazo, WCM,1743,1746
queenbach, WIM,1316,1915
queencrusher_10, WCM,1775,1925
queenelnara, WFM,2225,2075
queensandpawns, CM,2703,3034
queentrapmcc, FM,2370,2495
queenzlander60, CM,2117,2182
queladri, CM,2406,2486
querqus, IM,1957,2000
quesadaluise, GM,2966,2966
quesfr, FM,2254,2249
questto22, FM,2503,2688
quexpega, NM,2602,2602
quiet_desperation, NM,2465,2536
quietsunset, GM,2969,2983
quincasborb, FM,1837,2032
quinten94, IM,2350,2310
quintilianor, GM,2627,2739
quitforever, FM,2235,2518
quizden37, GM,3058,3096
quparadze, IM,2537,2623
quvnoq_muxlis, CM,2946,3019
quynhduong2208, WCM,1320,1428
qvalda, FM,2521,2539
qvuong25, WCM,1516,1891
qwaserpl, FM,2250,2467
qwe69, CM,2200,1200
qwerty_cool_123, FM,2310,2555
qwertz618, CM,2301,2353
qy8vx, NM,2559,2726
r-172, IM,1784,2089
r12thehills, NM,2087,2217
r2d2pty, FM,2729,2742
r31415, NM,2606,2654
r_yankovsky, IM,2656,2780
raahilmullick, IM,2337,2395
rabachess, GM,1961,2184
rabbinicalwarrior, NM,2296,2394
rabbit-33, NM,2100,1988
rabeekongo, FM,2412,2459
raceking, GM,2491,2486
rachidhuilda, CM,1881,2262
racingchesslive, FM,2334,2508
racquetball1, CM,2008,2008
radical_3dward, IM,2697,2773
radicalradomir, NM,2432,2432
radioactivewalrus65, FM,2680,2794
radislav_atanasov, NM,1750,2189
radislav_atanassov, NM,1998,2009
radojeiriz, FM,2543,2351
radosc, FM,2478,2478
radoslavkaranovic, FM,1461,2115
radzio1987, GM,2842,2842
raem25, FM,2351,2403
rafael_ventura, FM,2455,2473
rafaelcorado, CM,2670,2726
rafaelfiggo, FM,2330,2475
rafafigueroa, NM,1930,1930
rafalbrc, CM,2029,2160
rafat-issa, IM,2491,2531
raffaello123, FM,2663,2734
ragco, FM,2142,2142
ragedusk, FM,2672,2699
raghunandan, IM,2953,2908
ragingknightnc, NM,2704,2704
ragnaroek66, GM,2595,2641
ragnarok68, FM,1959,2464
rahaf-faqeeh-2001, WCM,985,1012
rahmanadel, FM,2728,2885
rahmanyahia, IM,1628,1763
rahulgshetty, IM,2283,2303
rainbow2014, WGM,2340,2417
rainforestt, FM,2221,2287
rainhav, WIM,1950,1779
rainlofichess, FM,2432,2432
rainmond, GM,2810,2919
rainspistols, IM,2426,2372
raisingspartans, FM,2381,2393
raja3401, GM,2805,3035
rajapanjwani, IM,2594,2641
rajdeeps, IM,2494,2536
rajdhani_exxpress, IM,2702,2708
rajesh1464, FM,2052,2167
rakesh, IM,2607,2703
rakhimzhan_alen, FM,2707,2766
rakhmanov_aleksandr, GM,2770,2780
rakitic2010, FM,2700,2845
rakshi2005, WGM,2589,2689
raleuzirb, CM,2635,2632
ralfaya, FM,2436,2441
ralfwin, FM,2373,2437
ralnsy, CM,2251,2101
ramboob, FM,2340,2550
ramil_faizrakhmanov, IM,2826,2855
ramonmanon0g, NM,2377,2485
ramosha, FM,2774,2842
ramses135, IM,2518,2518
ramu_k_fm_ft, FM,1513,2201
ramyrescoelho, WFM,2193,2258
random_mango, CM,2366,2547
randomguy_plays_chess, CM,2133,2235
randomkiblitzer, NM,2265,2441
randomnoob04, FM,2740,2930
randomo, FM,2326,2414
randomoracle, FM,2306,2525
randompatzer123, FM,2347,2455
randy296, NM,1927,2136
raneshratnesan, CM,2353,2470
range_rover, IM,2483,2376
ranihamid18, WIM,1039,1572
ranindu2003, IM,2628,2744
rantomopening, CM,2856,2902
ranu540, CM,2086,1936
rap_woyska, FM,2626,2793
raphaei, GM,2070,2176
raphcamora, IM,2316,2466
rapidblitzz, NM,2337,2426
rapiddefeat, NM,2541,2594
rapidman01, CM,2611,2611
rapidoylancero, CM,2247,1432
rasand, WFM,1576,1958
rase, FM,2587,2670
rasenkage, NM,2113,2114
rashad_zeynalli, FM,2576,2607
rashidloya, NM,2241,2241
raskolnikov6, FM,2408,2565
rasmus_thogersen, FM,2376,2558
rasmussvane, GM,2950,3104
rasool78, CM,1857,2013
rassanti, FM,1944,2198
raswi, FM,2128,2247
rat20005, FM,1742,1833
rational_believer, FM,1987,2095
ratkovic_miloje, GM,2631,2711
ratkovicpetar, FM,2193,2224
ratnakaran, IM,2578,2578
rau4ever, CM,2227,2418
raud100, CM,2180,2531
raudra_dhari, FM,2544,2610
raugintabulba, CM,2533,2542
raulov51, FM,1955,2071
raulperezguerra, FM,2275,2275
raunaksadhwani2005, GM,3072,3218
rautz, FM,2150,2000
ravengelic, NM,2672,2732
raviteja81293, IM,2376,2662
rawnsdale, NM,2612,2662
ray_yang, FM,2136,2472
raymondcarver, IM,2511,2706
rayrobson, GM,2903,2859
razephyr, CM,2603,2603
razorbladeteddy, NM,1778,1990
rbkkings, WCM,1356,1597
rcmz, NM,1916,2100
rcone, CM,2465,2465
rcsa007, IM,2493,2493
rd4ever, GM,2887,2813
rdclayton, NM,2401,2431
rdeux42, GM,2575,2690
rdmguy01, FM,2498,2512
reader777, IM,2945,3020
ready4abattle, NM,1761,1740
readyskate, FM,2746,2952
real_karma, NM,2482,2661
real_oceanstorm, GM,2915,2924
real_sp00f, CM,2297,2464
real_taiatai, NM,2129,2232
realavtofan, NM,2723,2729
realblindmuddy, FM,2472,2515
realburq, CM,2583,2583
realcontender, NM,2460,2460
realcyberbird, FM,2550,2439
reality-stone, GM,2552,2567
realpascalc, GM,2405,2478
realperangel, GM,2518,2518
realsteel2008, FM,2367,2446
reb, NM,1607,2019
rebecajimnz, WFM,2306,2306
rebeljohnny, CM,2495,2598
rebequeen08, WCM,1903,1387
recargado, IM,2215,2269
recombinant, NM,2506,2506
red_riding-hoood, WFM,1765,2197
redbandit87, NM,2473,2633
redbullet64, NM,2332,2258
redchessman, NM,2463,2313
redemption2022, NM,2384,2518
redfirepanda, FM,2523,2663
redfist87, IM,2479,2635
redgrob, CM,2248,2254
rednova1729, GM,2898,3111
redwolf03, FM,2602,2737
redzishchess, FM,2611,2675
reevecanada, IM,2797,2760
regenda, FM,2051,2131
region_07, FM,2313,2453
regolita, WIM,2040,2134
regular_legs, GM,2419,2686
regzryt, IM,2474,2394
rehsinupd, WIM,2407,2371
rehtori, NM,2202,2363
reigningmvp, FM,2567,2577
reinaldor, CM,2656,2506
reinaldovera, GM,1518,1667
reinisuz, NM,2631,2665
reitsukumo, NM,2604,2604
rekcefhaon, FM,2433,2571
rekin87, CM,2057,2127
rekopchess, IM,2049,2478
rekosheten, FM,2216,2470
relaxx87, GM,2655,2655
relentless_rook, NM,1967,2046
rellikrahs19, NM,2132,2190
relocoelro, CM,1921,1879
remcospr, CM,2298,2428
remi04, IM,2942,3038
removedusername932580259, FM,2763,2771
removsky, IM,2811,2938
remuloaguiarfreitas, CM,2201,2158
remyalasmar, WCM,2010,2239
renanbrandao, NM,2079,2084
renanreis, FM,2197,2141
renansoares1972, CM,1954,2125
renathy, WFM,1430,1590
renatoghica, NM,2165,2271
rend1987, IM,2200,2200
renedube, CM,1950,1384
renegade_hitman, NM,1637,2267
renehp, FM,2084,2496
reniite, WFM,2103,2269
renzogm, FM,2701,2728
resentiment18, GM,2452,2452
resha1988, IM,2653,2785
resignify, NM,2400,2445
resnullus, WFM,2152,2213
resolute31524, WNM,1827,1984
resourchess, CM,2521,2543
respectful_dave, CM,2624,2611
ressidentevil, FM,2205,2055
rest007, FM,2300,2247
restartingchess, NM,2590,2897
retropwr, FM,2533,2553
returnofthechessanimal, NM,1941,2209
returnofthelagger, NM,2402,2526
revan_2002, IM,2720,2720
reversgagnant, FM,2265,2490
revisor, GM,2522,2821
revivingheart, FM,2416,2416
revroli, CM,2241,2168
rexterminator, GM,2561,2561
reylockeado, FM,2672,2772
reynaajedrez, WIM,1770,2015
reynold9402, FM,2082,2511
reyson01, FM,2458,2475
rezacz, FM,2740,2766
rezamahdavi2008, IM,3017,3132
rezi_chkuaseli, NM,2180,2274
rfelgaer, GM,2110,2110
rgachess77, CM,2219,2325
rgkkk, IM,2239,2407
rgoltsman, CM,2116,2268
rgsmaster, IM,2494,2423
rh152, NM,2650,2777
rhemmy, IM,2033,2417
rhesh29, CM,1893,2008
rhinobritos, GM,3206,3206
rhinoceros2015, IM,2513,2705
rhinos1, CM,1851,1937
rhl_b, CM,2269,2303
rhpdalton, NM,2347,2406
rhrt, CM,2255,2539
rhungaski, GM,2963,2963
rhwr, NM,2258,2430
rhythm9, FM,2128,2158
riankapriaga, FM,2107,2241
riazantsev, GM,2715,2757
ricardinho16, NM,2410,2410
ricaurtelopezj1955, FM,1991,2226
richard_zweifel, CM,2263,2349
richardabates, IM,2221,2213
richardbitoon, GM,2240,2764
richardcwang, IM,2677,2716
richardleyvap, IM,2636,2749
richardmaster, FM,2625,2664
richardshtivelband, NM,2380,2412
richarzard69, NM,2440,2551
richied2601, CM,2175,2175
richomi, FM,2149,2306
richy_94, FM,2651,2676
rickkrewson, NM,2036,2036
rickod1, FM,1258,1682
rickstereo, FM,2253,2485
rickywsb, NM,2416,2572
ricsi1012, FM,2380,2497
riddhi_07, WCM,2001,2131
ridethesky89, NM,2154,2413
ridnani1, CM,2544,2547
ridnani2021, NM,2332,2500
rigbychess, CM,1821,1762
rih, WIM,1890,1890
rijeka1999, IM,2464,2376
rikchessmx, FM,2156,2278
rikikits, GM,2875,3008
riku-gan, FM,2501,2637
rikyshi, NM,2422,2580
ril1997, FM,2787,2861
rile-man, FM,2583,2644
rimbaudarthur, FM,2245,2245
rinesasaraci, WCM,1508,1600
ringouz, NM,2902,2902
rinisal8833, WCM,1483,1830
rinky12, WFM,1726,1871
rinoasadey, WNM,2106,2278
rinqed222, NM,2488,2517
rionelg, CM,2171,2226
riospm, FM,2367,2474
ripol, IM,1967,2279
riptide27, IM,2299,2301
rise_18, WCM,1842,1961
rish_97, IM,2802,2854
rishpal27, FM,2077,2239
riskydecision, IM,2402,2716
ristingho, FM,2371,2559
rital44, IM,2803,2803
ritanovikova, WCM,2010,2191
ritatorres, WCM,1826,2226
ritterfork, NM,2194,2377
ritual2003, FM,2871,2972
ritvarsreimanis, IM,2725,2838
ritvik1901, FM,1639,1786
riya_savant, WFM,2077,2239
rjra94, CM,2323,2604
rk12387, NM,2030,2201
rkracht, CM,2068,2305
rks4g, CM,2007,2007
rlh2, GM,2286,2515
rmichiels, FM,2506,2559
rmsiva, WFM,579,1512
rn2, GM,2586,2517
rnanjo, IM,2462,2564
rng2200, NM,2001,2001
rngtmn, NM,2366,2476
rnick89, IM,2530,2384
roachelley, WGM,2719,2774
road2gm3000, NM,2647,2836
road_to_3000_training, CM,2435,2513
roadto25hundred, FM,2300,1959
roaring_lion23, CM,2192,2261
roarthelion, WNM,2007,2023
robbertpolgar, FM,2699,2699
robbykevlishvili, IM,2914,2797
rober85val, CM,2103,2153
robert_chessmood, GM,2959,3033
robert_e2009, FM,2526,2575
robert_oros, FM,2140,2375
robert_sava, CM,2583,2770
robert_shlyakhtenko, IM,1706,1706
robertdowneyjr111, FM,2576,2689
robertfontaine, GM,2639,2690
robertgwaze, IM,2387,2387
robertjfischer71, FM,2477,2579
robertkreisl, IM,2325,2325
robertoalejandro10, FM,2743,2764
robertojbm, IM,2902,2902
robertoservat, IM,2554,2528
robertosuardi, CM,1730,1798
robertprieb2007, CM,2016,2313
robertris, IM,2397,2397
robertskytte, CM,2172,2208
robertxbob, NM,2398,2594
roberz12, FM,2587,2610
robin-side, FM,2701,2701
robin_ahmedmahatab, CM,2213,2127
robin_cool, NM,2648,2727
robin_mahatab, CM,2187,2106
robinswinkels, GM,2597,2597
robking, NM,1924,2097
robledo0, NM,2276,2335
robperesian, FM,2280,2280
robram, NM,2368,2561
rochaaaaaaaaaa, FM,2212,2465
rochan_to_danke, FM,2430,2578
rock700chess, NM,2533,2685
rockdollfanfan, WFM,2064,2064
rocket10jan, FM,2687,2703
rockstar0902, IM,2430,2477
rockytraining, NM,2585,2598
rodalquilar, GM,2715,2836
rodchenkov_vitalij, FM,2265,2312
rodgy, NM,2503,2548
rodneyoscar, IM,2503,2503
rodokininev, NM,2334,2715
rodp92, NM,2476,2620
rodtwinkz, IM,2781,2862
roedor, CM,2348,2541
roelandpruijssers, GM,2565,2672
roenko_artur, NM,2316,2434
rofflekohn, NM,2280,2283
rogapa, GM,2522,2522
rogarcia1, WIM,2146,2300
rogeliooscarsanchezb, CM,1711,1892
rogeriomuller, NM,2205,1999
rogue_king, NM,2213,2284
rohan_agarwal, NM,2404,2566
roi_dartagnan, NM,2238,2253
roisbel_99, FM,2203,2480
rojonr, FM,2596,2749
roka7, FM,2236,2337
roki-roki-rock-nroll, IM,2529,2389
rokis13, IM,2592,2809
rokomotion, NM,2283,2523
rola92, WFM,1711,1899
roland_garros_2024, CM,2229,2295
roland_inho, FM,2429,2149
rolanddeschain, GM,2906,2912
rolandonolte_pcap, IM,2411,2432
roldieyi, CM,2026,2172
rollercoaster29, WFM,2602,2693
rolyku, FM,2427,2427
romadk, NM,2478,2524
romamo, NM,1900,1883
roman_2112, IM,2356,2508
roman_ovetchkin, GM,2727,2727
romanherrmann, CM,2325,2397
romeo-milu, IM,2408,2408
romkachess, NM,2601,2737
rommel_ganzon, NM,2206,2283
romn69, FM,2226,2320
romster06, CM,2363,2265
romulocardoso, NM,2442,2558
ron_weasley_chess, FM,2596,2645
ronaldbrizuela, FM,2550,2540
ronartest77, FM,2505,2720
rondo_capriccioso, FM,2436,2557
ronwhenley, GM,2221,2071
roofless, NM,2362,2260
rooie2016, IM,2066,2157
rook_solid2002, FM,2513,2513
rooke6, FM,2096,2210
rookoco, GM,2697,2834
rookpower2004, WFM,1917,1959
root_21, FM,2590,2728
rory-gilmore, IM,2701,2734
rosangela, WFM,1900,1319
rose107, WCM,2361,2413
rosedolphin, NM,2008,2048
rosemoon90, WIM,1774,1990
roseychess, NM,2862,2976
rosh1610, FM,2742,2821
roshka_yevgeniy, IM,1614,1464
rosraev, CM,2054,2149
rossinantes_old, FM,2552,2635
roughage, NM,2824,2865
rouven1977, NM,2146,2315
roven1234, CM,2200,2024
roxannyzoldyck, WFM,2255,2275
royal-gambit, NM,2297,2297
royalcollegechess, FM,1677,2065
royalhogs, CM,1980,2305
royprantikchess, IM,2700,2700
roza_idrisova, WFM,1726,2129
rozabaku, WFM,2298,2485
rozhkov_v, FM,2509,2543
rozum_ivan, GM,2855,2787
rpcousins, NM,2306,2306
rpragchess, GM,3101,3140
rquery98, IM,2780,2791
rrainlessbobot, FM,2803,2968
rrbv, WFM,996,1543
rrgchessmaster05, NM,2514,2630
rryiq, CM,2319,2319
rs-9, FM,2679,2733
rsalcedoiii, IM,2591,2605
rsnr, IM,2919,2919
rst2003, IM,2570,2570
rtchess367, CM,2275,2410
rtdrtd67, NM,2415,2503
rtutic, FM,2120,2201
ru_b9, NM,2150,1919
rubencasafus, FM,2164,2014
rubenscezila, FM,2650,2650
rubenulaneo, CM,1885,1932
rubhani, IM,2658,2833
rubicapa, NM,2086,1870
rubiking, NM,1971,2210
rubinstein_akiba, FM,2906,2947
rubinstein_student, FM,2529,2695
rubinsteinsmonster, FM,2350,2350
rubix-time, FM,2707,2743
ruchess27, WIM,2435,2489
rud_2008, FM,2604,2672
rud_makarian, IM,2914,2971
rudolfjun2005, FM,2507,2602
rudus, IM,2017,2055
rudyst06, FM,2727,2825
ruffumup, NM,1720,1617
ruibae18, NM,2145,2307
ruifeng, GM,2853,2865
ruitertje, FM,2399,2568
rukdropov, NM,2150,1851
ruleoftwo, CM,2651,2808
rumo_a_3200, NM,1829,2000
rumpel-vk, GM,2511,2609
runner, IM,2501,2544
runno, FM,2097,2116
runsearch, CM,2023,2018
rupereza, FM,2688,2775
rupeshjswl7, FM,2171,2353
rupeshreddyy, CM,2387,2446
ruppertpumpkin, IM,2621,2741
ruprecht_der_knecht, FM,2471,2471
rurep26, FM,2812,2852
rururkowiec, FM,2782,2834
rushing_mane, WCM,2200,2279
ruslan_0807, CM,2554,2554
ruslan_kurayan, IM,2649,2655
ruslann88, CM,1926,2282
ruslansezdbekov, FM,2466,2562
ruspakhom, FM,2470,2354
russian_berezka, CM,2460,2661
russiandollar, FM,2287,2295
russiantenor, FM,2602,2635
russlo, CM,2305,2305
rustumpalov, FM,2426,2556
ruthlessslayer0607, WCM,2443,2516
rutricks, IM,2804,2942
rutvij09, IM,2638,2892
ruvat, NM,2200,2204
ruzigura, CM,1641,1665
ruzomberok, IM,2654,2743
rv0-nsr, WCM,1906,1922
rvmalg, CM,2420,2418
rxxa_00, WGM,1645,1646
ryada, WFM,2465,2354
ryan2chess, NM,2405,2408
ryan_sowa, NM,2700,2700
ryan_young, NM,2266,2422
ryan_zhong, FM,2379,2442
ryanmito, FM,2378,2574
rybka1989, GM,2680,2680
rychessmaster1, FM,2640,2762
rydenzero, NM,2342,2342
rydlj, FM,2408,2286
ryepez75, NM,1725,2260
rymuselmun07, GM,2887,3002
rynos0411, NM,2684,2733
ryosuketakahashi_fc3s, IM,2691,2708
rytenko_v, IM,2460,2567
ryukchess81, FM,2516,2657
rzayevb, IM,2681,2803
s-dshubin, NM,2339,2440
s-e-w, FM,2250,2100
s-fazulyanov, FM,2704,2765
s2004k1993, NM,1626,1687
s2pac, GM,2886,2928
s4p0ud, CM,2618,2537
s_stefi, WCM,2072,2131
sabinafoisor, WGM,2382,2433
sabinobrunello, GM,2546,2445
sabkad4ddy, IM,2619,2689
sabra182, NM,2105,2117
sacbutt, NM,2318,2417
sacdaruck, CM,2261,2261
sachiniranasinghe, WIM,1739,1974
sachwa, CM,2200,2229
sacrifice, CM,2219,2090
sacrifice_kzn, FM,2020,2125
sacrifices333, IM,2728,2754
sacrificesavant07, CM,2052,2094
sacrifoice, NM,2151,2360
sacsacmate, IM,2851,2953
sadigmammadov_003, IM,2470,2483
sadikhov_ulvi, GM,2672,2825
sadykov_ramil, FM,2832,2838
saevecors, NM,2112,2213
safabensaid, WFM,1413,1676
safar_from_afar, IM,2032,2232
safarichesser, WCM,822,1200
safikiet, NM,2256,2504
safin_safar, CM,2244,2211
safyahmadkanz, CM,2466,2515
sagar_raina, IM,2006,2515
saguriguerra, FM,2320,2320
sahajgrover, GM,2899,2946
sahaneelash, IM,2545,2624
sahara88, WGM,2252,2252
sahibsinghknight, FM,2684,2800
sahs66, FM,2329,2421
saiagni_98, IM,2743,2743
saif_malek04, CM,2801,2808
saihanthiha, FM,2739,2810
saikrishnareturns, IM,2667,2821
sailorknight, NM,1463,2001
sainasalonika, WIM,2156,2204
saint_666, FM,2701,2726
saisidhu2009, CM,2077,1580
saisree, NM,2700,2702
saitama_c, FM,2577,2584
sajith_peiris, FM,1813,2231
sajkochess, FM,2393,2506
sakkikuska, FM,2480,2542
sakksok_k, CM,2247,2338
sakkvilag2, IM,2553,2403
sakshi_chess1, WIM,2436,2454
sakura123, WFM,1199,1654
sakuraharuno2009, WCM,1890,1932
salahdinasaad, FM,1791,2102
salem-ar, GM,3083,3152
salgadochess91, GM,2734,2776
salgadolo, CM,1994,2087
saliheke, FM,2644,2716
salimalamri2020, FM,1875,1952
salinnikov, IM,2489,2694
salke014, FM,2203,2166
salliven, FM,2028,1995
sallyabbas18, WFM,1499,1499
salomez, WGM,2059,2300
saloni1299, WIM,2141,2100
saltkettle, CM,2000,1687
saltyrook-7, FM,2533,2534
saltywater07, WCM,1585,1639
salva-dali, FM,2870,2929
salvattidiego, NM,1949,1862
sam1189, FM,2564,2562
sam_chessmood, GM,2932,2949
samandar004, FM,2583,2599
samantha_ross, WGM,2360,2484
samatsa, FM,2614,2680
samcopeland, NM,2404,2339
samdanov, FM,2431,2496
sameer555, IM,2191,2615
sameermansuor, IM,749,1200
sameermujumdar, NM,2560,2670
samehsadek, FM,2096,2353
samhawkins, GM,3001,3001
samheymann, CM,2226,2457
samiamsam_iamsamiam, NM,1496,1987
samidescalona2002, FM,2815,2855
samigullina, WFM,2607,2547
samirsen, NM,1784,2482
samisahi, IM,2866,3052
sammed_shete, IM,2577,2725
sammydaniels34, NM,2636,2659
samolo, GM,2686,2717
sampaguita08, WFM,2410,2458
samrevita, WFM,2074,2092
samssky, FM,2610,2481
samuraichessman, NM,2498,2498
samuraisofchess, CM,2650,2758
samvel_khachatryan, CM,2376,2538
sana1027, WFM,1972,1753
sanan_sjugirov, GM,3006,3060
sanbruh, CM,2331,2374
sanda81, WGM,1781,2132
sandkorn108, CM,2158,2186
sandpacer, NM,2801,2801
sandrawim, WIM,2178,2291
sandro970, FM,2700,2724
sandro_mikanovic, FM,2348,2420
sandrodf, IM,2240,2500
sandromareco, GM,2515,2394
sandropozo, GM,2512,2677
sandstad, FM,2125,2045
sandwichosaumon, FM,2687,2774
sanitationengineer, GM,1310,1160
sankalp_gupta2003, GM,3000,3000
sanqui14, FM,2387,2566
sanroto99, FM,2233,2142
sans-fil, IM,913,913
sansanathalia, FM,2650,2663
santiagocazaux, NM,1768,1894
santig8, FM,2055,2092
santirayo2009, FM,2712,2789
santoblue, GM,2867,3022
santolanboys61, FM,2550,2400
santosalberto1987, IM,2165,2607
sanyassin2, IM,1960,2375
sanyukina, CM,1994,1921
sanyura, WGM,2777,2865
saparyag, WFM,1853,1885
saqochess_coach, FM,2633,2785
sara_khm, IM,2566,2566
sara_olendo, WNM,2558,2565
sarablackpanther, IM,2704,2773
saracinderim, IM,3001,3065
saradin78, FM,2424,2477
sarahahaa10, WCM,2047,2087
saraisitave, WGM,1816,2039
sarajevski, NM,2081,1958
sarajkov, CM,1966,2270
saraswathii, WFM,2405,2482
sarbalia, FM,2330,2344
sardaukar-2, IM,3020,3118
sarfk, NM,1523,1373
sargelssrdc, FM,2407,2407
sargis_06, FM,2321,2127
sargismv, FM,2516,2552
sargissyansargis, FM,2429,2573
sargsyan_shant, GM,2934,3123
sariedrez, IM,2249,2450
sarochachuemsakul, WFM,2162,2162
sasak, NM,2516,2516
sasha2109, WFM,2141,2268
sasha_solovev_777, CM,2249,2262
sashadav97, IM,2624,2726
sashakuzhilniy, CM,2654,2704
sashastrong, NM,2069,2277
sasko1234, FM,2445,2533
saspassky, WIM,2402,2453
sassassasss, IM,1965,2274
satea_husari, IM,2376,2308
sathvavaan, IM,2618,2618
sathvikadiga, IM,2647,2647
satoshi95, CM,2411,2411
satscho, FM,2341,2572
sattarov_bobur, IM,2521,2853
saucypizza, NM,2230,2358
savagelittlemole, WIM,2515,2550
savagemedusa, WCM,2137,2137
savastoisavljevic, WFM,1871,2220
savchess06, NM,2818,2842
savelijtartakover, GM,2249,2249
saveliy_golubov, IM,3194,3203
saveljevvladislav, FM,2513,2609
savelli60, CM,1823,1854
savethach, WCM,2150,2150
savinspm, CM,1977,2384
savitha1030, WGM,2539,2674
savitha2530, WGM,2329,2299
savke_capitano, FM,1938,2095
savva09022009, FM,2407,2477
savva_krasavva, GM,2826,3069
savvyshark, WCM,1612,1823
sawkitoo, CM,2712,2785
sawyer2908, IM,2317,2370
saxar85, GM,2647,2647
sayan_m, NM,1948,2169
saylormoon, WGM,2268,2498
sayonaraboy96, CM,2771,2761
sayonaraponytail, WGM,2635,2635
sayspade4vip, IM,2679,2720
sboshaon21, CM,2038,2038
sbouchet, CM,2445,2529
scabies1, NM,2457,2565
scacchiparlanodasoli, CM,3127,3127
scale007, FM,2347,2366
scarabee43, IM,2839,2839
scarifplayer, WGM,2126,2154
scarpachess, FM,2300,2300
scarymonster99, CM,2408,2548
scenicregal, NM,1997,2082
schach_bruna, WFM,1891,2099
schachbrettchen66, WFM,1883,1797
schachkatze2000, FM,2706,2830
schachlana, WFM,2144,2250
schachlatan64, IM,2577,2677
schachmalanders, CM,2606,2606
schachmatttv_daniel, CM,2237,2441
schachmatttv_tobi, FM,2406,2406
schachschnecke, GM,2243,2282
schachsensei_yt, FM,2157,2336
schachspielerr, IM,2914,2943
schack-hugo, FM,2598,2748
schackspelaren, IM,2252,2288
schaken1976, FM,2203,2203
schatje06, FM,2052,2229
schattman, FM,2328,2320
schekachikhin_maksim, IM,2496,2634
schemato, FM,2473,2334
schevannes, WIM,2126,2175
schieberspieler, FM,2532,2677
schmakattack, IM,3003,3003
schmelzberg, CM,2565,2594
schmetterlingd, FM,2426,2502
schoolmeester, IM,1148,2985
schracke, CM,2012,2141
schroedingerstiger, GM,2400,2589
schroer, IM,1816,1816
schroodinger-cat, CM,2349,2349
schubakov, FM,2291,2414
schwarzschidl, NM,2740,2791
schwindelaar, CM,2146,2359
schwindle, NM,2538,2570
scientificmouse, FM,2541,2789
scim, GM,2407,2407
scofieldmichael01, FM,2653,2661
sconko, FM,2125,2234
scoopbh, NM,2250,2263
scorpio199999, WFM,2031,2188
scott-fox21, NM,2381,2498
scottt, NM,2150,2000
scotuspotus, GM,2473,2323
scrambled_36421, CM,2279,2183
scrambleyourbrain, NM,2568,2597
scrapnel, GM,1791,2066
scriabin, FM,2021,2376
sdv_013, FM,2600,1783
sea-needle, FM,2354,2300
seal_island_puffin, CM,1884,2031
sean1223, FM,1932,1961
seanwinshand, IM,2917,3072
seanyearwood, CM,1905,2009
seasidesunset, CM,2429,2543
sebaspector, CM,2320,2405
sebastianmarinp, FM,2301,2374
sebastianschnell, CM,2405,2482
sebazzano, CM,2278,2413
sebbymeister, NM,2478,2513
sebsep, FM,2588,2705
secret_guy, FM,2265,2265
secret_level, GM,2701,2710
secretagentmonk, WCM,2054,2126
secrethawk, CM,2393,2574
secretroses, WCM,1957,2020
secretsatsuma, NM,2613,2615
secretsuperstar7, WIM,2328,2397
secretworker2027, FM,2627,2791
seductiveprincess, CM,2523,2652
seedtotree, NM,2649,2667
segatov, NM,1995,2342
seiya_the_king, CM,2108,2195
sekar24, FM,2351,2600
selapegoacualquiera, CM,1954,2261
self_service, NM,2529,2547
selfishshellfish, FM,2395,2484
selvas123, IM,2857,2853
sem1901, FM,2447,2526
semangelaf, FM,2253,2396
semchik90, NM,2489,2670
semen16, IM,2593,2620
semenov_dmytro, IM,2500,2547
semetey, IM,2526,2576
semion03032009, FM,2769,2867
semyon_khanin, GM,2737,2754
senecacrane, FM,2112,2364
senn71, FM,2143,2199
senornadie, GM,2836,2846
sensei555, FM,2271,2312
senseijulio, GM,2585,2585
seochesspie, IM,2981,3008
seoulserenity, CM,2686,2689
sephan, FM,2350,2473
seppppppy, NM,2292,2608
sequillion, NM,1806,2260
seramoral, FM,1954,1857
sere99, FM,2344,2215
serefra99, FM,2356,2425
serena-maria, WIM,2400,1761
sergeishevelev, IM,2231,2288
sergejs_klimakovs, FM,2266,2411
sergey071164, GM,2606,2606
sergey85rodchenkov, IM,2578,2593
sergey_70, GM,2435,2435
sergey_kasparov, GM,2445,2445
sergeybabenko-uk, FM,2077,2337
sergeygostev1984, FM,2229,2353
sergeykarjakin, GM,2969,3245
sergeyshtyka, FM,2130,2363
sergi0medina, NM,2363,2449
sergienko_sergey, IM,2124,2223
sergioangel74, CM,1909,1851
sergiochess83, GM,2712,2731
sergiogarciafuentes, FM,2307,2348
sergiogmi, NM,1586,2022
sergiomoralesg, FM,2381,2554
sergiopatagonia, FM,2105,2172
sergiotrigo, FM,2164,2202
sergisanch, FM,2364,2364
sergivila, FM,2485,2556
sergo055, FM,2343,2467
sergoy, GM,3022,3074
serhanberat_ozdemir, FM,2404,2621
seriosha, FM,2372,2347
serkansoysal, IM,2820,2820
serlanselot, FM,2322,2365
serly25, WFM,1912,2005
sermarkpr, IM,2449,2595
sernini, CM,2314,2342
serrer, FM,2207,2199
sertalzin, FM,2094,2094
sertas, CM,2134,2078
sertoespj, CM,2254,2254
sesleria, NM,1974,2243
sestertii, GM,2238,2088
sestremera, IM,2180,2312
setandgame, GM,2686,2742
sethu0025, GM,2653,2697
setne007, NM,2007,2046
sevenstar82, GM,2229,2550
severomorskij, GM,3005,3005
sewin16, FM,2543,2569
sewlins, WIM,2110,1101
seyidoff_2010, CM,2415,2615
sfaradit, FM,2515,2572
sganerdene, IM,2912,2929
sgchess01, GM,2878,2946
sgq, WFM,2063,2102
sh1l1ysh41m0n, CM,2311,2415
sha_moo, WFM,1914,1989
shaaksiv, FM,2752,2854
shaconage, NM,2700,2814
shadhur_chess, CM,2540,2714
shadow_master99, IM,2634,2629
shadowandwaves, WCM,2067,2294
shadowjolteon, NM,2334,2444
shadowking71, FM,3176,3335
shadowvoyager, FM,2435,2467
shadyh9, FM,2107,2068
shahaliyev, IM,2618,2684
shahdad2007, FM,2357,2413
shaheus, FM,2037,2146
shahinyan_chessmood, IM,2791,2880
shahmatkanal, CM,2551,2682
shahxaibkhan, NM,2400,2482
shailendrabajpai, CM,2414,2556
shaina-sif, WFM,2279,2317
shalamberidze, IM,2304,2304
shalfhide, FM,2198,2355
shaman91, NM,2856,2727
shamatava_nick, FM,2801,2888
shambala777, IM,2422,2286
shambleschess06, FM,2162,2162
shamshank, WCM,2000,1340
shanemelaughcm, CM,2523,2590
shankland, GM,2686,2729
shant_sargsyan, GM,2350,3215
shapkinanatoliy, NM,2773,2757
sharafiev_azat, IM,2458,2458
sharan_rao, IM,2634,2704
sharankovg, CM,2238,2311
sharanya2006, WIM,2290,2290
sharapovevgeny, GM,2216,2470
sharathrk6, NM,2546,2607
sharingo07, WIM,1640,1626
shark2314, NM,2543,2657
sharkaholic, CM,2308,2520
sharkanto55, IM,2515,2585
sharkarton, IM,2551,2612
sharkblueking9879, CM,2541,2649
sharon1407, WFM,1800,1887
sharpchess22, GM,2558,2408
sharpcube, FM,2567,2650
shatranjmaster4, NM,2142,2142
shaunpress, FM,2170,2340
shav3184, IM,1216,1388
shaya01, FM,2034,2196
shayporat, IM,2318,2449
shazilthegoat2006, FM,2575,2662
shazuli9878, FM,2138,2392
shcufnairolf, FM,2456,2495
sheep_to_sheep, NM,2355,2562
sheldons73tshirt, WGM,2661,2601
shellymilly, WCM,2188,2302
shemilah80, WCM,1216,1216
shemka2006, FM,2669,2699
shensai, IM,2480,2458
shepa2017, IM,2355,2608
shepherdboy, IM,2236,2351
shepi13, NM,2263,2362
sheralipattnaik, WCM,2041,2274
sherlockvn, WFM,2032,2149
shevson, GM,2129,2171
shevtsjenko, FM,2235,2125
shield12, GM,2985,3026
shieldingoff, FM,1864,2169
shiki_chess, FM,2400,2380
shilichkov, IM,2425,2299
shimanovalex, GM,3000,3066
shimastream, GM,3012,3074
shimogatactician, NM,2503,2595
shineatchess, IM,2013,2167
shiner22, CM,2155,2510
shiningdiamond, WCM,1756,1619
shiningfire, WFM,2348,2520
shiningstar-07, FM,2583,2623
shinobi-1987, FM,2069,2321
shinya_kojima, IM,2343,2343
shiraaaaazi, NM,2203,2412
shiron20, WIM,2394,2454
shirovin, CM,1906,2024
shishimaru31, CM,2437,2504
shishkana, NM,2442,2618
shivacalypso, FM,2426,2595
shivagami, WIM,1947,2321
shivakaka, FM,2191,2306
shivananda1964, FM,2289,2439
shivenkhosla, IM,2341,2350
shivi_002, WFM,1898,2099
shmat92, IM,2703,2759
shnitez, FM,2900,2900
shoels, IM,2473,2552
shohrehbayat, WFM,1839,2045
shokuedi, FM,2378,2492
shoooting_star, IM,2649,2651
shoorly, IM,2562,2733
shootnik64, CM,2207,2301
short_exact_sequence, WCM,1991,1978
shosti-73, IM,2609,2767
shota_azaladze, IM,2298,2671
shoytan, GM,2739,2760
shrek4life02, FM,2847,3015
shreyansshah123, CM,1704,2306
shrilla, NM,2570,2570
shriyanasmallya, WCM,1319,1607
shtembuliak, GM,2751,2986
shubh_ze_great, FM,2376,2457
shubinkirill2003, IM,2522,2522
shuifeng90, GM,3125,3145
shukh_nikolay, IM,2508,2535
shukran0131, FM,2615,2603
shumy, IM,2533,2385
shurikman, FM,2405,2538
shushik, WFM,2317,2321
shuvalov, CM,2432,2551
shuvatkin_vladimir, FM,2142,2340
shyam, GM,2732,2834
shyamchess, CM,2220,1844
siamonsays, NM,2445,2505
siansell, IM,2511,2653
sibelephant, GM,3202,3285
siberian_husky_chess, CM,2056,2213
sicalyra, WIM,2273,2495
sicilian_maestro789, FM,2747,2747
siciliannaga, IM,2854,2902
sicilianpanzer, FM,2524,2563
sicilianthedragon, NM,2150,2000
siciliantm, NM,1730,2162
sicksickmate, NM,2569,2605
sicupira, NM,2210,2304
sid_98, IM,2650,2650
sidarun, NM,2188,2343
sidneymankind, FM,2271,2346
siemba, FM,2357,3006
sifisoncube01, FM,1908,2312
sigappi30, WFM,1249,1569
sigmaturtle2011, CM,2439,2470
sigurdurdadi, FM,2164,2325
sigvah, CM,2114,2251
siirk3, FM,2506,2626
silencerbaba, CM,1950,2215
silent-killer100, FM,2680,2818
silent_killer63, FM,2950,3004
silent_soldier1122, NM,1613,1972
silentdeath42, FM,2430,2522
silentknight1410, CM,2031,2095
sillyb250, IM,2741,2741
sillypiggy2024, WFM,1984,1984
silvederione, NM,2324,2507
silver_shadow98, WIM,2230,2360
silverback96, FM,2280,2475
silvercat1992, WCM,1806,2097
silvercityindigo, NM,2467,2719
silvermist15, WGM,2256,2198
silversik, CM,2645,2771
silverswords13, FM,2512,2561
silviascarpa, WFM,1563,1563
silviustiberius, NM,2575,2674
sim06, FM,2504,2504
simantoff, FM,2669,2735
simaopdias, FM,2201,2155
simon_1986, FM,2467,2538
simonachess, WIM,2374,2503
simonb4a, FM,2094,2057
simoncelli15, CM,2244,2382
simonknightrivendell, NM,1845,1775
simonsimanjuntak, NM,1807,2061
simple_loop, IM,2204,2224
simplechess, FM,2195,2059
simplerxiao, FM,2464,2314
simplydevina, WFM,2577,2701
sina-movahed, GM,3030,3054
sina101, NM,2503,2511
sina_movahed, IM,2859,2963
sindarovjr, CM,2818,2828
singenoirrr, FM,2275,2331
siniauski, FM,2520,2657
sinisterknight8, FM,2410,2481
sinistersnake, NM,2708,2787
sinquefield, FM,2600,2652
sinsyubgon, CM,2500,2531
sinurat, FM,2008,2005
sion2200, NM,2395,2537
sipahipower, NM,2472,2631
sipkeernst, GM,2639,2663
sippp, IM,2802,2976
sircountgarius, IM,2618,2643
sirheltaskelta, CM,2267,2400
siri20, FM,2450,2081
sirinbaba33, CM,2194,2396
sirjohn13, IM,2969,2979
sirlancelott33, FM,2250,1062
sirstrateg, FM,2801,2814
sisis82, FM,2616,2616
sissahungrychess, NM,2356,2588
sitorasmart, WFM,1804,1726
sizdemiantalyaya, CM,2403,2531
sjakkerntobi, CM,2716,2823
sjevtic, FM,2343,2514
sjoerd893, FM,2542,2573
sjtsjogoljev, CM,1722,1862
skagoogle, IM,2538,2732
skakackonj, FM,2294,2311
skat2704, FM,2222,2238
skatchkov_v, FM,2582,2618
skaternesto, NM,2371,2492
skeadam, NM,2222,2309
skeyman, NM,2303,2303
skhanyisopersivaal, CM,1378,1588
skiidiivv, FM,2209,2334
skiiier, FM,2492,2513
skillcam, CM,2558,2685
skills94, CM,2265,2339
skilmirf, IM,2731,2610
skinerd6, FM,2224,2281
skinnypuppy8, NM,2178,2240
skipper009, NM,1070,1397
skippinglaptop, CM,1858,2064
skkeyan1309, IM,2679,2742
skkyfall2005, FM,2758,2783
skoularikii, IM,2542,2639
skslaviaorlova, CM,1261,2043
sky-net, CM,1741,1949
skybloues, FM,2618,2740
skychen007, NM,1307,1829
skyethestar, WCM,1853,1865
sl0m, NM,1519,2000
sl2000, NM,2338,2431
sl4werthanyou, IM,3039,3257
slackadaisacal, GM,2773,2623
slava50, NM,2501,2501
slavenok, FM,2692,2735
slavenpastar, IM,2705,2750
slavisamilanovic, IM,2329,2644
slavkoazaric, FM,2162,2255
slavonac1988, GM,2750,1680
slawomir_kurpiewski, CM,1968,1977
slayertrash, IM,2424,2424
slayingbishop, WIM,2066,2066
slayyy_200, WCM,2030,2090
slederes, NM,2174,2376
sleeping_in_the_fire, FM,2542,2633
sleepless_knightmare, NM,1943,2405
sleipnor, IM,2502,2502
slide-away, IM,2586,2766
slidingknight2775, FM,2819,2811
slim_fit, IM,2556,2406
slimnico, NM,2702,2702
slimshady, CM,2329,2502
slipperyspeedster, IM,2829,2942
slmctk, FM,2458,2523
sloppydogg, IM,2278,2128
slorovel, FM,2709,2816
slovafn, CM,2504,2488
slovak_fighter2000, FM,2811,2811
slovenskizmaj, CM,2711,2724
slovineanu, IM,2318,2318
slow-demon, GM,1599,1599
slow_jamz, NM,2536,2717
slowdgehammer, FM,2484,2564
slowdumb, WGM,2722,2775
slowfeasus, IM,2533,2696
slowpatzer, NM,2552,2402
sm_sharon, CM,1937,2037
smabye, IM,2761,2782
small_dragon, WFM,2636,2636
smallbaba, NM,2764,2764
smallvillekent, NM,2679,2529
smalugu, NM,1978,2366
smarandap, WIM,1796,2000
smarksbay, FM,2364,2400
smarterchess, NM,2488,2488
smartrocks, NM,2140,1520
smashbrain64, WIM,2147,2535
smashdatresignbutton, NM,2347,2347
smashknight, CM,2554,2596
smatthews64, IM,2320,2320
smaug914, WCM,1997,2037
smealow, CM,1756,1822
smexov, CM,2374,2374
smiechu, CM,2423,2520
smile2005, FM,2352,2415
smilecoach123, IM,2578,2616
smirnov_pavel, GM,2456,2628
smirnovalexandra, FM,2346,2383
smirnovtimofey2000, FM,2739,2800
smittenlava, CM,2400,2400
smoking_crow, IM,2475,2534
smoothasahedgehog, IM,2804,2804
smoothbaron, FM,2323,2524
smotherhubbard, FM,2370,2424
smpynsvs, CM,2400,2610
smshk35, FM,2592,2604
smtheweirdone, GM,2522,2778
smugzz, NM,1508,1966
smurfblayd, FM,2831,2831
smurfo, GM,2256,2671
smyslovsfan, FM,2166,2166
sn00ppawn, NM,1836,1850
snail28, IM,2597,2599
snap_man, NM,2450,2450
snape, CM,2100,2029
snchin, NM,2662,2662
sndp24onz, WFM,1294,1351
sneakiest_of_snakes, NM,2342,2409
sneakygm124, FM,2202,2202
snegokhod, FM,2472,2504
snekkerandersen, FM,2680,2688
sniper_boy, FM,2411,2361
snorlax, IM,2632,2647
snowball-03, IM,2705,2713
snowbore, NM,2214,2420
snowflake, IM,3100,3121
snowlord, FM,2885,2908
soadvi, NM,2136,2383
socaljuniorchess, NM,2148,2401
socoloco, NM,2088,2167
sodastream007, CM,2258,2124
sodikus, IM,2300,1752
sofaceindisguise, FM,2735,2771
sofialunamon, WCM,1934,2000
sofie1010, WCM,1560,1868
sofiia_hryzlova, WIM,2409,2409
sofirop, WCM,1406,1437
soilsurf, FM,1845,1895
sokidze, GM,2633,2540
sokoloco, GM,2845,2845
sokolov_a_m, FM,2158,2274
solar_ao, WCM,2309,2470
soldierofgod1, FM,2605,2613
soldierontheboard2134, FM,2547,2658
soledadense88, NM,2157,2402
solidj, CM,1555,1876
soloctavian, FM,2608,2674
soloderisas, FM,2568,2792
solofon, FM,2591,2671
solovaleaganar, FM,2282,2028
solozhenkina_e, WGM,2355,2436
soltan49, CM,2695,2800
solumon, WCM,1800,1017
solver75, IM,2157,2007
solverzs, CM,1546,1759
som2310, GM,2635,2639
somalianwarrior2006, IM,2947,2975
sombrini, IM,2079,2102
someone41210, CM,2043,2043
somethingawesome7, WFM,1906,2071
sommerpower, IM,2451,2301
son-of-caissa, FM,2403,2543
son_of_sultan, GM,2465,2856
sona_999, WIM,2678,2740
sondremelaa, FM,2619,2788
sonenanguyen, WFM,2129,2149
soniahris, WFM,2145,2291
sonicdravise, FM,2475,2534
sonnyzc, WIM,1812,2093
sonofholygod, FM,2794,2853
sonson28291, FM,1668,2006
soolking67, IM,2175,2128
sophienikoladze, WIM,2134,2159
sophist4life, NM,2501,2691
sopiko91, IM,2141,2141
sopo-tereladze, WIM,2183,2217
sorch29, NM,2348,2496
sordis, NM,2325,2465
sorito, FM,2459,2548
sorryiris, FM,2132,2132
sosat98, GM,2759,2759
sotangbastos, NM,2145,2200
sotochess, FM,2186,2388
sotskyalexander, IM,2335,2055
souhardo, IM,2200,1833
soul_mortall, CM,2589,2607
soumeow, IM,2203,2245
soumeowstreaming, IM,1988,2075
soundsfishy, NM,2345,2614
soupeochoux, IM,2510,2530
sous007, FM,2605,2605
soylatte17, WFM,2042,2085
spacegirl987, WCM,2007,2087
spalir, IM,2557,2566
spaminacan, NM,2001,2001
spanishchesscoach, IM,2705,2891
sparklechess, WIM,1958,1958
sparkleflame, WCM,2204,2344
sparkychesstiger, NM,2301,2341
spartacusdm, FM,2404,2594
spartakus1975, GM,2516,2617
spartancarl81, NM,2150,2208
spartantiger2025, NM,2523,2550
spaski2004, FM,2705,2746
spasskl, GM,2504,2504
spectralsoul, IM,3108,3108
speed-o-sonic, CM,2712,2852
speed4fun, IM,2870,2877
speeddemon001, FM,2627,2657
speedoflight0, GM,2953,3069
speedskater, GM,2828,2955
spela91, WFM,2130,2590
spellingchecker, CM,2507,2507
spencenzug, NM,2167,2167
speshka, WGM,2541,2541
spicy_spassky, CM,2347,2347
spicycaterpillar, GM,3203,3265
spicychurros, CM,2726,2824
spicyprime, FM,2462,2462
spicyyychicken, IM,2442,2582
spiderkraken, FM,2885,2937
spidernv, IM,2588,2603
spinaltap, IM,2759,2759
spirals5, NM,2335,2387
spiritof_stlouis, NM,2613,2613
spiritofwonder, GM,3013,3015
spiritpresent, GM,2600,2600
spitsyn-aleksei, FM,2479,2576
spjacobi, FM,1369,1558
splendidkid, IM,2874,2982
spo98, IM,2575,2601
spocksy, CM,2355,2388
sportbilly13, FM,2167,2260
sportskidirektor, FM,2243,2264
spotbet, FM,2267,2370
sprinc1, FM,2554,2568
spring199, WIM,2132,2132
springare, NM,2206,2271
springer_fighter2, FM,2623,2695
springring, WFM,2226,2341
spriteball, FM,2552,2626
squash_1, CM,1781,2000
squeakingsquirrel, WCM,2167,2196
squirlolz, IM,2746,2872
squishey, CM,2303,2385
squishyminions, WCM,1800,1398
srawberryfields, NM,2187,2215
srchesschilango, CM,2460,2541
srdr8290, NM,2307,2627
sri5996, WIM,2300,2446
srijitpaul, IM,2312,2312
srinavasan, GM,3046,3048
sriprae, WFM,1660,1750
srisshhhtea, WIM,2300,2470
ss003, GM,2390,2425
ssrija97, WGM,2083,2007
ssunu, WFM,2274,2305
st-sandavagur, IM,2733,2955
st0ck_f1sh_1, CM,2503,2514
stackstorm, CM,2375,2586
stalri, IM,2625,2705
stalyansky, CM,2078,2078
stamatolog13, IM,2469,2526
stameny, IM,2655,2505
stan_king, NM,2462,2502
stanislavnovikov, GM,2832,2865
stanislavsev, IM,2295,2295
stanyga, GM,2120,2550
starkynz, CM,2455,2482
starlightfade, NM,2542,2612
starsandducks, NM,2810,2810
starworld123, GM,2945,2975
stasblednov, IM,2348,2367
stasiek18, IM,2504,2504
statsmasternz, CM,2203,2211
steegersee, IM,2583,2639
steelysteam, NM,1989,2352
steepedgames, NM,2504,2676
stefanamilutinovic, WFM,2342,2397
stefanoskazantzoglou, CM,2416,2416
steffenp1, IM,1738,1925
stefy02, WFM,2439,2493
stegariuvlad, CM,2321,2466
steinerpro12, CM,1327,2121
steka121, IM,2400,1978
stela28, WFM,1444,1802
stelasfw, WFM,1408,1700
stellarchess, NM,2721,2852
stepanosinovsky, CM,2444,2446
stephan97, CM,2283,2224
stephenajwhatley, CM,2422,2562
stephenfan, CM,2667,2728
steven_rojas, IM,2719,2740
stevis5, NM,2536,2760
stier_master, CM,2007,2143
stiffmaster1, IM,2821,2914
sting2010, CM,2256,2256
stockfisher_hbk, IM,2399,2399
stockholmmissile, IM,2737,2746
stockscammer, IM,2510,2650
stolencandy13, NM,2705,2716
stollenmonster, CM,2889,3017
storchnoi, NM,1775,1786
stormeman100100, IM,2614,2635
stormgiant58, CM,2197,2071
stormpasser, IM,2528,2745
stormyweather4, NM,2803,2803
storne89, GM,2553,2723
stosk, WFM,2308,2168
stouuf, IM,2764,2871
strange3333, CM,2487,2633
stratacticos, CM,1807,1958
strategysensei007, GM,2524,2529
stre_sebt, WFM,2132,2161
stregachess, NM,1989,2012
strewww, IM,2623,2526
strongestrookie1, CM,2413,2503
strukovaksenia, WCM,2250,1222
struppi, IM,2603,2626
stuffings101, IM,2310,2254
stunningarbage, NM,1766,1749
su1704, GM,2580,2634
subbi64, CM,2426,2632
subham777, NM,2644,2840
submarino2020, IM,1913,2017
subtlemoves, WCM,1595,1257
succenna, CM,2164,2309
sucof4reve, NM,2072,2072
suemaroroa, WIM,2150,2000
sufianchess, IM,2450,2321
sujanalohani, WFM,1912,2226
suleiman777, CM,2715,2746
suleimanova_chess, WGM,2452,2452
sulfatoferroso, NM,1488,1549
sultaic, CM,2318,2574
sultanasharminshirin, WIM,1274,2002
summernika, NM,2871,2808
sumohawk, GM,2362,2367
sumopork, GM,2859,2898
sun_chan_lee, WCM,2220,2260
sundarkidambi, GM,1642,1492
sundip07, IM,2240,2276
sunedutoit6, WIM,1683,1981
suneebaker, IM,1857,2406
sunerr, NM,2717,2677
sunnika, IM,2230,2364
sunnilee, WCM,2211,2383
sunny_star, WFM,1969,2368
sunrise777, IM,2563,2717
supe4chess, CM,2425,2647
supelyel, NM,2587,2667
super_emi_26, IM,2981,3007
superawesomesarthak, NM,2485,2533
supercaballo20, IM,2805,2708
superchess02, GM,2827,3004
superetual, GM,2657,2507
superfast64, NM,2607,2690
superfer98, CM,2416,2474
supergiuly, WFM,2300,2302
supergpatzer, NM,2010,2175
supergreentea, IM,2488,2551
superitalo13, CM,1963,2134
superjem123, IM,2877,2889
superjesus88, IM,2814,2859
superkiriks777, IM,2123,2431
supermagnum, CM,2522,2522
supermanaa, CM,2000,969
supermoli2300, CM,2499,2528
supermousebr, NM,1795,1645
supernotar, IM,2431,2770
superperrazo, IM,2424,2454
superstructure, IM,2558,2546
supertfc, IM,1941,1899
supervolvo, IM,2012,1911
supremetactician, NM,2465,2531
supzuroke, CM,1870,1800
suraj240704, NM,2193,2385
surefinewhatever, WFM,2323,2369
suryaganguly, GM,2675,2803
susal_de_silva, IM,2750,2872
susan64, WFM,1776,1957
susik_gaboyan, WIM,2479,2725
suundalaisumberuul, CM,2707,2703
suz-arte, NM,2411,2509
svandik49, IM,2626,2609
sven_tica, IM,2751,2825
svet99, WIM,2486,2486
svet_1502, CM,2321,2525
sveta10, WIM,2504,2542
svetlayordanova, WIM,2010,2179
svetlin_mladenov, IM,2404,2481
svijayalakshmi, IM,2433,2535
sviridov_valery, NM,2977,3025
svmind, NM,2312,2480
swamichaturanga, NM,2627,2589
swapchess90, GM,2780,2809
swarnapuri, IM,2750,2750
swayamsm, GM,2733,2833
swedishwarrior011, CM,2319,2348
swenga, WFM,2107,2215
swiftymcbishop, NM,2390,2415
swimmerchess, IM,2845,2903
swiss_fighter, IM,2866,3015
swisspower96, GM,2608,2700
switlave, IM,2149,2024
swordbilledhummingbird, NM,2361,2463
sychev_klementy, GM,2853,2853
sychev_on_youtube, GM,3011,3011
sylvanaswindrunner, WGM,2862,2712
synctel, NM,1834,1863
syntactic_sugar, NM,2286,2268
syrbatman, IM,2835,2888
szachuspl, NM,2689,2721
szazados1, CM,2060,2201
szcz0015, IM,2426,2585
szefru, WFM,2258,2376
szfinx11, GM,2668,2742
szparu, IM,2972,2992
sztgabor, CM,1751,1751
t0themoon, IM,2478,2478
taabling, IM,2138,2372
tabarex, CM,1933,2094
tachyonic77, IM,2377,2440
tactic, NM,2941,3134
tactical-attack, NM,2153,2127
tacticaljesus, NM,2705,2719
tacticalsam94, CM,2165,2235
tacticalspeedman, CM,2528,2550
tacticthunder, IM,2901,2912
tacticusbd, GM,1630,2248
tactwiz, NM,1775,2451
tadeaskriebel, IM,2556,2739
tae_gyeong_kim, WCM,1575,1714
taekwondoking, GM,2902,2986
tagir45, IM,2535,2419
taglit, CM,2016,1874
tagmatarxis, GM,2975,2975
taichungchess, NM,2374,2275
tairurovira, WIM,2139,1989
takate20, NM,2653,2881
taktikmonster, IM,2142,2185
tal-baron, GM,2797,2803
talaicito, NM,1817,2251
talcapa, NM,1444,2180
talcrifice, NM,2300,2518
taleofyore, IM,2500,2568
taleslascando, NM,1929,2064
talibovv06, IM,2722,2782
talitofelix, CM,2198,1951
tall-guy, NM,2107,2181
tallman53, CM,2412,2405
talsian, CM,2041,2143
talstactician, NM,2293,2315
talyamania, CM,2280,2318
tamarozi99, NM,2027,2080
tamnguyen2, NM,2303,2531
tan275, WIM,2144,2144
tander95, CM,2555,2648
tandercat, NM,1784,1808
tangytacos, NM,2144,2218
tania_s, IM,2478,2521
taniayt, IM,1863,2543
tank209209, NM,2365,2348
tantaan, WFM,2313,2329
tapson67, WFM,1528,1528
tapu2, IM,2629,2724
tapuah, GM,2751,2751
taran2004, CM,2447,2536
targeta, IM,2628,2691
tarhercule, GM,1771,1688
tarlev_konstantin, GM,2648,2525
tarno17, WCM,2327,2509
tartody, GM,2636,2713
tash_boy, GM,2661,2676
tashik, GM,2595,2595
tasicv, CM,2415,2491
tastyfrenchfries, CM,2492,2550
tatjanavasilevich, IM,2710,2728
tatm247, IM,2303,2165
taufikhalay, IM,2216,2090
tav_2009, NM,2250,2276
tavi001, CM,1513,1861
taxidermist, GM,2530,2530
taykagm, GM,2646,2632
taylornunc4pierd0, CM,2260,2283
tbalabayev, IM,2411,2336
tbergh98, NM,2365,2531
tc2304, NM,2570,2644
tcincinato, WFM,1749,2013
tdaly123, NM,2380,2579
tea99, WIM,2477,2477
teacher4chess, WFM,2064,2064
teamglud, GM,2733,2741
teamsmolo, CM,2200,1819
tedbelanoff, NM,2431,2705
teidi96, NM,2230,2426
teillery95, CM,2319,2441
teju0607, WIM,2182,2281
tekushka, IM,2400,2509
telarubo96, NM,2496,2609
televisionishere, WFM,2256,2256
telez66, WCM,1238,1411
tematicon, NM,2092,2223
tembo79, IM,2587,2587
temiksmozg, GM,2574,2668
tenamu, WGM,2146,2259
tenazbestia, WGM,2690,2694
tenchess28, CM,2119,2191
tenismaster, GM,2670,2845
tennessee07, NM,2291,2369
tenorespinto, IM,2435,2449
tenzingshaw, NM,2206,2345
teoeo, NM,2069,2351
teran05, CM,2500,2497
teratera13, CM,2371,2398
terbezs, WIM,2498,2542
teresin05, WIM,2345,2464
terex11, CM,2515,2572
terezana, NM,2168,2211
terezarodshtein, WGM,2200,1342
terios, NM,1866,2099
terminator_pc, IM,2652,2678
terorptica, GM,2650,1874
terrapin33, NM,2093,2410
tesla17, NM,2484,2334
tesla37, GM,2717,2914
tetris4jeff, GM,2650,1936
tetrix83, GM,2515,2526
tetyana08, NM,2403,2403
texie1, NM,2462,2556
tfang94, NM,2348,2348
tgpgoat, CM,2534,2537
tgrade, GM,2728,2731
th3d4rkness, NM,2016,2140
tha_poker_face, NM,2338,2371
tha_shadow_of_lupin, NM,2402,2430
thaboelias8, CM,1903,1935
thakanieloutis, NM,2394,2539
thalaiva, GM,2303,2443
thalesbond92, NM,2000,2010
thamizhan, GM,2176,2270
thandaaw, WFM,1681,1909
thanhnghia, CM,2371,2457
thatsallshewrote, GM,2778,2841
thaugremista, WFM,1683,1872
thaytoancovua, CM,1987,2454
the, NM,3000,3000
the-do0on, CM,2001,2266
the-holographic-universe, CM,2543,2543
the-magician-of-usa, WCM,1754,2303
the-marauders-map, CM,2505,2505
the-rock-man, IM,2660,2682
the__arrow, IM,2342,2358
the_berserk_musketeer, IM,2638,2649
the_bestplayer, IM,2501,2383
the_blue_pill, IM,2593,2601
the_chess_child, IM,2902,2903
the_chess_coach, NM,2564,2544
the_drake, NM,2368,2443
the_filthy, NM,2500,2583
the_gavriely_variation, CM,2523,2546
the_glorious_chesscular, CM,2500,2500
the_great_kratos, CM,2511,2563
the_impost0r, GM,2955,2955
the_jagermeister, IM,1883,1995
the_legendarysniper, CM,2043,2099
the_machine04, IM,2876,2923
the_princess_moon, WFM,2146,2742
the_sneaky_weasel, CM,2262,2535
the_traitor, IM,2609,2539
the_unbeatable_one, IM,2520,2508
thean0maly, NM,2204,2204
theanoint, WCM,1650,1870
theater64, WIM,1761,1998
thebear214, CM,2372,2376
thebeast2900, CM,2240,2287
thebigboss04, GM,2930,3142
thebigsqueeze, NM,2234,2221
thebilb, IM,2519,2547
theblindman1980, NM,2109,2143
thebraincrusher, CM,2700,2700
thecastlehunter, CM,2429,2550
thecatdoglady, WFM,2114,2191
thecavemanchess, IM,2625,2639
thechampion_18, CM,2614,2558
thechesschannel, NM,2343,2558
thechesskitchentwitch, IM,2605,2651
thechessnoob12345, CM,2504,2504
thecount, GM,2736,2815
thecourseoisildur, CM,2660,2371
thedragonking101, NM,2215,2215
thedragonslayer1, NM,2307,2415
thefakescotch, NM,2245,2711
thefasterpanda, WCM,1870,1885
thefirstchess, WFM,2207,2129
thegadfly1897, GM,2879,2744
thegandhiofchess, IM,2674,2687
thegreatauk, CM,2140,2325
thegreendog, NM,2365,2674
thegreyhound, NM,1979,2463
thegrobmaniac, CM,2065,2158
thehappyfarmer, WGM,2410,2260
theindianattacker, NM,2518,2518
thekingoftheforest, NM,2310,2535
thekingwolf_1, NM,2417,2452
theknightbefore, NM,2619,2733
thelegend759, IM,2633,2775
thellamalord, NM,2463,2524
thelonepika, NM,2530,2566
thelouisvuittondon45, NM,2305,2458
themachine123lamaqui, CM,2574,2471
themagicmaik, NM,2309,2498
themandaiorian, IM,2797,2860
themarauders, WFM,1916,2096
thenextlevelfan, IM,2608,2617
thenightmare_2903, CM,2308,2482
thenomnomfactor, IM,2706,2739
theoldreb, NM,1820,1746
theoneandonly18, NM,2051,2046
theoneandonlyhedgie, NM,2007,2280
theonetrapman, CM,2705,2756
theopera, NM,2705,2716
theoslade, NM,2248,2154
thepeacefulpanda, NM,2801,2870
theperplexed, NM,2268,2118
theprofessor13, IM,2850,2700
theproguy88, CM,2429,2330
theprosecution1, IM,2733,2813
therealgmochey, IM,2755,2883
theredking89, GM,2721,2800
therigos, IM,2728,2764
theschlumpf, CM,2333,2447
theshakyrock, GM,2540,2609
theshreggisback, CM,2101,2196
thesilmarils, GM,2882,3102
theslowhandspecial, CM,2390,2554
thesoundoftheocean, WFM,1246,2010
thestoicstoic, CM,2324,2424
thesupera12, NM,2628,2684
theultimatehunter, NM,2520,2627
thewiscoindian, NM,2387,2441
thewolfspur, IM,2474,2526
theytookourjobs, NM,2328,2431
thinkingsquares, GM,2070,1920
thipsay, GM,2404,2550
thisjuan, CM,2050,2050
thisunaa, CM,2089,2106
thjop, IM,2808,2823
thmester, CM,1890,1750
thomas_fiebig, IM,2560,2419
thomas_rr, GM,2521,2571
thomaslegend, CM,2098,2394
thomine, WFM,2050,1519
thork, CM,2409,2399
thormento16, NM,2311,2585
thornbird2020, WCM,1902,1752
thox_xo, WCM,2091,2141
threemind, CM,2318,2665
thucanh, CM,2081,2101
thunderbolt135, GM,2938,2952
thunderbolt1909, GM,2464,2483
thunderbolt_02, IM,2265,2598
thymathgeek, NM,1818,2117
tiagomangialardo, NM,2231,2326
tianachess, WGM,2082,2353
tianzel, CM,2308,2376
tibmat, IM,2710,2615
tiborio, CM,1897,1985
tiburon2020, IM,2023,1873
ticbye, NM,2008,2185
ticokiller, IM,1865,2272
tictacfm, IM,2706,2706
tidyclam, WCM,2105,1980
tiger415, NM,2530,2612
tigergenov, GM,2198,2271
tigerlilov, IM,2893,2981
tigertiggy, NM,2351,2594
tigertom4444, NM,2455,2472
tightpok, GM,1503,1963
tigra, GM,2411,2459
tigrangharamian, GM,3080,3080
tigre2020, IM,2227,2429
tigre95, NM,1816,1931
tigrito_1, CM,2448,2293
tigrvshlyape, GM,2746,2863
tigurones, IM,2410,2571
tihanaivekovic223, WFM,2629,2629
tijanamandura, WGM,2138,2386
tikhon_popov, CM,2783,2979
tikoberidzee, WCM,1807,2135
tiktakov, CM,2715,2715
tilted, NM,2597,2610
tiltedrizzler_5, NM,2310,2325
tiltfishnr1, IM,2469,2497
timaina, IM,2752,2772
time2pretend, IM,2422,2605
timedothwasteme, NM,2737,2760
timespacecraft, IM,2700,2700
timetopush, IM,2533,2610
timgrutter03, IM,2668,2804
timofeevar, GM,2643,2606
timothy-xie, NM,2510,2558
timurdushatov, CM,2228,2150
timurgareyev, GM,2756,2767
tintreach, NM,2504,2596
tiocridineno, NM,2203,2252
tioloko, IM,2580,2601
tipibeka, WFM,1649,1814
tiradini007, CM,1854,2029
tiramatto, NM,2520,2565
tiranorc_mosulac, IM,2703,2710
tiranosauriorexxxx, CM,2059,2019
tiredofdancing, GM,2945,2885
titan013, GM,2653,2827
titarovvasiliyoutube, CM,2227,2227
titomagno_64, NM,2156,2445
titus369, NM,2726,2855
tizpa96, CM,2499,2563
tjallkompall, GM,2667,2705
tjychess, GM,3002,3075
tk161, GM,2662,2712
tk_z, NM,2343,2522
tkchess_2008, CM,2208,2208
tmnunn, NM,2568,2418
tmtw, NM,2324,2374
tntanggg, CM,2457,2651
toad, NM,2374,2224
tobias_koelle, IM,3060,3191
tobikxz, CM,2222,2058
tocantins_to, NM,1984,2020
tocras, GM,2733,2845
today_good_day, WFM,2190,2190
toddbryant, NM,2343,2457
toddrumph, NM,2150,2000
todimensionelle, WFM,1958,2388
togahcuwemmig, NM,2221,2498
toivok3, IM,3080,3154
tokyovice, GM,2704,2718
tolia123, WFM,2038,2038
toligor, IM,2178,2193
tolya2, IM,2538,2723
tolyanius, CM,2636,2684
tomas252, IM,2239,2302
tomaspolak74, GM,2374,2647
tomassachy789cz, CM,2235,2235
tomesao, CM,2073,2231
tomliu777, IM,2231,2378
tommygear1, CM,2024,2024
tommyshelby93, IM,2815,2670
tomnia7807, WCM,2358,2411
tomobeast, CM,2216,2196
tomoe_nage, NM,2314,2404
tomohawk52, IM,1390,1390
tompalov, IM,2329,2441
tompolgar, NM,2473,2473
tomskantans, GM,2676,2786
tomytoteph, IM,2589,2589
toninhojit, NM,2551,2577
tonton, IM,2197,2426
tonychess32, NM,2708,2705
tonynichols, NM,1868,2166
tonyq11, NM,2359,2443
toobi, WCM,942,1200
toog, IM,2756,2777
toogoodatspellchess, CM,2204,2285
toooldtooslow70, IM,2582,2609
topblitz, IM,2752,2752
topce, CM,2515,2505
topgeahr, IM,2901,2901
topotun, GM,2826,2947
toraigaa, IM,2125,2037
torbae, IM,2099,2190
torfredrikkaasen, IM,2931,2941
tormikull06, CM,2244,2298
tormoz, GM,2665,2690
tornikesanikidze, GM,2792,2792
toro1234, IM,2823,2848
torosyan_chess, CM,2605,2791
torsten64, CM,2262,2112
tortorchess, WCM,2231,2339
toshali, WFM,1886,1950
tosherrr, NM,2595,2624
tot-pro, CM,2191,2223
totsukablade, CM,2340,2438
touching3200, IM,2282,2410
tovchess, NM,1941,1962
toxic_haste21, WFM,1579,2007
tplovetiramisu, NM,2528,2536
tpros, NM,2776,2912
tptagain, GM,2984,3030
trader19, NM,2278,2320
tradjabov, GM,3004,3087
trahtarbelarus, IM,2905,2954
train_your_dragon, NM,2641,2682
trainerdejan, IM,2556,2556
traktor666, IM,2587,2529
tralipton, CM,2261,2333
tramontanaaa, WIM,2459,2459
trananpe, CM,1898,1898
tranjminh, GM,2912,3079
transagenda, NM,1993,2090
transponster, GM,2841,2915
tranthanhtu, CM,2519,2480
trapablanca, IM,2317,2317
trapper4, NM,2424,2420
travelingwchess, CM,2152,2250
traviscottofficial, NM,2756,2837
traxx, IM,2722,2764
treadstone_71, NM,2194,2351
treasurechess777, NM,2453,2675
treebeard54, IM,2631,2783
tregubovp, GM,2177,2604
treinadorbr, NM,2468,2608
trendle, IM,2583,2956
trenerchos, IM,2581,2665
treopolsa, WIM,2294,2315
trevorxp, CM,1640,1865
tribaldancer, GM,2823,2901
trickov, IM,2330,2335
trickster_fam, CM,1191,1753
trickyninjaqueen, WFM,1955,2058
trickytrapchess, NM,2472,2614
trig_king, GM,2528,2530
tristancalistri, IM,2232,2251
tritonus01, IM,2189,2328
trojansac, IM,2745,2745
trollpig, CM,2321,2222
trollthunder, IM,2150,2000
troloboy1234, CM,2308,2406
trompoloco2024, IM,2641,2659
troublemaker-09, WCM,2035,2279
trovita84, WFM,2500,2510
trriinu, WFM,2073,2073
trudynini, WCM,1417,504
truecagnusmarlsen, CM,2301,2382
truelily, WIM,2058,2080
truetellerfromkz, IM,2212,2593
trulyhumbledundergod, NM,2559,2737
tsaruk_maks, IM,2901,2910
tslapana, WIM,2189,2087
tsschessulover, IM,2676,2698
tsubasa, IM,2601,2601
tsvet2005, IM,2761,2881
tsveta_galunova, WIM,2067,2134
tswaggerlolzz, WCM,1246,1631
tsyhanchuk_stanislav, IM,2447,2514
tuatara, CM,2350,1512
tudis_road_to_3k, CM,2450,2508
tuditz_uu, CM,2336,2339
tudoranton, IM,2549,2426
tufferguy, NM,2198,2285
tuksz, GM,2777,2837
tulinius_jensen, CM,2158,2353
tulipaz, NM,2525,2673
tulipnoir, NM,2294,2328
tunadrol, IM,2501,2535
tunartank, CM,2750,2954
tungchessvn, IM,2252,2496
tungnguyenlam, CM,2219,2530
tunisianking, IM,2023,2148
tuongminhcute, WFM,2144,2621
turayev_shahruh17, NM,2186,2716
turbopicklec24, CM,2436,2509
turbosteen, CM,1673,1812
turfsteker777, IM,2865,2916
turkage, NM,2629,2753
turkchess1905, GM,2921,2961
turquoise_2701, CM,2294,2299
turtlein, NM,1965,2066
turtlepawn20, WFM,1980,1381
tuschesscm1, IM,2789,2854
tutanero97, CM,2173,2253
tutifrutty, WFM,2482,2509
tuzibaba, IM,2300,1928
tvjosue, IM,2727,2816
twangbio, CM,2480,2548
twannibal, GM,2649,2698
twiceblessed, IM,2504,2638
twickenham2014, NM,2407,2438
twitch_elhamblitz05, GM,2959,3074
twixirookendings, CM,2541,2541
two_towers_krakow, IM,2588,2591
twojupiters, GM,2840,2840
twx4, CM,2150,2000
txprogger, NM,1917,2188
ty_twadd, NM,1714,1634
tygra8, CM,1465,1557
tylityli, WFM,2216,2453
tynano, WIM,2218,2435
typethreewaffles, NM,2406,2256
typicality, NM,1820,2248
tzerminator, IM,2353,2276
u-art, IM,2930,2930
u2165149677570, NM,2554,3009
u217-16-8, IM,2938,2948
u2ro, CM,1930,2487
u335394862, CM,2324,2507
u690025571, IM,2450,1730
u827883, NM,2354,2435
ub_thequeen, WFM,2055,2141
ubertyce, CM,1951,2008
ucitelot, GM,2554,2563
uclachess, NM,2517,2367
ucv86, IM,2389,2389
udarudar, IM,1581,2486
udithj22, CM,2086,2086
udysseus1, GM,1231,1081
uf_10, WIM,2635,2635
uggm_manuel, CM,2074,2148
ukchessbomber, IM,2631,2901
ukr_master, NM,2538,2538
ulia_escha, WFM,2270,2270
ulises2013, IM,2842,3034
uliseshb, NM,2481,2515
ulkaf961, WGM,2331,2626
ultimateboys, IM,2844,2890
ultimatedegree, IM,2213,2217
ultralordspongebob, GM,2667,2737
ultramodernist, NM,2277,2632
ulysees, IM,2601,2648
umarovsabir, IM,2550,2550
ummanmanda, NM,2129,2246
umngqusho, IM,2633,2638
umutataakbas, IM,3002,3139
umutbekiragaoglu, NM,2465,2702
umuterdemgunduz, IM,2676,2708
un_tal_mihail, CM,2202,2347
unbreakable7, WFM,2163,2163
unbreakablepawn35, CM,2328,2463
undefeater_anu, CM,1731,1773
underdog83, NM,2445,2399
underdogchss, GM,2413,2516
undertaker2001, IM,2600,2648
undisputed29, CM,1815,1494
undisputed92, GM,2356,2443
undomiel13, WFM,1630,1653
unfazed7777, IM,2270,2488
univio, CM,2667,2670
unkiyto, IM,2649,2751
unknown1soldier, GM,3062,3177
unknownmagician, CM,2502,2638
unpolarizing, NM,2075,2640
unseeinghammer, GM,2477,2485
unstoppable_dragon, CM,2317,2382
untouchablez, GM,3083,2944
untouchablsky, IM,2504,2524
untucopalatimba, WFM,1648,1940
uommibatto, NM,1926,2005
ural58, IM,2437,2598
ural_bogatyr, IM,2280,2730
urano56, NM,2332,2361
urhopeless, IM,2508,2508
urutodo, NM,2096,2400
usbista, CM,2052,2000
uselessduffer, IM,2329,2429
user1908523, WCM,1973,2105
username1974, IM,2962,2989
usnm_joseaquinojr, NM,2055,2100
uthoang, WFM,2021,2036
uthra18, WFM,1944,2037
utsavp, IM,2231,2402
uurknightmare, GM,2779,2927
uzbektiger1963, GM,2158,2118
uzkuzk, NM,2404,2406
vaathi_coming, GM,2821,3045
vaathi_raid, CM,2659,2679
vadim_galchenko, NM,2206,2206
vagliosagan, CM,2741,2822
vagoff, CM,1798,1940
vahe_danielyan, IM,2660,2775
vaishali2001, GM,2741,2777
valdenicio, NM,2245,2263
valentin_baidetskyi, IM,2487,2546
valentindragnev, GM,2888,2977
valepaza, WIM,2084,2199
valera_b5, NM,2878,3036
valeriygrinev, IM,2537,2620
valeron87, IM,2316,2662
valger, GM,2954,2882
valik3504, IM,2553,2560
valorant64, IM,2567,2643
valparaiso37, CM,2201,2201
valy02chess, WFM,2277,2314
vanderbruggen, CM,2208,2408
vanea_03, GM,2852,2873
vanessadesca, WNM,2131,2227
vanessagazola, WCM,1742,1898
vangulio, IM,2626,2690
vaniavindy, WNM,1814,2409
vanina1989, GM,2584,2754
vanvurel, CM,1755,1800
vanych, GM,2611,2619
vaporwaffle94, CM,2018,2186
varacalli, IM,2463,2692
varinius, CM,2472,2574
varshi_chess, WGM,2108,2341
varskelis, GM,2871,2979
vartemiev, GM,2966,2953
varunkrishnanchess, IM,2578,3002
varvara_poliakova, WFM,2437,2510
vasblesk, IM,2433,2433
vasilijevladacki, IM,2578,2594
vasilisfragkos, CM,2457,2364
vasily_papin, GM,2734,2647
vat55, IM,2716,2618
vavrajesh, IM,2209,2174
vazland, CM,2135,2135
vb84, GM,2695,2839
vbbraining, GM,2517,2517
vcs, IM,2764,2801
vect0rs, NM,2008,2354
ved1703, CM,2632,2800
vedantvarasada, CM,2231,2287
vegan4animals, NM,2470,2588
vehe, CM,2285,2419
velemajstor767276, IM,2437,2509
velis23, IM,2176,2026
vellottiwizard, IM,3104,3121
vennyice, NM,2009,2129
ventdelest, CM,1680,2197
venus02, IM,2188,2382
veralevel, IM,2809,2869
veranebolsina, WGM,2201,2081
veravujovic, WFM,2445,2591
verdenotte, GM,3008,3009
verony64, WGM,2332,2397
verrbaa, WIM,2340,1840
vertex_player, CM,2573,2656
verybadlybald, CM,2322,2322
verymasculineegirl, GM,2697,2766
veryoldmuchslow, GM,2864,2938
vesalhamedinia, WIM,2628,2649
vesapesa, WFM,2161,2272
vesnatesting64, WCM,2521,2677
vesper2018, IM,2669,2698
vhtspeedrun, NM,2487,2487
vi11603, CM,2222,2349
vi_los, WFM,2356,2356
vi_pranav, GM,3036,3216
viaje, IM,2601,2542
vice64, IM,2367,2367
viciousseal, CM,2232,2408
vicmary2005, WFM,2284,2339
victor-ryder, CM,2440,2481
victor222244, IM,2656,2656
victor_0liveira, CM,2553,2516
victoria_kaslan, WCM,1665,1774
victormago, NM,2209,2325
victoryches1407, CM,1352,1400
victurillu, CM,1981,1831
viczilla, NM,2169,2375
viditchess, GM,3023,3120
vidityt, GM,2901,3122
viennacaver, IM,2322,2449
viestur21, GM,2041,2146
vigg-sama, NM,2127,2189
vignesh2809, WFM,1605,2049
viki_017, WGM,2450,1032
viktor_matviishen, GM,2759,2798
viktoriani, WIM,2027,2229
viktoriyatarasova, WIM,2156,2315
viktorskliarov, IM,2653,2741
vinavr, NM,2037,2203
vincent_vega95, IM,2649,2649
vincentkeymer, GM,2985,3120
vincentmasuka, GM,2375,2426
vincevincevince09, NM,2753,2874
vinceyoung15, NM,2186,2348
vinniethepooh, GM,2981,3060
vinnkratos, CM,2771,2857
vinodbhagwat1976, CM,2150,1961
vinodchess1981, CM,2105,2207
vinuka_wijerathna, CM,2471,2573
violetflower04, WCM,1690,1634
violord, GM,3121,3158
viper3m, NM,2287,2208
viraldus, IM,2806,2893
virgo15, GM,2673,2852
virre_firre, CM,2506,2506
viruschidai, CM,2031,2070
visa, CM,2210,2210
vishbutnotanand, CM,2154,2488
vishnuprasanna, GM,2674,2737
vision_64, WCM,2006,2006
visionqry, IM,2663,2673
viskop09, WFM,1683,1765
viswa_shaji, WCM,1736,1781
vitachess79, WIM,1920,1920
vitaliybernadskiy, GM,2702,2881
vitaliychayka, IM,2453,2460
vitarasik, GM,2303,2337
vitnik2020, NM,2257,2414
vitorbronson, NM,2503,2503
viviania, GM,2623,2623
viviheinrichs89, WCM,1727,1727
vizafogo, IM,2337,2380
vizumatv4hoda, GM,2920,2968
vjbaker, NM,2503,2706
vjecspec, CM,2549,2786
vjkarious, IM,2841,2841
vlad0924, NM,1966,2087
vlad10898, IM,2806,2882
vlad_akselrod, IM,2517,2650
vladasviridova, WFM,2279,2358
vladdobrov, GM,2815,2868
vladgoncharov, NM,2623,2621
vladimir_petrov, IM,2434,2474
vladimir_zakhartsov, GM,2896,3048
vladimirbelous, GM,2811,2903
vladimirbugayev, NM,2015,2098
vladimirminko, IM,2570,2663
vladimirsmirnov, IM,2586,2687
vladimirssvesnikovs, IM,2369,2349
vladislavkovalev, GM,2786,2848
vladjianu, GM,2707,2747
vladoboch, IM,2404,2489
vladyslav_puchka, NM,2408,2506
vlazinq, NM,2440,2540
vmd306, NM,2273,2520
vnamb, NM,1857,1886
vnebo, IM,2649,2574
vneimer, IM,2312,2612
vodkajunior4, CM,2095,2095
vohiraa, IM,2073,1956
voicelessfeather, NM,2109,2137
vojtastr, IM,2563,2452
vojtechplat, GM,2661,2750
volkanyirik, NM,2456,2639
volodar_murzin, GM,2968,2926
volodja49, GM,2304,2524
volodymyrmolyboha, NM,2431,2315
voltice, CM,2402,2665
volunteers1998, NM,1935,1935
volvo-ex90, CM,2321,2321
vonechess, CM,2357,2425
vorenus_lucius, GM,2364,2301
vovachesss, CM,2914,2945
vovan1991, GM,2836,2836
vovanchik0991, GM,2969,2969
vovkcoach, GM,2542,2655
vozlo, CM,2065,2281
vpantev, IM,2563,2729
vqbt-tpnd, NM,2636,2641
vqquyencft, CM,2246,2334
vrekhson, NM,2097,2157
vrml20, NM,2699,2796
vrolijk, GM,2768,2677
vrush_1310, WFM,2189,2341
vsaravanan, IM,1896,2205
vse_po_kaify, WFM,2137,2407
vserguei, GM,2465,2374
vtb-81, CM,2058,2072
vtdulmh, WFM,2235,2244
vugar_manafov, IM,2599,2652
vugarrasulov, GM,2963,3057
vuk2000, IM,2817,2917
vulcan_o, WCM,1010,1368
vusatiuk_vladimir, IM,2630,2651
vyacheslav_n, IM,2210,2438
vyotov, GM,2550,2728
vzmz, GM,2500,2311
w-buffalo, CM,2290,2253
w1lly_wonka, CM,2329,2354
w_amadeus, IM,2817,2667
wa172039, WFM,2174,2300
wabuti, WFM,1487,1560
wadsy27, IM,2661,2740
wagnerbi, CM,2011,2024
waldochess, NM,2058,2067
walijah27, WCM,1850,1454
walkingcreep, IM,2548,2398
walkinghobbit, NM,2168,2038
wallowss, WFM,2122,2279
wanderingknightly, GM,2620,2623
wanderingpuppet, NM,2703,2703
wang2007, NM,2326,2326
wang5ter, NM,2542,2542
wanmirrion, NM,1962,1977
wannabe2700, IM,2660,2718
wannabeblondie, WFM,2150,1673
want2lose, GM,3074,3074
wanvis, NM,2307,2426
waqas_ahmad, NM,1128,1492
warchess21, IM,2100,1884
warlordx, IM,2814,2773
warning_shots, CM,2336,2565
warotkananub, CM,2464,2524
washmachine, IM,2577,2703
waspofborneo, CM,2311,2476
waterfall055, CM,2601,2645
waterisgood1, IM,2677,2706
watermelonattackk, CM,2348,2535
watermelonclash, IM,2670,2825
wave333, WFM,2102,2102
waytoogeeked, NM,2625,2541
wcachess, IM,1820,1876
wcm-mexicana, WCM,2507,2533
wcmdominictoretto, WCM,1951,2025
wcmelw1, WCM,1647,1647
wcmsayunigihansa, WCM,1850,1476
wea_pawn, IM,2433,2353
weakandslowchess, CM,1898,1898
weareinluck, IM,2425,2501
weasy6, WFM,2097,2354
weebwithme, CM,2044,2064
weezhun93, CM,2597,2653
wenever28, NM,2018,2021
weng_pogi, GM,2353,2938
wenoname, IM,2120,2274
werkagabi, CM,2076,1389
werta08, WCM,1438,1794
wesalmoshtael, CM,2427,2638
wfanasta, WFM,2103,2213
wfm_sara_adel, WFM,2213,2395
wgmanna, WGM,2165,2229
wgmcarlaheredia, WGM,2151,2444
whalepineapple88, NM,2639,2639
whatisbynavshde, WFM,2125,2258
whatsuppppppxdd, IM,2601,2601
whatupy0dog, NM,2582,2705
whimsicaljam, CM,2194,1948
white_bull, NM,1650,2101
whitebishop097642, WIM,1651,2136
whitechocolate04, CM,2507,2568
whitedemon, IM,2439,2688
whitefalcon_2, WGM,2395,2497
whiteglovethief, IM,2503,2480
whiteknight2612, IM,2931,2934
whitelotus1923, GM,2809,2938
whiteoak, WIM,2325,2232
whiteshirt_boi, GM,2721,2759
whiz_x47, CM,2396,2592
whogeeyao, NM,2488,2630
wiciu492k, CM,2599,2655
widbifs, IM,3074,3074
widowmaker122, CM,2217,2233
wiily_wonka, CM,2623,2623
wiktoriapol, CM,2381,2393
wild_cat99, WIM,2627,2477
wildbizon, IM,2691,2728
wildcactus, WFM,2219,2225
wildcoyote2, NM,2138,2277
wildjoker2016, CM,2716,2716
wildontwitch, WFM,2493,2536
williamrdavis, NM,1847,2071
williembarreto, CM,2059,1911
willixm, NM,2672,2947
willyam13, IM,2604,2604
willychess95, IM,2511,2680
willzeitnot, NM,3100,3100
wilsonpalencia21, IM,2566,2577
wimannarudolph, WIM,2421,2561
windblowm, NM,2154,2004
winehouse83, NM,2612,2659
wingston, NM,1898,1945
winguselessking, IM,2562,2674
winme1ifucan, IM,2670,2702
winniethepooh04, WFM,1879,1890
winnietpooh, NM,1596,2013
winningboy1234, NM,2208,2311
winningbutnotreally, NM,2554,2658
winortilt, NM,2402,2416
winstonsilvakov, NM,2109,2214
wintervault, CM,2406,2435
winw1n, WGM,2182,2447
winw1n14, WCM,1550,1966
wisdomgame, WGM,2469,2519
wiselife66, NM,1979,1987
witaliss, IM,2165,2190
witty_alien, CM,2702,2715
wizard456, GM,2811,2898
wizardbar, IM,2555,2691
wizardof64, NM,2482,2548
wk_willianhille, NM,3102,3151
wnstop, IM,2792,2871
woalaa, IM,2788,2833
wohen2, CM,2149,2204
wolfbewwi, IM,3064,3183
wonderchampion, WCM,2082,2082
wonderful_switzerland, CM,2483,2530
wonderfuldino, GM,2612,2612
wonderfultime, GM,3119,3357
wongyc, CM,2144,2345
woodlandmagic, GM,2527,2616
woodpecker108, WCM,2176,2315
woodpusher52, NM,2873,3074
woodyland85, IM,2550,2285
woodywoodpecker007, NM,1991,2360
wookash888, CM,2100,2100
woolworthsmanly, IM,2595,2595
worcesteryork, IM,2302,2434
worldclass80, CM,2150,2150
worldwar66, GM,2754,2798
wormpaca, IM,2826,2826
worriedegg, IM,2911,3128
worse_than_tuka, IM,2807,2829
wotgenie, CM,2716,2766
wraku89, GM,2442,2760
wry-lopez, IM,1994,1862
wudileige, GM,3006,3059
wundersweiner, CM,2512,2543
wuyunfuyue, WCM,2218,2218
wyano, NM,2251,2354
wyharga, GM,2650,1977
wynnzawhtun82, IM,2507,2791
xadrezdojo, NM,2888,2934
xadrezparaense, CM,2364,2539
xalfonsod, CM,2299,2400
xamax2000, GM,2741,2867
xarthos, CM,2200,1823
xasid81, IM,2618,2632
xclaraax, WCM,1569,1701
xdb, IM,2337,2209
xdps, GM,2876,2982
xeih, NM,2172,2172
xena1911, IM,2406,2523
xeniya2005, WGM,2395,2508
xforuu, CM,1565,1565
xh4823, CM,2256,2256
xhlc, WFM,2024,2205
xiaokangzhong, CM,2320,2434
xiaopang123, WGM,1776,2406
xiaopuyi, IM,2771,2813
xiaotong2008, GM,3022,3066
xiaottt5164, NM,2463,2313
xiaqiabc1, CM,2274,2349
xibrianxi, NM,2455,2645
xilacorigami, NM,2627,2627
xingzhao, NM,1692,1600
xinrudaoge, NM,2355,2497
xizahk, WCM,2050,2087
xoaixanh, WFM,2298,2419
xozr, WFM,2111,2329
xpeterrly, CM,1559,1640
xrxcks, NM,2219,2442
xsenon054, WFM,2408,2420
xspiderwoman, WNM,2368,2402
xsu11, WGM,2338,2107
xswayzxc, NM,2506,2506
xtremchess, NM,2154,2215
xtrmntr78, IM,2761,2873
xurramid77, IM,2647,2737
xuyinglun, GM,2865,2820
xxpetroffsxx, CM,1469,1650
xxxwobblywombatxxx, GM,2915,2955
xxysoul6, GM,3057,3089
ya_coco_jamboo, CM,2792,2872
yaacovn, IM,2788,3033
yaboimars, CM,2305,2339
yahisalem, CM,1728,1788
yairparkhov, GM,2663,2711
yaleikachung, WFM,1895,1895
yamalchess, GM,2353,2230
yamoca, WCM,1526,1914
yandarus, IM,2367,2474
yandry1996, NM,2172,2378
yanghainan, IM,2564,2540
yanhob, IM,2425,2597
yanidze, NM,2583,2617
yannickpelletier, GM,2536,2623
yarebore2003, GM,3019,2879
yarigo, IM,2071,2209
yarikov_artem, CM,2305,2339
yaris9, WGM,2440,2488
yaristan92, CM,1639,1799
yarmmierule, WFM,2155,2609
yarosavich, IM,2682,2748
yas1365, CM,2150,1910
yase86, IM,2906,2927
yashami, WCM,402,1400
yatororen, GM,2508,2521
yawnpawn, CM,1690,1912
ybaozi, WFM,2094,2260
ybothg, NM,2632,2632
ychess6, WFM,1697,1708
ydinsiirto, NM,2078,2338
yek94, WFM,1894,1941
yellowjacek, IM,2097,2200
yellowmamba303, NM,2554,2691
yennefer1, WGM,2354,2477
yerturan, IM,2167,2017
yesilikeorangejuice, CM,2405,2450
yevhen_taranenko, NM,2441,2515
yfchess, IM,2600,2631
yifan0227, GM,2690,2782
yitongjianghu, CM,2368,2407
yiy1156, NM,2401,2251
yiyliyo, NM,2498,2670
yiyuki, IM,2605,2633
ykam78, IM,2517,2749
ykow, IM,2719,2814
ykow2, IM,2904,2944
ylr5000, IM,2387,2551
yluzzz, WCM,1900,1724
ymbi, CM,2386,2645
ymflb8hj43890rfjiwo93i, IM,2955,2968
ymoy, IM,2744,2760
yobdc, GM,2709,2755
yoda1992, NM,2622,2644
yoda2009, NM,2259,2259
yohankrokov, CM,2609,2768
yolec, NM,2401,2301
yolo419, NM,2071,2102
yolosz, CM,2301,2302
yonaltimur, CM,2511,2523
yopino, NM,2222,2233
yoredea, GM,2599,2726
yoriiiis, WCM,1993,2248
yosephtaher, IM,3081,3147
yoshikrov, NM,2208,2208
yottabyte97, IM,2762,2754
youforgottodoyourpuzzles, NM,2347,2438
youngdinousaur, CM,2139,2161
youngkid, GM,2955,3096
youngmegamind, FM,2483,2526
youngtal123, FM,2715,2728
younix2022, CM,1685,1998
youpod, CM,1369,2041
your_worst_nightmare_24-7, CM,2299,2360
yourpawnswithcoffee, CM,2232,1566
yoursillykitten, IM,2767,2751
youshallnotpass001, FM,2262,2595
yoyoggii, NM,2498,2657
yoyolol34, CM,2450,2500
ypradafah, FM,2529,2555
yqperez, GM,2592,2619
yrtimd, FM,2694,2718
yscavok, FM,2393,2475
yuhsin0828, WCM,1838,1918
yujiahao, FM,2738,2738
yujiarun18, WCM,2221,2235
yuki_chess123, FM,2160,2381
yuliagok, WFM,1666,1911
yuligmpro, CM,2539,2654
yumibear, WFM,2578,2583
yunker_alisa, WCM,2450,2450
yurasova_daria, WFM,2547,2667
yurasovmat-2012, FM,2587,2901
yuriykrykun, IM,2542,2578
yurovskykh_oleksandr, FM,2801,2893
yurygarifulin, CM,2525,2554
yuryshulman, GM,2277,2414
yushengxia, NM,2279,2129
yushko_olga, WFM,2057,2238
yusup_atabayev, GM,2822,2940
yusupatabayev, IM,2598,2501
yuuki-asuna, NM,2616,2685
yuwono, IM,2548,2771
yy2324, NM,2467,2467
yyaroslavchess2010, NM,2585,2585
yyds123, IM,2473,2516
z_legendisback, CM,2554,2555
zabdumalik, GM,2629,2691
zabivol_mc, IM,2533,2698
zablotsky, GM,2415,2501
zacachess, FM,2275,2311
zachhkl, NM,2248,2403
zackyyd, FM,2775,2887
zaczel, GM,2692,2542
zadar321, FM,2359,2601
zaguer, FM,2108,2108
zaidejaschegis, NM,1809,2296
zainabma, WCM,1657,1924
zaineb218, WCM,869,1209
zainullina_nataliya, WFM,1866,2121
zajdanek, IM,2091,2433
zajka-molotok, IM,2457,2590
zakharka, IM,1925,2344
zakiasultana, WFM,1568,1959
zakinilay2306, FM,2493,2526
zala02, WIM,2157,2157
zallio, CM,2243,2350
zampronha1971, NM,2219,2275
zanbato17, NM,2607,2624
zane33, NM,1877,2006
zankyou-2024, WCM,1860,2030
zano2023, CM,2094,2136
zanyglobal, GM,2787,2787
zapateado, NM,2405,2499
zapheiros, CM,2307,2438
zaphenathpaneah, NM,2015,2160
zaqnation, CM,2013,2157
zarinashafigullina, WFM,2204,2268
zarinur, WFM,2413,2489
zarnovsky, CM,2169,2177
zaro1309, FM,2023,2319
zarubitski, IM,2520,2388
zashibeatles, FM,2177,2177
zatonskihanna, IM,2508,2567
zaur-mammadov, GM,2725,2725
zaven_chessmood, GM,2891,2912
zavgorodniy_serg, IM,2528,2715
zavgorodniy_sergiy, IM,2434,2728
zawwan27, FM,2267,2300
zayneelzein2011, CM,2582,2671
zazuliak, FM,2753,2753
zbigas, NM,2367,2474
zcorrales, WIM,2184,2297
zdavid12, FM,2328,2313
zdorovegor2011, CM,2617,2724
ze-pequeno, FM,2290,2140
zeberro, FM,2404,2511
zecapi, NM,2102,2295
zeck_ch, CM,2611,2648
zedskyx, WFM,2175,2296
zeebraa, FM,2204,2204
zeeduin, GM,2786,2908
zeeuwke, FM,2228,2359
zeitnot593, CM,2200,2451
zeizer, IM,2364,2332
zelenkacourt, FM,2272,2122
zelfmat76, FM,2106,2160
zemerovv, IM,1531,2300
zen-22, IM,2039,2573
zenbull, CM,2150,1570
zenekritikus04, CM,2510,2565
zenitushka, NM,2178,2410
zenonofcitium, FM,2284,2324
zenosparadox, NM,1435,1540
zenzo, FM,2603,2706
zeyduru2012, WCM,2496,2413
zeynal195, FM,1971,2360
zezacarias, NM,2033,2104
zgorl, FM,2678,2840
zhalmakhanov_ramazan, GM,2876,2957
zhangbigpeng, FM,2450,2580
zhani-z, IM,2316,2675
zheka1980, IM,2210,2210
zhekoylas, IM,2242,2335
zherom71, FM,2619,2610
zhigalko_sergei, GM,3051,3256
zhuban, FM,2031,1800
zhuu96, GM,2822,3012
ziachess74, GM,2650,2512
zig_zag_zug_zwang, FM,2496,2560
ziga87, CM,2400,1523
zigwurst, NM,2085,2332
zigzag2002, NM,2808,2803
zim0ne, IM,2263,2570
zimmm36, IM,2689,2664
zirafa1, GM,2577,2503
zitelo, FM,2492,2243
zivicd, FM,2249,2266
zivkovicn, IM,2657,2766
ziyamammadov, CM,2303,2319
zizageantpawn, FM,2394,2363
zkid, GM,2901,2805
zkman, NM,2040,2124
zlatfm2, FM,2443,2636
zmarian, NM,1952,2255
zmeeed63, WFM,2267,2374
zmeeed67, IM,2673,2744
zmeusor, NM,2119,2234
zmof, FM,2193,2372
zocpoc71, FM,2207,2576
zoffy13, FM,2360,2210
zolidernas, FM,2709,2783
zoltanchef, FM,1935,2271
zona1, GM,2102,2083
zoombii, FM,2266,2116
zoqte, FM,2454,2552
zoranp, IM,2582,2796
zoranpe, IM,2570,2636
zoraveid, NM,2710,2710
zorbos, FM,2577,2791
zozik, FM,1876,2363
zq1, GM,2018,2594
zsa949857231, FM,2775,2775
zsoltkorpics, FM,1858,1858
zubridis, GM,2224,2481
zubrrr, IM,2881,2906
zuchbolt, FM,2279,2345
zufi1811, IM,2150,2000
zugazuando, GM,1865,2645
zugzwang1201, CM,2593,2617
zukertortsghost, NM,2215,2636
zulfikarsali_pcap, NM,2156,2248
zumpili, FM,2458,2782
zura_19, IM,2649,2677
zuraazmai, GM,2730,2844
zurability, IM,2902,2958
zurabnikolishvili, CM,2267,2371
zuramik, FM,2534,2391
zuratqebuchava, IM,1057,1048
zurzan, NM,1910,1985
zutragg, NM,1987,2217
zuzanak, WFM,1830,2024
zuzannaklara, WCM,1901,2044
zvaigznite, WGM,2252,2048
zverevlev, IM,2654,2666
zverr1, CM,2651,2733
zvonokchess1996, GM,3000,3035
zwilling0, CM,2394,2436
zydraxx1, IM,2482,2482
zywoo_awp, NM,2300,2310
zyxon, FM,2620,2637
zzoom, NM,2409,2409
zzww18, NM,2752,2910
